Copyright 1986-2018 Xilinx, Inc. All Rights Reserved.
--------------------------------------------------------------------------------------------------------------------------------------------------------------------------------------------------
| Tool Version : Vivado v.2018.3 (win64) Build 2405991 Thu Dec  6 23:38:27 MST 2018
| Date         : Thu Mar 26 21:14:07 2026
| Host         : kaihuaxc running 64-bit major release  (build 9200)
| Command      : report_timing_summary -max_paths 10 -file fcbrt_top_timing_summary_routed.rpt -pb fcbrt_top_timing_summary_routed.pb -rpx fcbrt_top_timing_summary_routed.rpx -warn_on_violation
| Design       : fcbrt_top
| Device       : 7a100t-csg324
| Speed File   : -3  PRODUCTION 1.23 2018-06-13
--------------------------------------------------------------------------------------------------------------------------------------------------------------------------------------------------

Timing Summary Report

------------------------------------------------------------------------------------------------
| Timer Settings
| --------------
------------------------------------------------------------------------------------------------

  Enable Multi Corner Analysis               :  Yes
  Enable Pessimism Removal                   :  Yes
  Pessimism Removal Resolution               :  Nearest Common Node
  Enable Input Delay Default Clock           :  No
  Enable Preset / Clear Arcs                 :  No
  Disable Flight Delays                      :  No
  Ignore I/O Paths                           :  No
  Timing Early Launch at Borrowing Latches   :  false

  Corner  Analyze    Analyze    
  Name    Max Paths  Min Paths  
  ------  ---------  ---------  
  Slow    Yes        Yes        
  Fast    Yes        Yes        



check_timing report

Table of Contents
-----------------
1. checking no_clock
2. checking constant_clock
3. checking pulse_width_clock
4. checking unconstrained_internal_endpoints
5. checking no_input_delay
6. checking no_output_delay
7. checking multiple_clock
8. checking generated_clocks
9. checking loops
10. checking partial_input_delay
11. checking partial_output_delay
12. checking latch_loops

1. checking no_clock
--------------------
 There are 63 register/latch pins with no clock driven by root clock pin: fmt_sel_i (HIGH)


2. checking constant_clock
--------------------------
 There are 0 register/latch pins with constant_clock.


3. checking pulse_width_clock
-----------------------------
 There are 0 register/latch pins which need pulse_width check


4. checking unconstrained_internal_endpoints
--------------------------------------------
 There are 63 pins that are not constrained for maximum delay. (HIGH)

 There are 0 pins that are not constrained for maximum delay due to constant clock.


5. checking no_input_delay
--------------------------
 There are 67 input ports with no input delay specified. (HIGH)

 There are 0 input ports with no input delay but user has a false path constraint.


6. checking no_output_delay
---------------------------
 There are 66 ports with no output delay specified. (HIGH)

 There are 0 ports with no output delay but user has a false path constraint

 There are 0 ports with no output delay but with a timing clock defined on it or propagating through it


7. checking multiple_clock
--------------------------
 There are 0 register/latch pins with multiple clocks.


8. checking generated_clocks
----------------------------
 There are 0 generated clocks that are not connected to a clock source.


9. checking loops
-----------------
 There are 0 combinational loops in the design.


10. checking partial_input_delay
--------------------------------
 There are 0 input ports with partial input delay specified.


11. checking partial_output_delay
---------------------------------
 There are 0 ports with partial output delay specified.


12. checking latch_loops
------------------------
 There are 0 combinational latch loops in the design through latch input



------------------------------------------------------------------------------------------------
| Design Timing Summary
| ---------------------
------------------------------------------------------------------------------------------------

    WNS(ns)      TNS(ns)  TNS Failing Endpoints  TNS Total Endpoints      WHS(ns)      THS(ns)  THS Failing Endpoints  THS Total Endpoints     WPWS(ns)     TPWS(ns)  TPWS Failing Endpoints  TPWS Total Endpoints  
    -------      -------  ---------------------  -------------------      -------      -------  ---------------------  -------------------     --------     --------  ----------------------  --------------------  
     -6.595    -4378.449                   1648                 1909        0.133        0.000                      0                 1909        2.000        0.000                       0                   986  


Timing constraints are not met.


------------------------------------------------------------------------------------------------
| Clock Summary
| -------------
------------------------------------------------------------------------------------------------

Clock  Waveform(ns)         Period(ns)      Frequency(MHz)
-----  ------------         ----------      --------------
clk    {0.000 2.500}        5.000           200.000         


------------------------------------------------------------------------------------------------
| Intra Clock Table
| -----------------
------------------------------------------------------------------------------------------------

Clock             WNS(ns)      TNS(ns)  TNS Failing Endpoints  TNS Total Endpoints      WHS(ns)      THS(ns)  THS Failing Endpoints  THS Total Endpoints     WPWS(ns)     TPWS(ns)  TPWS Failing Endpoints  TPWS Total Endpoints  
-----             -------      -------  ---------------------  -------------------      -------      -------  ---------------------  -------------------     --------     --------  ----------------------  --------------------  
clk                -6.595    -4378.449                   1648                 1909        0.133        0.000                      0                 1909        2.000        0.000                       0                   986  


------------------------------------------------------------------------------------------------
| Inter Clock Table
| -----------------
------------------------------------------------------------------------------------------------

From Clock    To Clock          WNS(ns)      TNS(ns)  TNS Failing Endpoints  TNS Total Endpoints      WHS(ns)      THS(ns)  THS Failing Endpoints  THS Total Endpoints  
----------    --------          -------      -------  ---------------------  -------------------      -------      -------  ---------------------  -------------------  


------------------------------------------------------------------------------------------------
| Other Path Groups Table
| -----------------------
------------------------------------------------------------------------------------------------

Path Group    From Clock    To Clock          WNS(ns)      TNS(ns)  TNS Failing Endpoints  TNS Total Endpoints      WHS(ns)      THS(ns)  THS Failing Endpoints  THS Total Endpoints  
----------    ----------    --------          -------      -------  ---------------------  -------------------      -------      -------  ---------------------  -------------------  


------------------------------------------------------------------------------------------------
| Timing Details
| --------------
------------------------------------------------------------------------------------------------


---------------------------------------------------------------------------------------------------
From Clock:  clk
  To Clock:  clk

Setup :         1648  Failing Endpoints,  Worst Slack       -6.595ns,  Total Violation    -4378.449ns
Hold  :            0  Failing Endpoints,  Worst Slack        0.133ns,  Total Violation        0.000ns
PW    :            0  Failing Endpoints,  Worst Slack        2.000ns,  Total Violation        0.000ns
---------------------------------------------------------------------------------------------------


Max Delay Paths
--------------------------------------------------------------------------------------
Slack (VIOLATED) :        -6.595ns  (required time - arrival time)
  Source:                 u_fcbrt_core/S_Square_c_Reg_Prev_reg[2]/C
                            (rising edge-triggered cell FDCE clocked by clk  {rise@0.000ns fall@2.500ns period=5.000ns})
  Destination:            u_fcbrt_core/Residual_s_Reg_reg[23]/D
                            (rising edge-triggered cell FDCE clocked by clk  {rise@0.000ns fall@2.500ns period=5.000ns})
  Path Group:             clk
  Path Type:              Setup (Max at Slow Process Corner)
  Requirement:            5.000ns  (clk rise@5.000ns - clk rise@0.000ns)
  Data Path Delay:        11.524ns  (logic 5.369ns (46.589%)  route 6.155ns (53.411%))
  Logic Levels:           43  (CARRY4=30 LUT2=1 LUT3=3 LUT5=4 LUT6=5)
  Clock Path Skew:        -0.105ns (DCD - SCD + CPR)
    Destination Clock Delay (DCD):    3.324ns = ( 8.324 - 5.000 ) 
    Source Clock Delay      (SCD):    3.652ns
    Clock Pessimism Removal (CPR):    0.223ns
  Clock Uncertainty:      0.035ns  ((TSJ^2 + TIJ^2)^1/2 + DJ) / 2 + PE
    Total System Jitter     (TSJ):    0.071ns
    Total Input Jitter      (TIJ):    0.000ns
    Discrete Jitter          (DJ):    0.000ns
    Phase Error              (PE):    0.000ns

    Location             Delay type                Incr(ns)  Path(ns)    Netlist Resource(s)
  -------------------------------------------------------------------    -------------------
                         (clock clk rise edge)        0.000     0.000 r  
    D15                                               0.000     0.000 r  clk_i (IN)
                         net (fo=0)                   0.000     0.000    clk_i
    D15                  IBUF (Prop_ibuf_I_O)         0.818     0.818 r  clk_i_IBUF_inst/O
                         net (fo=1, routed)           1.517     2.335    clk_i_IBUF
    BUFGCTRL_X0Y16       BUFG (Prop_bufg_I_O)         0.076     2.411 r  clk_i_IBUF_BUFG_inst/O
                         net (fo=985, routed)         1.242     3.652    u_fcbrt_core/clk_i_IBUF_BUFG
    SLICE_X57Y62         FDCE                                         r  u_fcbrt_core/S_Square_c_Reg_Prev_reg[2]/C
  -------------------------------------------------------------------    -------------------
    SLICE_X57Y62         FDCE (Prop_fdce_C_Q)         0.313     3.965 r  u_fcbrt_core/S_Square_c_Reg_Prev_reg[2]/Q
                         net (fo=1, routed)           0.302     4.267    u_fcbrt_core/S_Square_c_Reg_Prev_reg_n_0_[2]
    SLICE_X56Y61         LUT2 (Prop_lut2_I1_O)        0.215     4.482 r  u_fcbrt_core/S_sel_o1__5_carry_i_148/O
                         net (fo=1, routed)           0.000     4.482    u_fcbrt_core/S_sel_o1__5_carry_i_148_n_0
    SLICE_X56Y61         CARRY4 (Prop_carry4_S[1]_CO[3])
                                                      0.402     4.884 r  u_fcbrt_core/S_sel_o1__5_carry_i_141/CO[3]
                         net (fo=1, routed)           0.000     4.884    u_fcbrt_core/S_sel_o1__5_carry_i_141_n_0
    SLICE_X56Y62         CARRY4 (Prop_carry4_CI_CO[3])
                                                      0.092     4.976 r  u_fcbrt_core/S_sel_o1__5_carry_i_136/CO[3]
                         net (fo=1, routed)           0.000     4.976    u_fcbrt_core/S_sel_o1__5_carry_i_136_n_0
    SLICE_X56Y63         CARRY4 (Prop_carry4_CI_CO[3])
                                                      0.092     5.068 r  u_fcbrt_core/S_sel_o1__5_carry_i_131/CO[3]
                         net (fo=1, routed)           0.000     5.068    u_fcbrt_core/S_sel_o1__5_carry_i_131_n_0
    SLICE_X56Y64         CARRY4 (Prop_carry4_CI_CO[3])
                                                      0.092     5.160 r  u_fcbrt_core/S_sel_o1__5_carry_i_126/CO[3]
                         net (fo=1, routed)           0.000     5.160    u_fcbrt_core/S_sel_o1__5_carry_i_126_n_0
    SLICE_X56Y65         CARRY4 (Prop_carry4_CI_CO[3])
                                                      0.092     5.252 r  u_fcbrt_core/S_sel_o1__5_carry_i_121/CO[3]
                         net (fo=1, routed)           0.000     5.252    u_fcbrt_core/S_sel_o1__5_carry_i_121_n_0
    SLICE_X56Y66         CARRY4 (Prop_carry4_CI_CO[3])
                                                      0.092     5.344 r  u_fcbrt_core/S_sel_o1__5_carry_i_116/CO[3]
                         net (fo=1, routed)           0.000     5.344    u_fcbrt_core/S_sel_o1__5_carry_i_116_n_0
    SLICE_X56Y67         CARRY4 (Prop_carry4_CI_CO[3])
                                                      0.092     5.436 r  u_fcbrt_core/S_sel_o1__5_carry_i_111/CO[3]
                         net (fo=1, routed)           0.000     5.436    u_fcbrt_core/S_sel_o1__5_carry_i_111_n_0
    SLICE_X56Y68         CARRY4 (Prop_carry4_CI_CO[3])
                                                      0.092     5.528 r  u_fcbrt_core/S_sel_o1__5_carry_i_106/CO[3]
                         net (fo=1, routed)           0.000     5.528    u_fcbrt_core/S_sel_o1__5_carry_i_106_n_0
    SLICE_X56Y69         CARRY4 (Prop_carry4_CI_CO[3])
                                                      0.092     5.620 r  u_fcbrt_core/S_sel_o1__5_carry_i_101/CO[3]
                         net (fo=1, routed)           0.000     5.620    u_fcbrt_core/S_sel_o1__5_carry_i_101_n_0
    SLICE_X56Y70         CARRY4 (Prop_carry4_CI_CO[3])
                                                      0.092     5.712 r  u_fcbrt_core/S_sel_o1__5_carry_i_96/CO[3]
                         net (fo=1, routed)           0.000     5.712    u_fcbrt_core/S_sel_o1__5_carry_i_96_n_0
    SLICE_X56Y71         CARRY4 (Prop_carry4_CI_CO[3])
                                                      0.092     5.804 r  u_fcbrt_core/S_sel_o1__5_carry_i_91/CO[3]
                         net (fo=1, routed)           0.000     5.804    u_fcbrt_core/S_sel_o1__5_carry_i_91_n_0
    SLICE_X56Y72         CARRY4 (Prop_carry4_CI_CO[3])
                                                      0.092     5.896 r  u_fcbrt_core/S_sel_o1__5_carry_i_86/CO[3]
                         net (fo=1, routed)           0.000     5.896    u_fcbrt_core/S_sel_o1__5_carry_i_86_n_0
    SLICE_X56Y73         CARRY4 (Prop_carry4_CI_CO[3])
                                                      0.092     5.988 r  u_fcbrt_core/S_sel_o1__5_carry_i_81/CO[3]
                         net (fo=1, routed)           0.000     5.988    u_fcbrt_core/S_sel_o1__5_carry_i_81_n_0
    SLICE_X56Y74         CARRY4 (Prop_carry4_CI_CO[3])
                                                      0.092     6.080 r  u_fcbrt_core/S_sel_o1__5_carry_i_76/CO[3]
                         net (fo=1, routed)           0.007     6.088    u_fcbrt_core/S_sel_o1__5_carry_i_76_n_0
    SLICE_X56Y75         CARRY4 (Prop_carry4_CI_CO[3])
                                                      0.092     6.180 r  u_fcbrt_core/S_sel_o1__5_carry_i_71/CO[3]
                         net (fo=1, routed)           0.000     6.180    u_fcbrt_core/S_sel_o1__5_carry_i_71_n_0
    SLICE_X56Y76         CARRY4 (Prop_carry4_CI_CO[3])
                                                      0.092     6.272 r  u_fcbrt_core/S_sel_o1__5_carry_i_66/CO[3]
                         net (fo=1, routed)           0.000     6.272    u_fcbrt_core/S_sel_o1__5_carry_i_66_n_0
    SLICE_X56Y77         CARRY4 (Prop_carry4_CI_CO[3])
                                                      0.092     6.364 r  u_fcbrt_core/S_sel_o1__5_carry_i_61/CO[3]
                         net (fo=1, routed)           0.000     6.364    u_fcbrt_core/S_sel_o1__5_carry_i_61_n_0
    SLICE_X56Y78         CARRY4 (Prop_carry4_CI_CO[3])
                                                      0.092     6.456 r  u_fcbrt_core/S_sel_o1__5_carry_i_56/CO[3]
                         net (fo=1, routed)           0.000     6.456    u_fcbrt_core/S_sel_o1__5_carry_i_56_n_0
    SLICE_X56Y79         CARRY4 (Prop_carry4_CI_CO[3])
                                                      0.092     6.548 r  u_fcbrt_core/S_sel_o1__5_carry_i_51/CO[3]
                         net (fo=1, routed)           0.000     6.548    u_fcbrt_core/S_sel_o1__5_carry_i_51_n_0
    SLICE_X56Y80         CARRY4 (Prop_carry4_CI_CO[3])
                                                      0.092     6.640 r  u_fcbrt_core/S_sel_o1__5_carry_i_46/CO[3]
                         net (fo=1, routed)           0.000     6.640    u_fcbrt_core/S_sel_o1__5_carry_i_46_n_0
    SLICE_X56Y81         CARRY4 (Prop_carry4_CI_CO[3])
                                                      0.092     6.732 r  u_fcbrt_core/S_sel_o1__5_carry_i_41/CO[3]
                         net (fo=1, routed)           0.000     6.732    u_fcbrt_core/S_sel_o1__5_carry_i_41_n_0
    SLICE_X56Y82         CARRY4 (Prop_carry4_CI_CO[3])
                                                      0.092     6.824 r  u_fcbrt_core/S_sel_o1__5_carry_i_36/CO[3]
                         net (fo=1, routed)           0.000     6.824    u_fcbrt_core/S_sel_o1__5_carry_i_36_n_0
    SLICE_X56Y83         CARRY4 (Prop_carry4_CI_CO[3])
                                                      0.092     6.916 r  u_fcbrt_core/S_sel_o1__5_carry_i_31/CO[3]
                         net (fo=1, routed)           0.000     6.916    u_fcbrt_core/S_sel_o1__5_carry_i_31_n_0
    SLICE_X56Y84         CARRY4 (Prop_carry4_CI_CO[3])
                                                      0.092     7.008 r  u_fcbrt_core/S_sel_o1__5_carry_i_26/CO[3]
                         net (fo=1, routed)           0.000     7.008    u_fcbrt_core/S_sel_o1__5_carry_i_26_n_0
    SLICE_X56Y85         CARRY4 (Prop_carry4_CI_CO[3])
                                                      0.092     7.100 r  u_fcbrt_core/S_sel_o1__5_carry_i_21/CO[3]
                         net (fo=1, routed)           0.000     7.100    u_fcbrt_core/S_sel_o1__5_carry_i_21_n_0
    SLICE_X56Y86         CARRY4 (Prop_carry4_CI_CO[3])
                                                      0.092     7.192 r  u_fcbrt_core/S_sel_o1__5_carry_i_16/CO[3]
                         net (fo=1, routed)           0.000     7.192    u_fcbrt_core/S_sel_o1__5_carry_i_16_n_0
    SLICE_X56Y87         CARRY4 (Prop_carry4_CI_CO[3])
                                                      0.092     7.284 r  u_fcbrt_core/S_sel_o1__5_carry_i_11/CO[3]
                         net (fo=1, routed)           0.000     7.284    u_fcbrt_core/S_sel_o1__5_carry_i_11_n_0
    SLICE_X56Y88         CARRY4 (Prop_carry4_CI_CO[3])
                                                      0.092     7.376 r  u_fcbrt_core/S_sel_o1__5_carry_i_9/CO[3]
                         net (fo=13, routed)          0.636     8.011    u_fcbrt_core/u_fcbrt_Ssel/S_Square_Prev[0]
    SLICE_X58Y89         LUT5 (Prop_lut5_I4_O)        0.097     8.108 f  u_fcbrt_core/u_fcbrt_Ssel/S_sel_o1_carry_i_9/O
                         net (fo=8, routed)           0.346     8.454    u_fcbrt_core/u_fcbrt_Ssel/S_sel_o1_carry_i_9_n_0
    SLICE_X58Y87         LUT3 (Prop_lut3_I0_O)        0.097     8.551 r  u_fcbrt_core/u_fcbrt_Ssel/S_sel_o1__15_carry_i_5/O
                         net (fo=1, routed)           0.000     8.551    u_fcbrt_core/u_fcbrt_Ssel/S_sel_o1__15_carry_i_5_n_0
    SLICE_X58Y87         CARRY4 (Prop_carry4_S[3]_CO[3])
                                                      0.284     8.835 r  u_fcbrt_core/u_fcbrt_Ssel/S_sel_o1__15_carry/CO[3]
                         net (fo=1, routed)           0.000     8.835    u_fcbrt_core/u_fcbrt_Ssel/S_sel_o1__15_carry_n_0
    SLICE_X58Y88         CARRY4 (Prop_carry4_CI_CO[0])
                                                      0.184     9.019 r  u_fcbrt_core/u_fcbrt_Ssel/S_sel_o1__15_carry__0/CO[0]
                         net (fo=5, routed)           0.451     9.470    u_fcbrt_core/u_fcbrt_Ssel/S_sel_o1__15_carry__0_n_3
    SLICE_X59Y90         LUT6 (Prop_lut6_I2_O)        0.262     9.732 f  u_fcbrt_core/u_fcbrt_Ssel/s_sel_Reg[0]_i_5/O
                         net (fo=3, routed)           0.116     9.849    u_fcbrt_core/u_fcbrt_Ssel/s_sel_Reg[0]_i_5_n_0
    SLICE_X59Y90         LUT5 (Prop_lut5_I4_O)        0.097     9.946 r  u_fcbrt_core/u_fcbrt_Ssel/s_sel_Reg[0]_i_2/O
                         net (fo=426, routed)         0.669    10.615    u_fcbrt_core/u_fcbrt_Ssel/Residual_c_Reg_reg[115]
    SLICE_X61Y87         LUT6 (Prop_lut6_I5_O)        0.097    10.712 r  u_fcbrt_core/u_fcbrt_Ssel/Residual_s_Reg[54]_i_20/O
                         net (fo=9, routed)           0.497    11.210    u_fcbrt_core/u_fcbrt_Ssel/Residual_s_Reg[54]_i_20_n_0
    SLICE_X62Y87         LUT5 (Prop_lut5_I0_O)        0.097    11.307 r  u_fcbrt_core/u_fcbrt_Ssel/Residual_s_Reg[42]_i_19/O
                         net (fo=4, routed)           0.691    11.997    u_fcbrt_core/u_fcbrt_Ssel/Residual_s_Reg[42]_i_19_n_0
    SLICE_X62Y83         LUT3 (Prop_lut3_I2_O)        0.097    12.094 r  u_fcbrt_core/u_fcbrt_Ssel/Residual_s_Reg[26]_i_17/O
                         net (fo=1, routed)           0.312    12.406    u_fcbrt_core/u_fcbrt_Ssel/Residual_s_Reg[26]_i_17_n_0
    SLICE_X64Y84         LUT6 (Prop_lut6_I5_O)        0.097    12.503 r  u_fcbrt_core/u_fcbrt_Ssel/Residual_s_Reg[26]_i_14/O
                         net (fo=5, routed)           0.675    13.178    u_fcbrt_core/u_fcbrt_Ssel/u_fcbrt_Residual_r4/Residual_B1_sel[19]
    SLICE_X58Y77         LUT3 (Prop_lut3_I1_O)        0.102    13.280 r  u_fcbrt_core/u_fcbrt_Ssel/Residual_s_Reg[26]_i_10/O
                         net (fo=2, routed)           0.439    13.719    u_fcbrt_core/u_fcbrt_Residual_r4/u_Residual_mid2_0/c1_raw[7]
    SLICE_X54Y77         LUT5 (Prop_lut5_I4_O)        0.250    13.969 r  u_fcbrt_core/u_fcbrt_Residual_r4/u_Residual_mid2_0/i_/Residual_s_Reg[25]_i_10/O
                         net (fo=3, routed)           0.424    14.393    u_fcbrt_core/u_fcbrt_Ssel/Residual_s_Reg_reg[23]_0
    SLICE_X50Y77         LUT6 (Prop_lut6_I5_O)        0.097    14.490 r  u_fcbrt_core/u_fcbrt_Ssel/Residual_s_Reg[23]_i_2/O
                         net (fo=2, routed)           0.589    15.079    u_fcbrt_core/u_fcbrt_Ssel/Residual_s_Reg[23]_i_2_n_0
    SLICE_X50Y77         LUT6 (Prop_lut6_I1_O)        0.097    15.176 r  u_fcbrt_core/u_fcbrt_Ssel/Residual_s_Reg[23]_i_1/O
                         net (fo=1, routed)           0.000    15.176    u_fcbrt_core/u_fcbrt_Ssel_n_205
    SLICE_X50Y77         FDCE                                         r  u_fcbrt_core/Residual_s_Reg_reg[23]/D
  -------------------------------------------------------------------    -------------------

                         (clock clk rise edge)        5.000     5.000 r  
    D15                                               0.000     5.000 r  clk_i (IN)
                         net (fo=0)                   0.000     5.000    clk_i
    D15                  IBUF (Prop_ibuf_I_O)         0.686     5.686 r  clk_i_IBUF_inst/O
                         net (fo=1, routed)           1.435     7.121    clk_i_IBUF
    BUFGCTRL_X0Y16       BUFG (Prop_bufg_I_O)         0.072     7.193 r  clk_i_IBUF_BUFG_inst/O
                         net (fo=985, routed)         1.131     8.324    u_fcbrt_core/clk_i_IBUF_BUFG
    SLICE_X50Y77         FDCE                                         r  u_fcbrt_core/Residual_s_Reg_reg[23]/C
                         clock pessimism              0.223     8.548    
                         clock uncertainty           -0.035     8.512    
    SLICE_X50Y77         FDCE (Setup_fdce_C_D)        0.069     8.581    u_fcbrt_core/Residual_s_Reg_reg[23]
  -------------------------------------------------------------------
                         required time                          8.581    
                         arrival time                         -15.176    
  -------------------------------------------------------------------
                         slack                                 -6.595    

Slack (VIOLATED) :        -6.536ns  (required time - arrival time)
  Source:                 u_fcbrt_preprocess/start_P_reg/C
                            (rising edge-triggered cell FDCE clocked by clk  {rise@0.000ns fall@2.500ns period=5.000ns})
  Destination:            u_fcbrt_core/Residual_s_Reg_reg[116]/D
                            (rising edge-triggered cell FDCE clocked by clk  {rise@0.000ns fall@2.500ns period=5.000ns})
  Path Group:             clk
  Path Type:              Setup (Max at Slow Process Corner)
  Requirement:            5.000ns  (clk rise@5.000ns - clk rise@0.000ns)
  Data Path Delay:        11.430ns  (logic 3.467ns (30.332%)  route 7.963ns (69.668%))
  Logic Levels:           21  (CARRY4=5 LUT2=2 LUT4=1 LUT5=8 LUT6=5)
  Clock Path Skew:        -0.103ns (DCD - SCD + CPR)
    Destination Clock Delay (DCD):    3.331ns = ( 8.331 - 5.000 ) 
    Source Clock Delay      (SCD):    3.657ns
    Clock Pessimism Removal (CPR):    0.223ns
  Clock Uncertainty:      0.035ns  ((TSJ^2 + TIJ^2)^1/2 + DJ) / 2 + PE
    Total System Jitter     (TSJ):    0.071ns
    Total Input Jitter      (TIJ):    0.000ns
    Discrete Jitter          (DJ):    0.000ns
    Phase Error              (PE):    0.000ns

    Location             Delay type                Incr(ns)  Path(ns)    Netlist Resource(s)
  -------------------------------------------------------------------    -------------------
                         (clock clk rise edge)        0.000     0.000 r  
    D15                                               0.000     0.000 r  clk_i (IN)
                         net (fo=0)                   0.000     0.000    clk_i
    D15                  IBUF (Prop_ibuf_I_O)         0.818     0.818 r  clk_i_IBUF_inst/O
                         net (fo=1, routed)           1.517     2.335    clk_i_IBUF
    BUFGCTRL_X0Y16       BUFG (Prop_bufg_I_O)         0.076     2.411 r  clk_i_IBUF_BUFG_inst/O
                         net (fo=985, routed)         1.247     3.657    u_fcbrt_preprocess/clk_i_IBUF_BUFG
    SLICE_X47Y89         FDCE                                         r  u_fcbrt_preprocess/start_P_reg/C
  -------------------------------------------------------------------    -------------------
    SLICE_X47Y89         FDCE (Prop_fdce_C_Q)         0.341     3.998 f  u_fcbrt_preprocess/start_P_reg/Q
                         net (fo=61, routed)          0.429     4.427    u_fcbrt_preprocess/start_dly_o
    SLICE_X43Y90         LUT2 (Prop_lut2_I0_O)        0.097     4.524 f  u_fcbrt_preprocess/diff10_carry__2_i_2/O
                         net (fo=114, routed)         0.861     5.385    u_fcbrt_preprocess/start_P_reg_5
    SLICE_X46Y92         LUT2 (Prop_lut2_I1_O)        0.097     5.482 r  u_fcbrt_preprocess/diff2_carry__1_i_5/O
                         net (fo=1, routed)           0.000     5.482    u_fcbrt_core/u_fcbrt_ML_PLAC/rounded_sum_carry__1_i_18_6[2]
    SLICE_X46Y92         CARRY4 (Prop_carry4_S[2]_CO[3])
                                                      0.286     5.768 r  u_fcbrt_core/u_fcbrt_ML_PLAC/diff2_carry__1/CO[3]
                         net (fo=19, routed)          0.862     6.631    u_fcbrt_core/u_fcbrt_ML_PLAC/mant_norm_P_reg[54]_11[0]
    SLICE_X46Y93         LUT5 (Prop_lut5_I0_O)        0.097     6.728 r  u_fcbrt_core/u_fcbrt_ML_PLAC/rounded_sum_carry_i_80/O
                         net (fo=1, routed)           0.197     6.924    u_fcbrt_core/u_fcbrt_ML_PLAC/rounded_sum_carry_i_80_n_0
    SLICE_X47Y93         LUT5 (Prop_lut5_I0_O)        0.097     7.021 r  u_fcbrt_core/u_fcbrt_ML_PLAC/rounded_sum_carry_i_53/O
                         net (fo=21, routed)          0.569     7.590    u_fcbrt_preprocess/rounded_sum_carry_i_35_1
    SLICE_X47Y93         LUT5 (Prop_lut5_I3_O)        0.097     7.687 r  u_fcbrt_preprocess/rounded_sum_carry_i_77/O
                         net (fo=4, routed)           0.416     8.104    u_fcbrt_preprocess/rounded_sum_carry_i_77_n_0
    SLICE_X48Y93         LUT5 (Prop_lut5_I1_O)        0.113     8.217 f  u_fcbrt_preprocess/rounded_sum_carry_i_56/O
                         net (fo=3, routed)           0.627     8.843    u_fcbrt_preprocess/rounded_sum_carry_i_56_n_0
    SLICE_X48Y93         LUT6 (Prop_lut6_I2_O)        0.247     9.090 r  u_fcbrt_preprocess/rounded_sum_carry_i_35/O
                         net (fo=2, routed)           0.448     9.538    u_fcbrt_preprocess/rounded_sum_carry_i_35_n_0
    SLICE_X49Y90         LUT6 (Prop_lut6_I0_O)        0.097     9.635 r  u_fcbrt_preprocess/rounded_sum_carry_i_15/O
                         net (fo=3, routed)           0.418    10.053    u_fcbrt_preprocess/rounded_sum_carry_i_15_n_0
    SLICE_X52Y90         LUT6 (Prop_lut6_I0_O)        0.097    10.150 r  u_fcbrt_preprocess/rounded_sum_carry_i_5/O
                         net (fo=3, routed)           0.398    10.548    u_fcbrt_preprocess/rounded_sum_carry_i_5_n_0
    SLICE_X50Y90         LUT5 (Prop_lut5_I1_O)        0.097    10.645 r  u_fcbrt_preprocess/rounded_sum_carry__0_i_12/O
                         net (fo=3, routed)           0.308    10.953    u_fcbrt_preprocess/u_fcbrt_core/u_fcbrt_ML_PLAC/u3_CLA_15bit/C_8
    SLICE_X50Y90         LUT5 (Prop_lut5_I4_O)        0.097    11.050 r  u_fcbrt_preprocess/rounded_sum_carry__0_i_6/O
                         net (fo=3, routed)           0.457    11.508    u_fcbrt_preprocess/u_fcbrt_core/u_fcbrt_ML_PLAC/u3_CLA_15bit/C_1010_out
    SLICE_X51Y91         LUT5 (Prop_lut5_I1_O)        0.097    11.605 r  u_fcbrt_preprocess/rounded_sum_carry__0_i_1/O
                         net (fo=1, routed)           0.000    11.605    u_fcbrt_core/u_fcbrt_ML_PLAC/S_Reg_reg[53][3]
    SLICE_X51Y91         CARRY4 (Prop_carry4_S[3]_O[3])
                                                      0.187    11.792 r  u_fcbrt_core/u_fcbrt_ML_PLAC/rounded_sum_carry__0/O[3]
                         net (fo=42, routed)          0.699    12.490    u_fcbrt_core/rounded_sum_carry__1_i_3[4]
    SLICE_X51Y93         LUT6 (Prop_lut6_I0_O)        0.234    12.724 f  u_fcbrt_core/Residual_s_Reg[109]_i_29/O
                         net (fo=3, routed)           0.491    13.215    u_fcbrt_preprocess/Residual_s_Reg_reg[105]_i_4_2
    SLICE_X55Y93         LUT5 (Prop_lut5_I0_O)        0.097    13.312 r  u_fcbrt_preprocess/Residual_s_Reg[109]_i_34/O
                         net (fo=1, routed)           0.401    13.714    u_fcbrt_preprocess/Residual_s_Reg[109]_i_34_n_0
    SLICE_X52Y93         LUT6 (Prop_lut6_I4_O)        0.097    13.811 r  u_fcbrt_preprocess/Residual_s_Reg[109]_i_18/O
                         net (fo=1, routed)           0.000    13.811    u_fcbrt_preprocess/Residual_s_Reg[109]_i_18_n_0
    SLICE_X52Y93         CARRY4 (Prop_carry4_S[0]_CO[3])
                                                      0.395    14.206 r  u_fcbrt_preprocess/Residual_s_Reg_reg[109]_i_4/CO[3]
                         net (fo=1, routed)           0.000    14.206    u_fcbrt_preprocess/Residual_s_Reg_reg[109]_i_4_n_0
    SLICE_X52Y94         CARRY4 (Prop_carry4_CI_CO[3])
                                                      0.089    14.295 r  u_fcbrt_preprocess/Residual_s_Reg_reg[113]_i_4/CO[3]
                         net (fo=1, routed)           0.000    14.295    u_fcbrt_preprocess/Residual_s_Reg_reg[113]_i_4_n_0
    SLICE_X52Y95         CARRY4 (Prop_carry4_CI_O[2])
                                                      0.181    14.476 r  u_fcbrt_preprocess/Residual_s_Reg_reg[116]_i_3/O[2]
                         net (fo=1, routed)           0.382    14.857    u_fcbrt_preprocess/u_fcbrt_core/Residual_Init[49]
    SLICE_X53Y97         LUT4 (Prop_lut4_I2_O)        0.230    15.087 r  u_fcbrt_preprocess/Residual_s_Reg[116]_i_1/O
                         net (fo=1, routed)           0.000    15.087    u_fcbrt_core/Residual_s_Reg_reg[116]_0[1]
    SLICE_X53Y97         FDCE                                         r  u_fcbrt_core/Residual_s_Reg_reg[116]/D
  -------------------------------------------------------------------    -------------------

                         (clock clk rise edge)        5.000     5.000 r  
    D15                                               0.000     5.000 r  clk_i (IN)
                         net (fo=0)                   0.000     5.000    clk_i
    D15                  IBUF (Prop_ibuf_I_O)         0.686     5.686 r  clk_i_IBUF_inst/O
                         net (fo=1, routed)           1.435     7.121    clk_i_IBUF
    BUFGCTRL_X0Y16       BUFG (Prop_bufg_I_O)         0.072     7.193 r  clk_i_IBUF_BUFG_inst/O
                         net (fo=985, routed)         1.138     8.331    u_fcbrt_core/clk_i_IBUF_BUFG
    SLICE_X53Y97         FDCE                                         r  u_fcbrt_core/Residual_s_Reg_reg[116]/C
                         clock pessimism              0.223     8.555    
                         clock uncertainty           -0.035     8.519    
    SLICE_X53Y97         FDCE (Setup_fdce_C_D)        0.032     8.551    u_fcbrt_core/Residual_s_Reg_reg[116]
  -------------------------------------------------------------------
                         required time                          8.551    
                         arrival time                         -15.087    
  -------------------------------------------------------------------
                         slack                                 -6.536    

Slack (VIOLATED) :        -6.512ns  (required time - arrival time)
  Source:                 u_fcbrt_core/S_Square_c_Reg_Prev_reg[2]/C
                            (rising edge-triggered cell FDCE clocked by clk  {rise@0.000ns fall@2.500ns period=5.000ns})
  Destination:            u_fcbrt_core/Residual_c_Reg_reg[11]/D
                            (rising edge-triggered cell FDCE clocked by clk  {rise@0.000ns fall@2.500ns period=5.000ns})
  Path Group:             clk
  Path Type:              Setup (Max at Slow Process Corner)
  Requirement:            5.000ns  (clk rise@5.000ns - clk rise@0.000ns)
  Data Path Delay:        11.498ns  (logic 5.114ns (44.479%)  route 6.384ns (55.521%))
  Logic Levels:           42  (CARRY4=30 LUT2=1 LUT3=4 LUT5=2 LUT6=5)
  Clock Path Skew:        -0.048ns (DCD - SCD + CPR)
    Destination Clock Delay (DCD):    3.326ns = ( 8.326 - 5.000 ) 
    Source Clock Delay      (SCD):    3.652ns
    Clock Pessimism Removal (CPR):    0.278ns
  Clock Uncertainty:      0.035ns  ((TSJ^2 + TIJ^2)^1/2 + DJ) / 2 + PE
    Total System Jitter     (TSJ):    0.071ns
    Total Input Jitter      (TIJ):    0.000ns
    Discrete Jitter          (DJ):    0.000ns
    Phase Error              (PE):    0.000ns

    Location             Delay type                Incr(ns)  Path(ns)    Netlist Resource(s)
  -------------------------------------------------------------------    -------------------
                         (clock clk rise edge)        0.000     0.000 r  
    D15                                               0.000     0.000 r  clk_i (IN)
                         net (fo=0)                   0.000     0.000    clk_i
    D15                  IBUF (Prop_ibuf_I_O)         0.818     0.818 r  clk_i_IBUF_inst/O
                         net (fo=1, routed)           1.517     2.335    clk_i_IBUF
    BUFGCTRL_X0Y16       BUFG (Prop_bufg_I_O)         0.076     2.411 r  clk_i_IBUF_BUFG_inst/O
                         net (fo=985, routed)         1.242     3.652    u_fcbrt_core/clk_i_IBUF_BUFG
    SLICE_X57Y62         FDCE                                         r  u_fcbrt_core/S_Square_c_Reg_Prev_reg[2]/C
  -------------------------------------------------------------------    -------------------
    SLICE_X57Y62         FDCE (Prop_fdce_C_Q)         0.313     3.965 r  u_fcbrt_core/S_Square_c_Reg_Prev_reg[2]/Q
                         net (fo=1, routed)           0.302     4.267    u_fcbrt_core/S_Square_c_Reg_Prev_reg_n_0_[2]
    SLICE_X56Y61         LUT2 (Prop_lut2_I1_O)        0.215     4.482 r  u_fcbrt_core/S_sel_o1__5_carry_i_148/O
                         net (fo=1, routed)           0.000     4.482    u_fcbrt_core/S_sel_o1__5_carry_i_148_n_0
    SLICE_X56Y61         CARRY4 (Prop_carry4_S[1]_CO[3])
                                                      0.402     4.884 r  u_fcbrt_core/S_sel_o1__5_carry_i_141/CO[3]
                         net (fo=1, routed)           0.000     4.884    u_fcbrt_core/S_sel_o1__5_carry_i_141_n_0
    SLICE_X56Y62         CARRY4 (Prop_carry4_CI_CO[3])
                                                      0.092     4.976 r  u_fcbrt_core/S_sel_o1__5_carry_i_136/CO[3]
                         net (fo=1, routed)           0.000     4.976    u_fcbrt_core/S_sel_o1__5_carry_i_136_n_0
    SLICE_X56Y63         CARRY4 (Prop_carry4_CI_CO[3])
                                                      0.092     5.068 r  u_fcbrt_core/S_sel_o1__5_carry_i_131/CO[3]
                         net (fo=1, routed)           0.000     5.068    u_fcbrt_core/S_sel_o1__5_carry_i_131_n_0
    SLICE_X56Y64         CARRY4 (Prop_carry4_CI_CO[3])
                                                      0.092     5.160 r  u_fcbrt_core/S_sel_o1__5_carry_i_126/CO[3]
                         net (fo=1, routed)           0.000     5.160    u_fcbrt_core/S_sel_o1__5_carry_i_126_n_0
    SLICE_X56Y65         CARRY4 (Prop_carry4_CI_CO[3])
                                                      0.092     5.252 r  u_fcbrt_core/S_sel_o1__5_carry_i_121/CO[3]
                         net (fo=1, routed)           0.000     5.252    u_fcbrt_core/S_sel_o1__5_carry_i_121_n_0
    SLICE_X56Y66         CARRY4 (Prop_carry4_CI_CO[3])
                                                      0.092     5.344 r  u_fcbrt_core/S_sel_o1__5_carry_i_116/CO[3]
                         net (fo=1, routed)           0.000     5.344    u_fcbrt_core/S_sel_o1__5_carry_i_116_n_0
    SLICE_X56Y67         CARRY4 (Prop_carry4_CI_CO[3])
                                                      0.092     5.436 r  u_fcbrt_core/S_sel_o1__5_carry_i_111/CO[3]
                         net (fo=1, routed)           0.000     5.436    u_fcbrt_core/S_sel_o1__5_carry_i_111_n_0
    SLICE_X56Y68         CARRY4 (Prop_carry4_CI_CO[3])
                                                      0.092     5.528 r  u_fcbrt_core/S_sel_o1__5_carry_i_106/CO[3]
                         net (fo=1, routed)           0.000     5.528    u_fcbrt_core/S_sel_o1__5_carry_i_106_n_0
    SLICE_X56Y69         CARRY4 (Prop_carry4_CI_CO[3])
                                                      0.092     5.620 r  u_fcbrt_core/S_sel_o1__5_carry_i_101/CO[3]
                         net (fo=1, routed)           0.000     5.620    u_fcbrt_core/S_sel_o1__5_carry_i_101_n_0
    SLICE_X56Y70         CARRY4 (Prop_carry4_CI_CO[3])
                                                      0.092     5.712 r  u_fcbrt_core/S_sel_o1__5_carry_i_96/CO[3]
                         net (fo=1, routed)           0.000     5.712    u_fcbrt_core/S_sel_o1__5_carry_i_96_n_0
    SLICE_X56Y71         CARRY4 (Prop_carry4_CI_CO[3])
                                                      0.092     5.804 r  u_fcbrt_core/S_sel_o1__5_carry_i_91/CO[3]
                         net (fo=1, routed)           0.000     5.804    u_fcbrt_core/S_sel_o1__5_carry_i_91_n_0
    SLICE_X56Y72         CARRY4 (Prop_carry4_CI_CO[3])
                                                      0.092     5.896 r  u_fcbrt_core/S_sel_o1__5_carry_i_86/CO[3]
                         net (fo=1, routed)           0.000     5.896    u_fcbrt_core/S_sel_o1__5_carry_i_86_n_0
    SLICE_X56Y73         CARRY4 (Prop_carry4_CI_CO[3])
                                                      0.092     5.988 r  u_fcbrt_core/S_sel_o1__5_carry_i_81/CO[3]
                         net (fo=1, routed)           0.000     5.988    u_fcbrt_core/S_sel_o1__5_carry_i_81_n_0
    SLICE_X56Y74         CARRY4 (Prop_carry4_CI_CO[3])
                                                      0.092     6.080 r  u_fcbrt_core/S_sel_o1__5_carry_i_76/CO[3]
                         net (fo=1, routed)           0.007     6.088    u_fcbrt_core/S_sel_o1__5_carry_i_76_n_0
    SLICE_X56Y75         CARRY4 (Prop_carry4_CI_CO[3])
                                                      0.092     6.180 r  u_fcbrt_core/S_sel_o1__5_carry_i_71/CO[3]
                         net (fo=1, routed)           0.000     6.180    u_fcbrt_core/S_sel_o1__5_carry_i_71_n_0
    SLICE_X56Y76         CARRY4 (Prop_carry4_CI_CO[3])
                                                      0.092     6.272 r  u_fcbrt_core/S_sel_o1__5_carry_i_66/CO[3]
                         net (fo=1, routed)           0.000     6.272    u_fcbrt_core/S_sel_o1__5_carry_i_66_n_0
    SLICE_X56Y77         CARRY4 (Prop_carry4_CI_CO[3])
                                                      0.092     6.364 r  u_fcbrt_core/S_sel_o1__5_carry_i_61/CO[3]
                         net (fo=1, routed)           0.000     6.364    u_fcbrt_core/S_sel_o1__5_carry_i_61_n_0
    SLICE_X56Y78         CARRY4 (Prop_carry4_CI_CO[3])
                                                      0.092     6.456 r  u_fcbrt_core/S_sel_o1__5_carry_i_56/CO[3]
                         net (fo=1, routed)           0.000     6.456    u_fcbrt_core/S_sel_o1__5_carry_i_56_n_0
    SLICE_X56Y79         CARRY4 (Prop_carry4_CI_CO[3])
                                                      0.092     6.548 r  u_fcbrt_core/S_sel_o1__5_carry_i_51/CO[3]
                         net (fo=1, routed)           0.000     6.548    u_fcbrt_core/S_sel_o1__5_carry_i_51_n_0
    SLICE_X56Y80         CARRY4 (Prop_carry4_CI_CO[3])
                                                      0.092     6.640 r  u_fcbrt_core/S_sel_o1__5_carry_i_46/CO[3]
                         net (fo=1, routed)           0.000     6.640    u_fcbrt_core/S_sel_o1__5_carry_i_46_n_0
    SLICE_X56Y81         CARRY4 (Prop_carry4_CI_CO[3])
                                                      0.092     6.732 r  u_fcbrt_core/S_sel_o1__5_carry_i_41/CO[3]
                         net (fo=1, routed)           0.000     6.732    u_fcbrt_core/S_sel_o1__5_carry_i_41_n_0
    SLICE_X56Y82         CARRY4 (Prop_carry4_CI_CO[3])
                                                      0.092     6.824 r  u_fcbrt_core/S_sel_o1__5_carry_i_36/CO[3]
                         net (fo=1, routed)           0.000     6.824    u_fcbrt_core/S_sel_o1__5_carry_i_36_n_0
    SLICE_X56Y83         CARRY4 (Prop_carry4_CI_CO[3])
                                                      0.092     6.916 r  u_fcbrt_core/S_sel_o1__5_carry_i_31/CO[3]
                         net (fo=1, routed)           0.000     6.916    u_fcbrt_core/S_sel_o1__5_carry_i_31_n_0
    SLICE_X56Y84         CARRY4 (Prop_carry4_CI_CO[3])
                                                      0.092     7.008 r  u_fcbrt_core/S_sel_o1__5_carry_i_26/CO[3]
                         net (fo=1, routed)           0.000     7.008    u_fcbrt_core/S_sel_o1__5_carry_i_26_n_0
    SLICE_X56Y85         CARRY4 (Prop_carry4_CI_CO[3])
                                                      0.092     7.100 r  u_fcbrt_core/S_sel_o1__5_carry_i_21/CO[3]
                         net (fo=1, routed)           0.000     7.100    u_fcbrt_core/S_sel_o1__5_carry_i_21_n_0
    SLICE_X56Y86         CARRY4 (Prop_carry4_CI_CO[3])
                                                      0.092     7.192 r  u_fcbrt_core/S_sel_o1__5_carry_i_16/CO[3]
                         net (fo=1, routed)           0.000     7.192    u_fcbrt_core/S_sel_o1__5_carry_i_16_n_0
    SLICE_X56Y87         CARRY4 (Prop_carry4_CI_CO[3])
                                                      0.092     7.284 r  u_fcbrt_core/S_sel_o1__5_carry_i_11/CO[3]
                         net (fo=1, routed)           0.000     7.284    u_fcbrt_core/S_sel_o1__5_carry_i_11_n_0
    SLICE_X56Y88         CARRY4 (Prop_carry4_CI_CO[3])
                                                      0.092     7.376 r  u_fcbrt_core/S_sel_o1__5_carry_i_9/CO[3]
                         net (fo=13, routed)          0.636     8.011    u_fcbrt_core/u_fcbrt_Ssel/S_Square_Prev[0]
    SLICE_X58Y89         LUT5 (Prop_lut5_I4_O)        0.097     8.108 f  u_fcbrt_core/u_fcbrt_Ssel/S_sel_o1_carry_i_9/O
                         net (fo=8, routed)           0.346     8.454    u_fcbrt_core/u_fcbrt_Ssel/S_sel_o1_carry_i_9_n_0
    SLICE_X58Y87         LUT3 (Prop_lut3_I0_O)        0.097     8.551 r  u_fcbrt_core/u_fcbrt_Ssel/S_sel_o1__15_carry_i_5/O
                         net (fo=1, routed)           0.000     8.551    u_fcbrt_core/u_fcbrt_Ssel/S_sel_o1__15_carry_i_5_n_0
    SLICE_X58Y87         CARRY4 (Prop_carry4_S[3]_CO[3])
                                                      0.284     8.835 r  u_fcbrt_core/u_fcbrt_Ssel/S_sel_o1__15_carry/CO[3]
                         net (fo=1, routed)           0.000     8.835    u_fcbrt_core/u_fcbrt_Ssel/S_sel_o1__15_carry_n_0
    SLICE_X58Y88         CARRY4 (Prop_carry4_CI_CO[0])
                                                      0.184     9.019 r  u_fcbrt_core/u_fcbrt_Ssel/S_sel_o1__15_carry__0/CO[0]
                         net (fo=5, routed)           0.451     9.470    u_fcbrt_core/u_fcbrt_Ssel/S_sel_o1__15_carry__0_n_3
    SLICE_X59Y90         LUT6 (Prop_lut6_I2_O)        0.262     9.732 f  u_fcbrt_core/u_fcbrt_Ssel/s_sel_Reg[0]_i_5/O
                         net (fo=3, routed)           0.308    10.040    u_fcbrt_core/u_fcbrt_Ssel/s_sel_Reg[0]_i_5_n_0
    SLICE_X60Y89         LUT6 (Prop_lut6_I4_O)        0.097    10.137 r  u_fcbrt_core/u_fcbrt_Ssel/Residual_s_Reg[3]_i_5/O
                         net (fo=152, routed)         0.844    10.981    u_fcbrt_core/u_fcbrt_Ssel/Residual_s_Reg[3]_i_5_n_0
    SLICE_X61Y83         LUT6 (Prop_lut6_I5_O)        0.097    11.078 r  u_fcbrt_core/u_fcbrt_Ssel/Residual_s_Reg[55]_i_24/O
                         net (fo=6, routed)           0.410    11.488    u_fcbrt_core/u_fcbrt_Ssel/Residual_s_Reg[55]_i_24_n_0
    SLICE_X59Y82         LUT3 (Prop_lut3_I0_O)        0.097    11.585 r  u_fcbrt_core/u_fcbrt_Ssel/Residual_s_Reg[21]_i_21/O
                         net (fo=4, routed)           0.529    12.114    u_fcbrt_core/u_fcbrt_Ssel/Residual_s_Reg[21]_i_21_n_0
    SLICE_X59Y78         LUT6 (Prop_lut6_I0_O)        0.097    12.211 r  u_fcbrt_core/u_fcbrt_Ssel/Residual_s_Reg[13]_i_20/O
                         net (fo=7, routed)           0.700    12.911    u_fcbrt_core/u_fcbrt_Ssel/cycle_cnt_reg[4]_rep__0[3]
    SLICE_X46Y72         LUT3 (Prop_lut3_I2_O)        0.097    13.008 r  u_fcbrt_core/u_fcbrt_Ssel/Residual_s_Reg[12]_i_13/O
                         net (fo=2, routed)           0.388    13.396    u_fcbrt_core/u_fcbrt_Residual_r4/u_Residual_mid2_0/Residual_s_Reg[10]_i_2
    SLICE_X49Y72         LUT5 (Prop_lut5_I3_O)        0.097    13.493 r  u_fcbrt_core/u_fcbrt_Residual_r4/u_Residual_mid2_0/i_/Residual_s_Reg[11]_i_6/O
                         net (fo=3, routed)           0.594    14.087    u_fcbrt_core/u_fcbrt_Residual_r4/u_Residual_mid2_0/Residual_s_Reg_reg[5]
    SLICE_X51Y76         LUT3 (Prop_lut3_I0_O)        0.097    14.184 r  u_fcbrt_core/u_fcbrt_Residual_r4/u_Residual_mid2_0/i_/Residual_s_Reg[11]_i_5/O
                         net (fo=4, routed)           0.869    15.053    u_fcbrt_core/u_fcbrt_Ssel/Residual_s_Reg_reg[106][6]
    SLICE_X62Y78         LUT6 (Prop_lut6_I3_O)        0.097    15.150 r  u_fcbrt_core/u_fcbrt_Ssel/Residual_c_Reg[11]_i_1/O
                         net (fo=1, routed)           0.000    15.150    u_fcbrt_core/u_fcbrt_Ssel_n_104
    SLICE_X62Y78         FDCE                                         r  u_fcbrt_core/Residual_c_Reg_reg[11]/D
  -------------------------------------------------------------------    -------------------

                         (clock clk rise edge)        5.000     5.000 r  
    D15                                               0.000     5.000 r  clk_i (IN)
                         net (fo=0)                   0.000     5.000    clk_i
    D15                  IBUF (Prop_ibuf_I_O)         0.686     5.686 r  clk_i_IBUF_inst/O
                         net (fo=1, routed)           1.435     7.121    clk_i_IBUF
    BUFGCTRL_X0Y16       BUFG (Prop_bufg_I_O)         0.072     7.193 r  clk_i_IBUF_BUFG_inst/O
                         net (fo=985, routed)         1.133     8.326    u_fcbrt_core/clk_i_IBUF_BUFG
    SLICE_X62Y78         FDCE                                         r  u_fcbrt_core/Residual_c_Reg_reg[11]/C
                         clock pessimism              0.278     8.604    
                         clock uncertainty           -0.035     8.569    
    SLICE_X62Y78         FDCE (Setup_fdce_C_D)        0.069     8.638    u_fcbrt_core/Residual_c_Reg_reg[11]
  -------------------------------------------------------------------
                         required time                          8.638    
                         arrival time                         -15.150    
  -------------------------------------------------------------------
                         slack                                 -6.512    

Slack (VIOLATED) :        -6.507ns  (required time - arrival time)
  Source:                 u_fcbrt_preprocess/start_P_reg/C
                            (rising edge-triggered cell FDCE clocked by clk  {rise@0.000ns fall@2.500ns period=5.000ns})
  Destination:            u_fcbrt_core/Residual_s_Reg_reg[111]/D
                            (rising edge-triggered cell FDCE clocked by clk  {rise@0.000ns fall@2.500ns period=5.000ns})
  Path Group:             clk
  Path Type:              Setup (Max at Slow Process Corner)
  Requirement:            5.000ns  (clk rise@5.000ns - clk rise@0.000ns)
  Data Path Delay:        11.402ns  (logic 3.422ns (30.014%)  route 7.980ns (69.986%))
  Logic Levels:           20  (CARRY4=4 LUT2=2 LUT5=8 LUT6=6)
  Clock Path Skew:        -0.103ns (DCD - SCD + CPR)
    Destination Clock Delay (DCD):    3.331ns = ( 8.331 - 5.000 ) 
    Source Clock Delay      (SCD):    3.657ns
    Clock Pessimism Removal (CPR):    0.223ns
  Clock Uncertainty:      0.035ns  ((TSJ^2 + TIJ^2)^1/2 + DJ) / 2 + PE
    Total System Jitter     (TSJ):    0.071ns
    Total Input Jitter      (TIJ):    0.000ns
    Discrete Jitter          (DJ):    0.000ns
    Phase Error              (PE):    0.000ns

    Location             Delay type                Incr(ns)  Path(ns)    Netlist Resource(s)
  -------------------------------------------------------------------    -------------------
                         (clock clk rise edge)        0.000     0.000 r  
    D15                                               0.000     0.000 r  clk_i (IN)
                         net (fo=0)                   0.000     0.000    clk_i
    D15                  IBUF (Prop_ibuf_I_O)         0.818     0.818 r  clk_i_IBUF_inst/O
                         net (fo=1, routed)           1.517     2.335    clk_i_IBUF
    BUFGCTRL_X0Y16       BUFG (Prop_bufg_I_O)         0.076     2.411 r  clk_i_IBUF_BUFG_inst/O
                         net (fo=985, routed)         1.247     3.657    u_fcbrt_preprocess/clk_i_IBUF_BUFG
    SLICE_X47Y89         FDCE                                         r  u_fcbrt_preprocess/start_P_reg/C
  -------------------------------------------------------------------    -------------------
    SLICE_X47Y89         FDCE (Prop_fdce_C_Q)         0.341     3.998 f  u_fcbrt_preprocess/start_P_reg/Q
                         net (fo=61, routed)          0.429     4.427    u_fcbrt_preprocess/start_dly_o
    SLICE_X43Y90         LUT2 (Prop_lut2_I0_O)        0.097     4.524 f  u_fcbrt_preprocess/diff10_carry__2_i_2/O
                         net (fo=114, routed)         0.861     5.385    u_fcbrt_preprocess/start_P_reg_5
    SLICE_X46Y92         LUT2 (Prop_lut2_I1_O)        0.097     5.482 r  u_fcbrt_preprocess/diff2_carry__1_i_5/O
                         net (fo=1, routed)           0.000     5.482    u_fcbrt_core/u_fcbrt_ML_PLAC/rounded_sum_carry__1_i_18_6[2]
    SLICE_X46Y92         CARRY4 (Prop_carry4_S[2]_CO[3])
                                                      0.286     5.768 r  u_fcbrt_core/u_fcbrt_ML_PLAC/diff2_carry__1/CO[3]
                         net (fo=19, routed)          0.862     6.631    u_fcbrt_core/u_fcbrt_ML_PLAC/mant_norm_P_reg[54]_11[0]
    SLICE_X46Y93         LUT5 (Prop_lut5_I0_O)        0.097     6.728 r  u_fcbrt_core/u_fcbrt_ML_PLAC/rounded_sum_carry_i_80/O
                         net (fo=1, routed)           0.197     6.924    u_fcbrt_core/u_fcbrt_ML_PLAC/rounded_sum_carry_i_80_n_0
    SLICE_X47Y93         LUT5 (Prop_lut5_I0_O)        0.097     7.021 r  u_fcbrt_core/u_fcbrt_ML_PLAC/rounded_sum_carry_i_53/O
                         net (fo=21, routed)          0.569     7.590    u_fcbrt_preprocess/rounded_sum_carry_i_35_1
    SLICE_X47Y93         LUT5 (Prop_lut5_I3_O)        0.097     7.687 r  u_fcbrt_preprocess/rounded_sum_carry_i_77/O
                         net (fo=4, routed)           0.416     8.104    u_fcbrt_preprocess/rounded_sum_carry_i_77_n_0
    SLICE_X48Y93         LUT5 (Prop_lut5_I1_O)        0.113     8.217 f  u_fcbrt_preprocess/rounded_sum_carry_i_56/O
                         net (fo=3, routed)           0.627     8.843    u_fcbrt_preprocess/rounded_sum_carry_i_56_n_0
    SLICE_X48Y93         LUT6 (Prop_lut6_I2_O)        0.247     9.090 r  u_fcbrt_preprocess/rounded_sum_carry_i_35/O
                         net (fo=2, routed)           0.448     9.538    u_fcbrt_preprocess/rounded_sum_carry_i_35_n_0
    SLICE_X49Y90         LUT6 (Prop_lut6_I0_O)        0.097     9.635 r  u_fcbrt_preprocess/rounded_sum_carry_i_15/O
                         net (fo=3, routed)           0.418    10.053    u_fcbrt_preprocess/rounded_sum_carry_i_15_n_0
    SLICE_X52Y90         LUT6 (Prop_lut6_I0_O)        0.097    10.150 r  u_fcbrt_preprocess/rounded_sum_carry_i_5/O
                         net (fo=3, routed)           0.398    10.548    u_fcbrt_preprocess/rounded_sum_carry_i_5_n_0
    SLICE_X50Y90         LUT5 (Prop_lut5_I1_O)        0.097    10.645 r  u_fcbrt_preprocess/rounded_sum_carry__0_i_12/O
                         net (fo=3, routed)           0.308    10.953    u_fcbrt_preprocess/u_fcbrt_core/u_fcbrt_ML_PLAC/u3_CLA_15bit/C_8
    SLICE_X50Y90         LUT5 (Prop_lut5_I4_O)        0.097    11.050 r  u_fcbrt_preprocess/rounded_sum_carry__0_i_6/O
                         net (fo=3, routed)           0.457    11.508    u_fcbrt_preprocess/u_fcbrt_core/u_fcbrt_ML_PLAC/u3_CLA_15bit/C_1010_out
    SLICE_X51Y91         LUT5 (Prop_lut5_I1_O)        0.097    11.605 r  u_fcbrt_preprocess/rounded_sum_carry__0_i_1/O
                         net (fo=1, routed)           0.000    11.605    u_fcbrt_core/u_fcbrt_ML_PLAC/S_Reg_reg[53][3]
    SLICE_X51Y91         CARRY4 (Prop_carry4_S[3]_O[3])
                                                      0.187    11.792 r  u_fcbrt_core/u_fcbrt_ML_PLAC/rounded_sum_carry__0/O[3]
                         net (fo=42, routed)          0.699    12.490    u_fcbrt_core/rounded_sum_carry__1_i_3[4]
    SLICE_X51Y93         LUT6 (Prop_lut6_I0_O)        0.234    12.724 f  u_fcbrt_core/Residual_s_Reg[109]_i_29/O
                         net (fo=3, routed)           0.491    13.215    u_fcbrt_preprocess/Residual_s_Reg_reg[105]_i_4_2
    SLICE_X55Y93         LUT5 (Prop_lut5_I0_O)        0.097    13.312 r  u_fcbrt_preprocess/Residual_s_Reg[109]_i_34/O
                         net (fo=1, routed)           0.401    13.714    u_fcbrt_preprocess/Residual_s_Reg[109]_i_34_n_0
    SLICE_X52Y93         LUT6 (Prop_lut6_I4_O)        0.097    13.811 r  u_fcbrt_preprocess/Residual_s_Reg[109]_i_18/O
                         net (fo=1, routed)           0.000    13.811    u_fcbrt_preprocess/Residual_s_Reg[109]_i_18_n_0
    SLICE_X52Y93         CARRY4 (Prop_carry4_S[0]_CO[3])
                                                      0.395    14.206 r  u_fcbrt_preprocess/Residual_s_Reg_reg[109]_i_4/CO[3]
                         net (fo=1, routed)           0.000    14.206    u_fcbrt_preprocess/Residual_s_Reg_reg[109]_i_4_n_0
    SLICE_X52Y94         CARRY4 (Prop_carry4_CI_O[1])
                                                      0.230    14.436 r  u_fcbrt_preprocess/Residual_s_Reg_reg[113]_i_4/O[1]
                         net (fo=1, routed)           0.398    14.834    u_fcbrt_core/u_fcbrt_Ssel/Residual_s_Reg_reg[115][9]
    SLICE_X55Y94         LUT6 (Prop_lut6_I3_O)        0.225    15.059 r  u_fcbrt_core/u_fcbrt_Ssel/Residual_s_Reg[111]_i_1/O
                         net (fo=1, routed)           0.000    15.059    u_fcbrt_core/u_fcbrt_Ssel_n_117
    SLICE_X55Y94         FDCE                                         r  u_fcbrt_core/Residual_s_Reg_reg[111]/D
  -------------------------------------------------------------------    -------------------

                         (clock clk rise edge)        5.000     5.000 r  
    D15                                               0.000     5.000 r  clk_i (IN)
                         net (fo=0)                   0.000     5.000    clk_i
    D15                  IBUF (Prop_ibuf_I_O)         0.686     5.686 r  clk_i_IBUF_inst/O
                         net (fo=1, routed)           1.435     7.121    clk_i_IBUF
    BUFGCTRL_X0Y16       BUFG (Prop_bufg_I_O)         0.072     7.193 r  clk_i_IBUF_BUFG_inst/O
                         net (fo=985, routed)         1.138     8.331    u_fcbrt_core/clk_i_IBUF_BUFG
    SLICE_X55Y94         FDCE                                         r  u_fcbrt_core/Residual_s_Reg_reg[111]/C
                         clock pessimism              0.223     8.555    
                         clock uncertainty           -0.035     8.519    
    SLICE_X55Y94         FDCE (Setup_fdce_C_D)        0.032     8.551    u_fcbrt_core/Residual_s_Reg_reg[111]
  -------------------------------------------------------------------
                         required time                          8.551    
                         arrival time                         -15.059    
  -------------------------------------------------------------------
                         slack                                 -6.507    

Slack (VIOLATED) :        -6.498ns  (required time - arrival time)
  Source:                 u_fcbrt_core/S_Square_c_Reg_Prev_reg[2]/C
                            (rising edge-triggered cell FDCE clocked by clk  {rise@0.000ns fall@2.500ns period=5.000ns})
  Destination:            u_fcbrt_core/Residual_c_Reg_reg[24]/D
                            (rising edge-triggered cell FDCE clocked by clk  {rise@0.000ns fall@2.500ns period=5.000ns})
  Path Group:             clk
  Path Type:              Setup (Max at Slow Process Corner)
  Requirement:            5.000ns  (clk rise@5.000ns - clk rise@0.000ns)
  Data Path Delay:        11.389ns  (logic 5.369ns (47.144%)  route 6.020ns (52.856%))
  Logic Levels:           43  (CARRY4=30 LUT2=1 LUT3=3 LUT5=4 LUT6=5)
  Clock Path Skew:        -0.105ns (DCD - SCD + CPR)
    Destination Clock Delay (DCD):    3.324ns = ( 8.324 - 5.000 ) 
    Source Clock Delay      (SCD):    3.652ns
    Clock Pessimism Removal (CPR):    0.223ns
  Clock Uncertainty:      0.035ns  ((TSJ^2 + TIJ^2)^1/2 + DJ) / 2 + PE
    Total System Jitter     (TSJ):    0.071ns
    Total Input Jitter      (TIJ):    0.000ns
    Discrete Jitter          (DJ):    0.000ns
    Phase Error              (PE):    0.000ns

    Location             Delay type                Incr(ns)  Path(ns)    Netlist Resource(s)
  -------------------------------------------------------------------    -------------------
                         (clock clk rise edge)        0.000     0.000 r  
    D15                                               0.000     0.000 r  clk_i (IN)
                         net (fo=0)                   0.000     0.000    clk_i
    D15                  IBUF (Prop_ibuf_I_O)         0.818     0.818 r  clk_i_IBUF_inst/O
                         net (fo=1, routed)           1.517     2.335    clk_i_IBUF
    BUFGCTRL_X0Y16       BUFG (Prop_bufg_I_O)         0.076     2.411 r  clk_i_IBUF_BUFG_inst/O
                         net (fo=985, routed)         1.242     3.652    u_fcbrt_core/clk_i_IBUF_BUFG
    SLICE_X57Y62         FDCE                                         r  u_fcbrt_core/S_Square_c_Reg_Prev_reg[2]/C
  -------------------------------------------------------------------    -------------------
    SLICE_X57Y62         FDCE (Prop_fdce_C_Q)         0.313     3.965 r  u_fcbrt_core/S_Square_c_Reg_Prev_reg[2]/Q
                         net (fo=1, routed)           0.302     4.267    u_fcbrt_core/S_Square_c_Reg_Prev_reg_n_0_[2]
    SLICE_X56Y61         LUT2 (Prop_lut2_I1_O)        0.215     4.482 r  u_fcbrt_core/S_sel_o1__5_carry_i_148/O
                         net (fo=1, routed)           0.000     4.482    u_fcbrt_core/S_sel_o1__5_carry_i_148_n_0
    SLICE_X56Y61         CARRY4 (Prop_carry4_S[1]_CO[3])
                                                      0.402     4.884 r  u_fcbrt_core/S_sel_o1__5_carry_i_141/CO[3]
                         net (fo=1, routed)           0.000     4.884    u_fcbrt_core/S_sel_o1__5_carry_i_141_n_0
    SLICE_X56Y62         CARRY4 (Prop_carry4_CI_CO[3])
                                                      0.092     4.976 r  u_fcbrt_core/S_sel_o1__5_carry_i_136/CO[3]
                         net (fo=1, routed)           0.000     4.976    u_fcbrt_core/S_sel_o1__5_carry_i_136_n_0
    SLICE_X56Y63         CARRY4 (Prop_carry4_CI_CO[3])
                                                      0.092     5.068 r  u_fcbrt_core/S_sel_o1__5_carry_i_131/CO[3]
                         net (fo=1, routed)           0.000     5.068    u_fcbrt_core/S_sel_o1__5_carry_i_131_n_0
    SLICE_X56Y64         CARRY4 (Prop_carry4_CI_CO[3])
                                                      0.092     5.160 r  u_fcbrt_core/S_sel_o1__5_carry_i_126/CO[3]
                         net (fo=1, routed)           0.000     5.160    u_fcbrt_core/S_sel_o1__5_carry_i_126_n_0
    SLICE_X56Y65         CARRY4 (Prop_carry4_CI_CO[3])
                                                      0.092     5.252 r  u_fcbrt_core/S_sel_o1__5_carry_i_121/CO[3]
                         net (fo=1, routed)           0.000     5.252    u_fcbrt_core/S_sel_o1__5_carry_i_121_n_0
    SLICE_X56Y66         CARRY4 (Prop_carry4_CI_CO[3])
                                                      0.092     5.344 r  u_fcbrt_core/S_sel_o1__5_carry_i_116/CO[3]
                         net (fo=1, routed)           0.000     5.344    u_fcbrt_core/S_sel_o1__5_carry_i_116_n_0
    SLICE_X56Y67         CARRY4 (Prop_carry4_CI_CO[3])
                                                      0.092     5.436 r  u_fcbrt_core/S_sel_o1__5_carry_i_111/CO[3]
                         net (fo=1, routed)           0.000     5.436    u_fcbrt_core/S_sel_o1__5_carry_i_111_n_0
    SLICE_X56Y68         CARRY4 (Prop_carry4_CI_CO[3])
                                                      0.092     5.528 r  u_fcbrt_core/S_sel_o1__5_carry_i_106/CO[3]
                         net (fo=1, routed)           0.000     5.528    u_fcbrt_core/S_sel_o1__5_carry_i_106_n_0
    SLICE_X56Y69         CARRY4 (Prop_carry4_CI_CO[3])
                                                      0.092     5.620 r  u_fcbrt_core/S_sel_o1__5_carry_i_101/CO[3]
                         net (fo=1, routed)           0.000     5.620    u_fcbrt_core/S_sel_o1__5_carry_i_101_n_0
    SLICE_X56Y70         CARRY4 (Prop_carry4_CI_CO[3])
                                                      0.092     5.712 r  u_fcbrt_core/S_sel_o1__5_carry_i_96/CO[3]
                         net (fo=1, routed)           0.000     5.712    u_fcbrt_core/S_sel_o1__5_carry_i_96_n_0
    SLICE_X56Y71         CARRY4 (Prop_carry4_CI_CO[3])
                                                      0.092     5.804 r  u_fcbrt_core/S_sel_o1__5_carry_i_91/CO[3]
                         net (fo=1, routed)           0.000     5.804    u_fcbrt_core/S_sel_o1__5_carry_i_91_n_0
    SLICE_X56Y72         CARRY4 (Prop_carry4_CI_CO[3])
                                                      0.092     5.896 r  u_fcbrt_core/S_sel_o1__5_carry_i_86/CO[3]
                         net (fo=1, routed)           0.000     5.896    u_fcbrt_core/S_sel_o1__5_carry_i_86_n_0
    SLICE_X56Y73         CARRY4 (Prop_carry4_CI_CO[3])
                                                      0.092     5.988 r  u_fcbrt_core/S_sel_o1__5_carry_i_81/CO[3]
                         net (fo=1, routed)           0.000     5.988    u_fcbrt_core/S_sel_o1__5_carry_i_81_n_0
    SLICE_X56Y74         CARRY4 (Prop_carry4_CI_CO[3])
                                                      0.092     6.080 r  u_fcbrt_core/S_sel_o1__5_carry_i_76/CO[3]
                         net (fo=1, routed)           0.007     6.088    u_fcbrt_core/S_sel_o1__5_carry_i_76_n_0
    SLICE_X56Y75         CARRY4 (Prop_carry4_CI_CO[3])
                                                      0.092     6.180 r  u_fcbrt_core/S_sel_o1__5_carry_i_71/CO[3]
                         net (fo=1, routed)           0.000     6.180    u_fcbrt_core/S_sel_o1__5_carry_i_71_n_0
    SLICE_X56Y76         CARRY4 (Prop_carry4_CI_CO[3])
                                                      0.092     6.272 r  u_fcbrt_core/S_sel_o1__5_carry_i_66/CO[3]
                         net (fo=1, routed)           0.000     6.272    u_fcbrt_core/S_sel_o1__5_carry_i_66_n_0
    SLICE_X56Y77         CARRY4 (Prop_carry4_CI_CO[3])
                                                      0.092     6.364 r  u_fcbrt_core/S_sel_o1__5_carry_i_61/CO[3]
                         net (fo=1, routed)           0.000     6.364    u_fcbrt_core/S_sel_o1__5_carry_i_61_n_0
    SLICE_X56Y78         CARRY4 (Prop_carry4_CI_CO[3])
                                                      0.092     6.456 r  u_fcbrt_core/S_sel_o1__5_carry_i_56/CO[3]
                         net (fo=1, routed)           0.000     6.456    u_fcbrt_core/S_sel_o1__5_carry_i_56_n_0
    SLICE_X56Y79         CARRY4 (Prop_carry4_CI_CO[3])
                                                      0.092     6.548 r  u_fcbrt_core/S_sel_o1__5_carry_i_51/CO[3]
                         net (fo=1, routed)           0.000     6.548    u_fcbrt_core/S_sel_o1__5_carry_i_51_n_0
    SLICE_X56Y80         CARRY4 (Prop_carry4_CI_CO[3])
                                                      0.092     6.640 r  u_fcbrt_core/S_sel_o1__5_carry_i_46/CO[3]
                         net (fo=1, routed)           0.000     6.640    u_fcbrt_core/S_sel_o1__5_carry_i_46_n_0
    SLICE_X56Y81         CARRY4 (Prop_carry4_CI_CO[3])
                                                      0.092     6.732 r  u_fcbrt_core/S_sel_o1__5_carry_i_41/CO[3]
                         net (fo=1, routed)           0.000     6.732    u_fcbrt_core/S_sel_o1__5_carry_i_41_n_0
    SLICE_X56Y82         CARRY4 (Prop_carry4_CI_CO[3])
                                                      0.092     6.824 r  u_fcbrt_core/S_sel_o1__5_carry_i_36/CO[3]
                         net (fo=1, routed)           0.000     6.824    u_fcbrt_core/S_sel_o1__5_carry_i_36_n_0
    SLICE_X56Y83         CARRY4 (Prop_carry4_CI_CO[3])
                                                      0.092     6.916 r  u_fcbrt_core/S_sel_o1__5_carry_i_31/CO[3]
                         net (fo=1, routed)           0.000     6.916    u_fcbrt_core/S_sel_o1__5_carry_i_31_n_0
    SLICE_X56Y84         CARRY4 (Prop_carry4_CI_CO[3])
                                                      0.092     7.008 r  u_fcbrt_core/S_sel_o1__5_carry_i_26/CO[3]
                         net (fo=1, routed)           0.000     7.008    u_fcbrt_core/S_sel_o1__5_carry_i_26_n_0
    SLICE_X56Y85         CARRY4 (Prop_carry4_CI_CO[3])
                                                      0.092     7.100 r  u_fcbrt_core/S_sel_o1__5_carry_i_21/CO[3]
                         net (fo=1, routed)           0.000     7.100    u_fcbrt_core/S_sel_o1__5_carry_i_21_n_0
    SLICE_X56Y86         CARRY4 (Prop_carry4_CI_CO[3])
                                                      0.092     7.192 r  u_fcbrt_core/S_sel_o1__5_carry_i_16/CO[3]
                         net (fo=1, routed)           0.000     7.192    u_fcbrt_core/S_sel_o1__5_carry_i_16_n_0
    SLICE_X56Y87         CARRY4 (Prop_carry4_CI_CO[3])
                                                      0.092     7.284 r  u_fcbrt_core/S_sel_o1__5_carry_i_11/CO[3]
                         net (fo=1, routed)           0.000     7.284    u_fcbrt_core/S_sel_o1__5_carry_i_11_n_0
    SLICE_X56Y88         CARRY4 (Prop_carry4_CI_CO[3])
                                                      0.092     7.376 r  u_fcbrt_core/S_sel_o1__5_carry_i_9/CO[3]
                         net (fo=13, routed)          0.636     8.011    u_fcbrt_core/u_fcbrt_Ssel/S_Square_Prev[0]
    SLICE_X58Y89         LUT5 (Prop_lut5_I4_O)        0.097     8.108 f  u_fcbrt_core/u_fcbrt_Ssel/S_sel_o1_carry_i_9/O
                         net (fo=8, routed)           0.346     8.454    u_fcbrt_core/u_fcbrt_Ssel/S_sel_o1_carry_i_9_n_0
    SLICE_X58Y87         LUT3 (Prop_lut3_I0_O)        0.097     8.551 r  u_fcbrt_core/u_fcbrt_Ssel/S_sel_o1__15_carry_i_5/O
                         net (fo=1, routed)           0.000     8.551    u_fcbrt_core/u_fcbrt_Ssel/S_sel_o1__15_carry_i_5_n_0
    SLICE_X58Y87         CARRY4 (Prop_carry4_S[3]_CO[3])
                                                      0.284     8.835 r  u_fcbrt_core/u_fcbrt_Ssel/S_sel_o1__15_carry/CO[3]
                         net (fo=1, routed)           0.000     8.835    u_fcbrt_core/u_fcbrt_Ssel/S_sel_o1__15_carry_n_0
    SLICE_X58Y88         CARRY4 (Prop_carry4_CI_CO[0])
                                                      0.184     9.019 r  u_fcbrt_core/u_fcbrt_Ssel/S_sel_o1__15_carry__0/CO[0]
                         net (fo=5, routed)           0.451     9.470    u_fcbrt_core/u_fcbrt_Ssel/S_sel_o1__15_carry__0_n_3
    SLICE_X59Y90         LUT6 (Prop_lut6_I2_O)        0.262     9.732 f  u_fcbrt_core/u_fcbrt_Ssel/s_sel_Reg[0]_i_5/O
                         net (fo=3, routed)           0.116     9.849    u_fcbrt_core/u_fcbrt_Ssel/s_sel_Reg[0]_i_5_n_0
    SLICE_X59Y90         LUT5 (Prop_lut5_I4_O)        0.097     9.946 r  u_fcbrt_core/u_fcbrt_Ssel/s_sel_Reg[0]_i_2/O
                         net (fo=426, routed)         0.669    10.615    u_fcbrt_core/u_fcbrt_Ssel/Residual_c_Reg_reg[115]
    SLICE_X61Y87         LUT6 (Prop_lut6_I5_O)        0.097    10.712 r  u_fcbrt_core/u_fcbrt_Ssel/Residual_s_Reg[54]_i_20/O
                         net (fo=9, routed)           0.497    11.210    u_fcbrt_core/u_fcbrt_Ssel/Residual_s_Reg[54]_i_20_n_0
    SLICE_X62Y87         LUT5 (Prop_lut5_I0_O)        0.097    11.307 r  u_fcbrt_core/u_fcbrt_Ssel/Residual_s_Reg[42]_i_19/O
                         net (fo=4, routed)           0.691    11.997    u_fcbrt_core/u_fcbrt_Ssel/Residual_s_Reg[42]_i_19_n_0
    SLICE_X62Y83         LUT3 (Prop_lut3_I2_O)        0.097    12.094 r  u_fcbrt_core/u_fcbrt_Ssel/Residual_s_Reg[26]_i_17/O
                         net (fo=1, routed)           0.312    12.406    u_fcbrt_core/u_fcbrt_Ssel/Residual_s_Reg[26]_i_17_n_0
    SLICE_X64Y84         LUT6 (Prop_lut6_I5_O)        0.097    12.503 r  u_fcbrt_core/u_fcbrt_Ssel/Residual_s_Reg[26]_i_14/O
                         net (fo=5, routed)           0.675    13.178    u_fcbrt_core/u_fcbrt_Ssel/u_fcbrt_Residual_r4/Residual_B1_sel[19]
    SLICE_X58Y77         LUT3 (Prop_lut3_I1_O)        0.102    13.280 r  u_fcbrt_core/u_fcbrt_Ssel/Residual_s_Reg[26]_i_10/O
                         net (fo=2, routed)           0.439    13.719    u_fcbrt_core/u_fcbrt_Residual_r4/u_Residual_mid2_0/c1_raw[7]
    SLICE_X54Y77         LUT5 (Prop_lut5_I4_O)        0.250    13.969 r  u_fcbrt_core/u_fcbrt_Residual_r4/u_Residual_mid2_0/i_/Residual_s_Reg[25]_i_10/O
                         net (fo=3, routed)           0.424    14.393    u_fcbrt_core/u_fcbrt_Ssel/Residual_s_Reg_reg[23]_0
    SLICE_X50Y77         LUT6 (Prop_lut6_I5_O)        0.097    14.490 r  u_fcbrt_core/u_fcbrt_Ssel/Residual_s_Reg[23]_i_2/O
                         net (fo=2, routed)           0.454    14.944    u_fcbrt_core/u_fcbrt_Ssel/Residual_s_Reg[23]_i_2_n_0
    SLICE_X51Y77         LUT6 (Prop_lut6_I4_O)        0.097    15.041 r  u_fcbrt_core/u_fcbrt_Ssel/Residual_c_Reg[24]_i_1/O
                         net (fo=1, routed)           0.000    15.041    u_fcbrt_core/u_fcbrt_Ssel_n_91
    SLICE_X51Y77         FDCE                                         r  u_fcbrt_core/Residual_c_Reg_reg[24]/D
  -------------------------------------------------------------------    -------------------

                         (clock clk rise edge)        5.000     5.000 r  
    D15                                               0.000     5.000 r  clk_i (IN)
                         net (fo=0)                   0.000     5.000    clk_i
    D15                  IBUF (Prop_ibuf_I_O)         0.686     5.686 r  clk_i_IBUF_inst/O
                         net (fo=1, routed)           1.435     7.121    clk_i_IBUF
    BUFGCTRL_X0Y16       BUFG (Prop_bufg_I_O)         0.072     7.193 r  clk_i_IBUF_BUFG_inst/O
                         net (fo=985, routed)         1.131     8.324    u_fcbrt_core/clk_i_IBUF_BUFG
    SLICE_X51Y77         FDCE                                         r  u_fcbrt_core/Residual_c_Reg_reg[24]/C
                         clock pessimism              0.223     8.548    
                         clock uncertainty           -0.035     8.512    
    SLICE_X51Y77         FDCE (Setup_fdce_C_D)        0.030     8.542    u_fcbrt_core/Residual_c_Reg_reg[24]
  -------------------------------------------------------------------
                         required time                          8.542    
                         arrival time                         -15.041    
  -------------------------------------------------------------------
                         slack                                 -6.498    

Slack (VIOLATED) :        -6.497ns  (required time - arrival time)
  Source:                 u_fcbrt_preprocess/start_P_reg/C
                            (rising edge-triggered cell FDCE clocked by clk  {rise@0.000ns fall@2.500ns period=5.000ns})
  Destination:            u_fcbrt_core/Residual_s_Reg_reg[113]/D
                            (rising edge-triggered cell FDCE clocked by clk  {rise@0.000ns fall@2.500ns period=5.000ns})
  Path Group:             clk
  Path Type:              Setup (Max at Slow Process Corner)
  Requirement:            5.000ns  (clk rise@5.000ns - clk rise@0.000ns)
  Data Path Delay:        11.429ns  (logic 3.435ns (30.056%)  route 7.994ns (69.944%))
  Logic Levels:           20  (CARRY4=4 LUT2=2 LUT5=8 LUT6=6)
  Clock Path Skew:        -0.103ns (DCD - SCD + CPR)
    Destination Clock Delay (DCD):    3.331ns = ( 8.331 - 5.000 ) 
    Source Clock Delay      (SCD):    3.657ns
    Clock Pessimism Removal (CPR):    0.223ns
  Clock Uncertainty:      0.035ns  ((TSJ^2 + TIJ^2)^1/2 + DJ) / 2 + PE
    Total System Jitter     (TSJ):    0.071ns
    Total Input Jitter      (TIJ):    0.000ns
    Discrete Jitter          (DJ):    0.000ns
    Phase Error              (PE):    0.000ns

    Location             Delay type                Incr(ns)  Path(ns)    Netlist Resource(s)
  -------------------------------------------------------------------    -------------------
                         (clock clk rise edge)        0.000     0.000 r  
    D15                                               0.000     0.000 r  clk_i (IN)
                         net (fo=0)                   0.000     0.000    clk_i
    D15                  IBUF (Prop_ibuf_I_O)         0.818     0.818 r  clk_i_IBUF_inst/O
                         net (fo=1, routed)           1.517     2.335    clk_i_IBUF
    BUFGCTRL_X0Y16       BUFG (Prop_bufg_I_O)         0.076     2.411 r  clk_i_IBUF_BUFG_inst/O
                         net (fo=985, routed)         1.247     3.657    u_fcbrt_preprocess/clk_i_IBUF_BUFG
    SLICE_X47Y89         FDCE                                         r  u_fcbrt_preprocess/start_P_reg/C
  -------------------------------------------------------------------    -------------------
    SLICE_X47Y89         FDCE (Prop_fdce_C_Q)         0.341     3.998 f  u_fcbrt_preprocess/start_P_reg/Q
                         net (fo=61, routed)          0.429     4.427    u_fcbrt_preprocess/start_dly_o
    SLICE_X43Y90         LUT2 (Prop_lut2_I0_O)        0.097     4.524 f  u_fcbrt_preprocess/diff10_carry__2_i_2/O
                         net (fo=114, routed)         0.861     5.385    u_fcbrt_preprocess/start_P_reg_5
    SLICE_X46Y92         LUT2 (Prop_lut2_I1_O)        0.097     5.482 r  u_fcbrt_preprocess/diff2_carry__1_i_5/O
                         net (fo=1, routed)           0.000     5.482    u_fcbrt_core/u_fcbrt_ML_PLAC/rounded_sum_carry__1_i_18_6[2]
    SLICE_X46Y92         CARRY4 (Prop_carry4_S[2]_CO[3])
                                                      0.286     5.768 r  u_fcbrt_core/u_fcbrt_ML_PLAC/diff2_carry__1/CO[3]
                         net (fo=19, routed)          0.862     6.631    u_fcbrt_core/u_fcbrt_ML_PLAC/mant_norm_P_reg[54]_11[0]
    SLICE_X46Y93         LUT5 (Prop_lut5_I0_O)        0.097     6.728 r  u_fcbrt_core/u_fcbrt_ML_PLAC/rounded_sum_carry_i_80/O
                         net (fo=1, routed)           0.197     6.924    u_fcbrt_core/u_fcbrt_ML_PLAC/rounded_sum_carry_i_80_n_0
    SLICE_X47Y93         LUT5 (Prop_lut5_I0_O)        0.097     7.021 r  u_fcbrt_core/u_fcbrt_ML_PLAC/rounded_sum_carry_i_53/O
                         net (fo=21, routed)          0.569     7.590    u_fcbrt_preprocess/rounded_sum_carry_i_35_1
    SLICE_X47Y93         LUT5 (Prop_lut5_I3_O)        0.097     7.687 r  u_fcbrt_preprocess/rounded_sum_carry_i_77/O
                         net (fo=4, routed)           0.416     8.104    u_fcbrt_preprocess/rounded_sum_carry_i_77_n_0
    SLICE_X48Y93         LUT5 (Prop_lut5_I1_O)        0.113     8.217 f  u_fcbrt_preprocess/rounded_sum_carry_i_56/O
                         net (fo=3, routed)           0.627     8.843    u_fcbrt_preprocess/rounded_sum_carry_i_56_n_0
    SLICE_X48Y93         LUT6 (Prop_lut6_I2_O)        0.247     9.090 r  u_fcbrt_preprocess/rounded_sum_carry_i_35/O
                         net (fo=2, routed)           0.448     9.538    u_fcbrt_preprocess/rounded_sum_carry_i_35_n_0
    SLICE_X49Y90         LUT6 (Prop_lut6_I0_O)        0.097     9.635 r  u_fcbrt_preprocess/rounded_sum_carry_i_15/O
                         net (fo=3, routed)           0.418    10.053    u_fcbrt_preprocess/rounded_sum_carry_i_15_n_0
    SLICE_X52Y90         LUT6 (Prop_lut6_I0_O)        0.097    10.150 r  u_fcbrt_preprocess/rounded_sum_carry_i_5/O
                         net (fo=3, routed)           0.398    10.548    u_fcbrt_preprocess/rounded_sum_carry_i_5_n_0
    SLICE_X50Y90         LUT5 (Prop_lut5_I1_O)        0.097    10.645 r  u_fcbrt_preprocess/rounded_sum_carry__0_i_12/O
                         net (fo=3, routed)           0.308    10.953    u_fcbrt_preprocess/u_fcbrt_core/u_fcbrt_ML_PLAC/u3_CLA_15bit/C_8
    SLICE_X50Y90         LUT5 (Prop_lut5_I4_O)        0.097    11.050 r  u_fcbrt_preprocess/rounded_sum_carry__0_i_6/O
                         net (fo=3, routed)           0.457    11.508    u_fcbrt_preprocess/u_fcbrt_core/u_fcbrt_ML_PLAC/u3_CLA_15bit/C_1010_out
    SLICE_X51Y91         LUT5 (Prop_lut5_I1_O)        0.097    11.605 r  u_fcbrt_preprocess/rounded_sum_carry__0_i_1/O
                         net (fo=1, routed)           0.000    11.605    u_fcbrt_core/u_fcbrt_ML_PLAC/S_Reg_reg[53][3]
    SLICE_X51Y91         CARRY4 (Prop_carry4_S[3]_O[3])
                                                      0.187    11.792 r  u_fcbrt_core/u_fcbrt_ML_PLAC/rounded_sum_carry__0/O[3]
                         net (fo=42, routed)          0.699    12.490    u_fcbrt_core/rounded_sum_carry__1_i_3[4]
    SLICE_X51Y93         LUT6 (Prop_lut6_I0_O)        0.234    12.724 f  u_fcbrt_core/Residual_s_Reg[109]_i_29/O
                         net (fo=3, routed)           0.491    13.215    u_fcbrt_preprocess/Residual_s_Reg_reg[105]_i_4_2
    SLICE_X55Y93         LUT5 (Prop_lut5_I0_O)        0.097    13.312 r  u_fcbrt_preprocess/Residual_s_Reg[109]_i_34/O
                         net (fo=1, routed)           0.401    13.714    u_fcbrt_preprocess/Residual_s_Reg[109]_i_34_n_0
    SLICE_X52Y93         LUT6 (Prop_lut6_I4_O)        0.097    13.811 r  u_fcbrt_preprocess/Residual_s_Reg[109]_i_18/O
                         net (fo=1, routed)           0.000    13.811    u_fcbrt_preprocess/Residual_s_Reg[109]_i_18_n_0
    SLICE_X52Y93         CARRY4 (Prop_carry4_S[0]_CO[3])
                                                      0.395    14.206 r  u_fcbrt_preprocess/Residual_s_Reg_reg[109]_i_4/CO[3]
                         net (fo=1, routed)           0.000    14.206    u_fcbrt_preprocess/Residual_s_Reg_reg[109]_i_4_n_0
    SLICE_X52Y94         CARRY4 (Prop_carry4_CI_O[3])
                                                      0.234    14.440 r  u_fcbrt_preprocess/Residual_s_Reg_reg[113]_i_4/O[3]
                         net (fo=1, routed)           0.412    14.852    u_fcbrt_core/u_fcbrt_Ssel/Residual_s_Reg_reg[115][11]
    SLICE_X54Y94         LUT6 (Prop_lut6_I3_O)        0.234    15.086 r  u_fcbrt_core/u_fcbrt_Ssel/Residual_s_Reg[113]_i_1/O
                         net (fo=1, routed)           0.000    15.086    u_fcbrt_core/u_fcbrt_Ssel_n_115
    SLICE_X54Y94         FDCE                                         r  u_fcbrt_core/Residual_s_Reg_reg[113]/D
  -------------------------------------------------------------------    -------------------

                         (clock clk rise edge)        5.000     5.000 r  
    D15                                               0.000     5.000 r  clk_i (IN)
                         net (fo=0)                   0.000     5.000    clk_i
    D15                  IBUF (Prop_ibuf_I_O)         0.686     5.686 r  clk_i_IBUF_inst/O
                         net (fo=1, routed)           1.435     7.121    clk_i_IBUF
    BUFGCTRL_X0Y16       BUFG (Prop_bufg_I_O)         0.072     7.193 r  clk_i_IBUF_BUFG_inst/O
                         net (fo=985, routed)         1.138     8.331    u_fcbrt_core/clk_i_IBUF_BUFG
    SLICE_X54Y94         FDCE                                         r  u_fcbrt_core/Residual_s_Reg_reg[113]/C
                         clock pessimism              0.223     8.555    
                         clock uncertainty           -0.035     8.519    
    SLICE_X54Y94         FDCE (Setup_fdce_C_D)        0.070     8.589    u_fcbrt_core/Residual_s_Reg_reg[113]
  -------------------------------------------------------------------
                         required time                          8.589    
                         arrival time                         -15.086    
  -------------------------------------------------------------------
                         slack                                 -6.497    

Slack (VIOLATED) :        -6.479ns  (required time - arrival time)
  Source:                 u_fcbrt_core/S_Square_c_Reg_Prev_reg[2]/C
                            (rising edge-triggered cell FDCE clocked by clk  {rise@0.000ns fall@2.500ns period=5.000ns})
  Destination:            u_fcbrt_core/S_Square_s_Reg_reg[59]/D
                            (rising edge-triggered cell FDCE clocked by clk  {rise@0.000ns fall@2.500ns period=5.000ns})
  Path Group:             clk
  Path Type:              Setup (Max at Slow Process Corner)
  Requirement:            5.000ns  (clk rise@5.000ns - clk rise@0.000ns)
  Data Path Delay:        11.251ns  (logic 5.129ns (45.588%)  route 6.122ns (54.412%))
  Logic Levels:           42  (CARRY4=30 LUT2=1 LUT3=3 LUT5=5 LUT6=3)
  Clock Path Skew:        -0.046ns (DCD - SCD + CPR)
    Destination Clock Delay (DCD):    3.328ns = ( 8.328 - 5.000 ) 
    Source Clock Delay      (SCD):    3.652ns
    Clock Pessimism Removal (CPR):    0.278ns
  Clock Uncertainty:      0.035ns  ((TSJ^2 + TIJ^2)^1/2 + DJ) / 2 + PE
    Total System Jitter     (TSJ):    0.071ns
    Total Input Jitter      (TIJ):    0.000ns
    Discrete Jitter          (DJ):    0.000ns
    Phase Error              (PE):    0.000ns

    Location             Delay type                Incr(ns)  Path(ns)    Netlist Resource(s)
  -------------------------------------------------------------------    -------------------
                         (clock clk rise edge)        0.000     0.000 r  
    D15                                               0.000     0.000 r  clk_i (IN)
                         net (fo=0)                   0.000     0.000    clk_i
    D15                  IBUF (Prop_ibuf_I_O)         0.818     0.818 r  clk_i_IBUF_inst/O
                         net (fo=1, routed)           1.517     2.335    clk_i_IBUF
    BUFGCTRL_X0Y16       BUFG (Prop_bufg_I_O)         0.076     2.411 r  clk_i_IBUF_BUFG_inst/O
                         net (fo=985, routed)         1.242     3.652    u_fcbrt_core/clk_i_IBUF_BUFG
    SLICE_X57Y62         FDCE                                         r  u_fcbrt_core/S_Square_c_Reg_Prev_reg[2]/C
  -------------------------------------------------------------------    -------------------
    SLICE_X57Y62         FDCE (Prop_fdce_C_Q)         0.313     3.965 r  u_fcbrt_core/S_Square_c_Reg_Prev_reg[2]/Q
                         net (fo=1, routed)           0.302     4.267    u_fcbrt_core/S_Square_c_Reg_Prev_reg_n_0_[2]
    SLICE_X56Y61         LUT2 (Prop_lut2_I1_O)        0.215     4.482 r  u_fcbrt_core/S_sel_o1__5_carry_i_148/O
                         net (fo=1, routed)           0.000     4.482    u_fcbrt_core/S_sel_o1__5_carry_i_148_n_0
    SLICE_X56Y61         CARRY4 (Prop_carry4_S[1]_CO[3])
                                                      0.402     4.884 r  u_fcbrt_core/S_sel_o1__5_carry_i_141/CO[3]
                         net (fo=1, routed)           0.000     4.884    u_fcbrt_core/S_sel_o1__5_carry_i_141_n_0
    SLICE_X56Y62         CARRY4 (Prop_carry4_CI_CO[3])
                                                      0.092     4.976 r  u_fcbrt_core/S_sel_o1__5_carry_i_136/CO[3]
                         net (fo=1, routed)           0.000     4.976    u_fcbrt_core/S_sel_o1__5_carry_i_136_n_0
    SLICE_X56Y63         CARRY4 (Prop_carry4_CI_CO[3])
                                                      0.092     5.068 r  u_fcbrt_core/S_sel_o1__5_carry_i_131/CO[3]
                         net (fo=1, routed)           0.000     5.068    u_fcbrt_core/S_sel_o1__5_carry_i_131_n_0
    SLICE_X56Y64         CARRY4 (Prop_carry4_CI_CO[3])
                                                      0.092     5.160 r  u_fcbrt_core/S_sel_o1__5_carry_i_126/CO[3]
                         net (fo=1, routed)           0.000     5.160    u_fcbrt_core/S_sel_o1__5_carry_i_126_n_0
    SLICE_X56Y65         CARRY4 (Prop_carry4_CI_CO[3])
                                                      0.092     5.252 r  u_fcbrt_core/S_sel_o1__5_carry_i_121/CO[3]
                         net (fo=1, routed)           0.000     5.252    u_fcbrt_core/S_sel_o1__5_carry_i_121_n_0
    SLICE_X56Y66         CARRY4 (Prop_carry4_CI_CO[3])
                                                      0.092     5.344 r  u_fcbrt_core/S_sel_o1__5_carry_i_116/CO[3]
                         net (fo=1, routed)           0.000     5.344    u_fcbrt_core/S_sel_o1__5_carry_i_116_n_0
    SLICE_X56Y67         CARRY4 (Prop_carry4_CI_CO[3])
                                                      0.092     5.436 r  u_fcbrt_core/S_sel_o1__5_carry_i_111/CO[3]
                         net (fo=1, routed)           0.000     5.436    u_fcbrt_core/S_sel_o1__5_carry_i_111_n_0
    SLICE_X56Y68         CARRY4 (Prop_carry4_CI_CO[3])
                                                      0.092     5.528 r  u_fcbrt_core/S_sel_o1__5_carry_i_106/CO[3]
                         net (fo=1, routed)           0.000     5.528    u_fcbrt_core/S_sel_o1__5_carry_i_106_n_0
    SLICE_X56Y69         CARRY4 (Prop_carry4_CI_CO[3])
                                                      0.092     5.620 r  u_fcbrt_core/S_sel_o1__5_carry_i_101/CO[3]
                         net (fo=1, routed)           0.000     5.620    u_fcbrt_core/S_sel_o1__5_carry_i_101_n_0
    SLICE_X56Y70         CARRY4 (Prop_carry4_CI_CO[3])
                                                      0.092     5.712 r  u_fcbrt_core/S_sel_o1__5_carry_i_96/CO[3]
                         net (fo=1, routed)           0.000     5.712    u_fcbrt_core/S_sel_o1__5_carry_i_96_n_0
    SLICE_X56Y71         CARRY4 (Prop_carry4_CI_CO[3])
                                                      0.092     5.804 r  u_fcbrt_core/S_sel_o1__5_carry_i_91/CO[3]
                         net (fo=1, routed)           0.000     5.804    u_fcbrt_core/S_sel_o1__5_carry_i_91_n_0
    SLICE_X56Y72         CARRY4 (Prop_carry4_CI_CO[3])
                                                      0.092     5.896 r  u_fcbrt_core/S_sel_o1__5_carry_i_86/CO[3]
                         net (fo=1, routed)           0.000     5.896    u_fcbrt_core/S_sel_o1__5_carry_i_86_n_0
    SLICE_X56Y73         CARRY4 (Prop_carry4_CI_CO[3])
                                                      0.092     5.988 r  u_fcbrt_core/S_sel_o1__5_carry_i_81/CO[3]
                         net (fo=1, routed)           0.000     5.988    u_fcbrt_core/S_sel_o1__5_carry_i_81_n_0
    SLICE_X56Y74         CARRY4 (Prop_carry4_CI_CO[3])
                                                      0.092     6.080 r  u_fcbrt_core/S_sel_o1__5_carry_i_76/CO[3]
                         net (fo=1, routed)           0.007     6.088    u_fcbrt_core/S_sel_o1__5_carry_i_76_n_0
    SLICE_X56Y75         CARRY4 (Prop_carry4_CI_CO[3])
                                                      0.092     6.180 r  u_fcbrt_core/S_sel_o1__5_carry_i_71/CO[3]
                         net (fo=1, routed)           0.000     6.180    u_fcbrt_core/S_sel_o1__5_carry_i_71_n_0
    SLICE_X56Y76         CARRY4 (Prop_carry4_CI_CO[3])
                                                      0.092     6.272 r  u_fcbrt_core/S_sel_o1__5_carry_i_66/CO[3]
                         net (fo=1, routed)           0.000     6.272    u_fcbrt_core/S_sel_o1__5_carry_i_66_n_0
    SLICE_X56Y77         CARRY4 (Prop_carry4_CI_CO[3])
                                                      0.092     6.364 r  u_fcbrt_core/S_sel_o1__5_carry_i_61/CO[3]
                         net (fo=1, routed)           0.000     6.364    u_fcbrt_core/S_sel_o1__5_carry_i_61_n_0
    SLICE_X56Y78         CARRY4 (Prop_carry4_CI_CO[3])
                                                      0.092     6.456 r  u_fcbrt_core/S_sel_o1__5_carry_i_56/CO[3]
                         net (fo=1, routed)           0.000     6.456    u_fcbrt_core/S_sel_o1__5_carry_i_56_n_0
    SLICE_X56Y79         CARRY4 (Prop_carry4_CI_CO[3])
                                                      0.092     6.548 r  u_fcbrt_core/S_sel_o1__5_carry_i_51/CO[3]
                         net (fo=1, routed)           0.000     6.548    u_fcbrt_core/S_sel_o1__5_carry_i_51_n_0
    SLICE_X56Y80         CARRY4 (Prop_carry4_CI_CO[3])
                                                      0.092     6.640 r  u_fcbrt_core/S_sel_o1__5_carry_i_46/CO[3]
                         net (fo=1, routed)           0.000     6.640    u_fcbrt_core/S_sel_o1__5_carry_i_46_n_0
    SLICE_X56Y81         CARRY4 (Prop_carry4_CI_CO[3])
                                                      0.092     6.732 r  u_fcbrt_core/S_sel_o1__5_carry_i_41/CO[3]
                         net (fo=1, routed)           0.000     6.732    u_fcbrt_core/S_sel_o1__5_carry_i_41_n_0
    SLICE_X56Y82         CARRY4 (Prop_carry4_CI_CO[3])
                                                      0.092     6.824 r  u_fcbrt_core/S_sel_o1__5_carry_i_36/CO[3]
                         net (fo=1, routed)           0.000     6.824    u_fcbrt_core/S_sel_o1__5_carry_i_36_n_0
    SLICE_X56Y83         CARRY4 (Prop_carry4_CI_CO[3])
                                                      0.092     6.916 r  u_fcbrt_core/S_sel_o1__5_carry_i_31/CO[3]
                         net (fo=1, routed)           0.000     6.916    u_fcbrt_core/S_sel_o1__5_carry_i_31_n_0
    SLICE_X56Y84         CARRY4 (Prop_carry4_CI_CO[3])
                                                      0.092     7.008 r  u_fcbrt_core/S_sel_o1__5_carry_i_26/CO[3]
                         net (fo=1, routed)           0.000     7.008    u_fcbrt_core/S_sel_o1__5_carry_i_26_n_0
    SLICE_X56Y85         CARRY4 (Prop_carry4_CI_CO[3])
                                                      0.092     7.100 r  u_fcbrt_core/S_sel_o1__5_carry_i_21/CO[3]
                         net (fo=1, routed)           0.000     7.100    u_fcbrt_core/S_sel_o1__5_carry_i_21_n_0
    SLICE_X56Y86         CARRY4 (Prop_carry4_CI_CO[3])
                                                      0.092     7.192 r  u_fcbrt_core/S_sel_o1__5_carry_i_16/CO[3]
                         net (fo=1, routed)           0.000     7.192    u_fcbrt_core/S_sel_o1__5_carry_i_16_n_0
    SLICE_X56Y87         CARRY4 (Prop_carry4_CI_CO[3])
                                                      0.092     7.284 r  u_fcbrt_core/S_sel_o1__5_carry_i_11/CO[3]
                         net (fo=1, routed)           0.000     7.284    u_fcbrt_core/S_sel_o1__5_carry_i_11_n_0
    SLICE_X56Y88         CARRY4 (Prop_carry4_CI_CO[3])
                                                      0.092     7.376 r  u_fcbrt_core/S_sel_o1__5_carry_i_9/CO[3]
                         net (fo=13, routed)          0.636     8.011    u_fcbrt_core/u_fcbrt_Ssel/S_Square_Prev[0]
    SLICE_X58Y89         LUT5 (Prop_lut5_I4_O)        0.097     8.108 f  u_fcbrt_core/u_fcbrt_Ssel/S_sel_o1_carry_i_9/O
                         net (fo=8, routed)           0.346     8.454    u_fcbrt_core/u_fcbrt_Ssel/S_sel_o1_carry_i_9_n_0
    SLICE_X58Y87         LUT3 (Prop_lut3_I0_O)        0.097     8.551 r  u_fcbrt_core/u_fcbrt_Ssel/S_sel_o1__15_carry_i_5/O
                         net (fo=1, routed)           0.000     8.551    u_fcbrt_core/u_fcbrt_Ssel/S_sel_o1__15_carry_i_5_n_0
    SLICE_X58Y87         CARRY4 (Prop_carry4_S[3]_CO[3])
                                                      0.284     8.835 r  u_fcbrt_core/u_fcbrt_Ssel/S_sel_o1__15_carry/CO[3]
                         net (fo=1, routed)           0.000     8.835    u_fcbrt_core/u_fcbrt_Ssel/S_sel_o1__15_carry_n_0
    SLICE_X58Y88         CARRY4 (Prop_carry4_CI_CO[0])
                                                      0.184     9.019 r  u_fcbrt_core/u_fcbrt_Ssel/S_sel_o1__15_carry__0/CO[0]
                         net (fo=5, routed)           0.451     9.470    u_fcbrt_core/u_fcbrt_Ssel/S_sel_o1__15_carry__0_n_3
    SLICE_X59Y90         LUT6 (Prop_lut6_I2_O)        0.262     9.732 f  u_fcbrt_core/u_fcbrt_Ssel/s_sel_Reg[0]_i_5/O
                         net (fo=3, routed)           0.116     9.849    u_fcbrt_core/u_fcbrt_Ssel/s_sel_Reg[0]_i_5_n_0
    SLICE_X59Y90         LUT5 (Prop_lut5_I4_O)        0.097     9.946 r  u_fcbrt_core/u_fcbrt_Ssel/s_sel_Reg[0]_i_2/O
                         net (fo=426, routed)         1.118    11.064    u_fcbrt_core/u_fcbrt_Ssel/Residual_c_Reg_reg[115]
    SLICE_X72Y85         LUT5 (Prop_lut5_I2_O)        0.097    11.161 r  u_fcbrt_core/u_fcbrt_Ssel/S_Square_c_Reg[47]_i_7/O
                         net (fo=4, routed)           0.744    11.905    u_fcbrt_core/u_fcbrt_Ssel/u_fcbrt_Ssquare_r4/data0[77]
    SLICE_X73Y76         LUT6 (Prop_lut6_I0_O)        0.097    12.002 r  u_fcbrt_core/u_fcbrt_Ssel/S_Square_c_Reg[45]_i_5/O
                         net (fo=4, routed)           0.493    12.495    u_fcbrt_core/u_fcbrt_Ssel/S_Square_c_Reg[45]_i_5_n_0
    SLICE_X74Y77         LUT3 (Prop_lut3_I2_O)        0.097    12.592 r  u_fcbrt_core/u_fcbrt_Ssel/S_Square_c_Reg[77]_i_5/O
                         net (fo=2, routed)           0.455    13.047    u_fcbrt_core/u_fcbrt_Ssel/S_Square_c_Reg[77]_i_5_n_0
    SLICE_X74Y77         LUT5 (Prop_lut5_I3_O)        0.097    13.144 r  u_fcbrt_core/u_fcbrt_Ssel/S_Square_c_Reg[61]_i_6/O
                         net (fo=1, routed)           0.321    13.465    u_fcbrt_core/u_fcbrt_Ssel/S_Square_c_Reg[61]_i_6_n_0
    SLICE_X74Y77         LUT6 (Prop_lut6_I5_O)        0.097    13.562 r  u_fcbrt_core/u_fcbrt_Ssel/S_Square_c_Reg[61]_i_2/O
                         net (fo=3, routed)           0.502    14.065    u_fcbrt_core/u_fcbrt_Ssel/u_fcbrt_Ssquare_r4/Sqx0[59]
    SLICE_X71Y77         LUT3 (Prop_lut3_I2_O)        0.097    14.162 r  u_fcbrt_core/u_fcbrt_Ssel/S_Square_c_Reg[60]_i_3/O
                         net (fo=2, routed)           0.411    14.573    u_fcbrt_core/u_fcbrt_Ssel/S_Square_c_Reg[60]_i_3_n_0
    SLICE_X70Y76         LUT5 (Prop_lut5_I3_O)        0.112    14.685 r  u_fcbrt_core/u_fcbrt_Ssel/S_Square_s_Reg[59]_i_1/O
                         net (fo=1, routed)           0.218    14.903    u_fcbrt_core/u_fcbrt_Ssel_n_489
    SLICE_X70Y77         FDCE                                         r  u_fcbrt_core/S_Square_s_Reg_reg[59]/D
  -------------------------------------------------------------------    -------------------

                         (clock clk rise edge)        5.000     5.000 r  
    D15                                               0.000     5.000 r  clk_i (IN)
                         net (fo=0)                   0.000     5.000    clk_i
    D15                  IBUF (Prop_ibuf_I_O)         0.686     5.686 r  clk_i_IBUF_inst/O
                         net (fo=1, routed)           1.435     7.121    clk_i_IBUF
    BUFGCTRL_X0Y16       BUFG (Prop_bufg_I_O)         0.072     7.193 r  clk_i_IBUF_BUFG_inst/O
                         net (fo=985, routed)         1.135     8.328    u_fcbrt_core/clk_i_IBUF_BUFG
    SLICE_X70Y77         FDCE                                         r  u_fcbrt_core/S_Square_s_Reg_reg[59]/C
                         clock pessimism              0.278     8.606    
                         clock uncertainty           -0.035     8.571    
    SLICE_X70Y77         FDCE (Setup_fdce_C_D)       -0.147     8.424    u_fcbrt_core/S_Square_s_Reg_reg[59]
  -------------------------------------------------------------------
                         required time                          8.424    
                         arrival time                         -14.903    
  -------------------------------------------------------------------
                         slack                                 -6.479    

Slack (VIOLATED) :        -6.474ns  (required time - arrival time)
  Source:                 u_fcbrt_core/S_Square_c_Reg_Prev_reg[2]/C
                            (rising edge-triggered cell FDCE clocked by clk  {rise@0.000ns fall@2.500ns period=5.000ns})
  Destination:            u_fcbrt_core/Residual_s_Reg_reg[42]/D
                            (rising edge-triggered cell FDCE clocked by clk  {rise@0.000ns fall@2.500ns period=5.000ns})
  Path Group:             clk
  Path Type:              Setup (Max at Slow Process Corner)
  Requirement:            5.000ns  (clk rise@5.000ns - clk rise@0.000ns)
  Data Path Delay:        11.407ns  (logic 5.211ns (45.682%)  route 6.196ns (54.318%))
  Logic Levels:           43  (CARRY4=30 LUT2=2 LUT3=2 LUT5=3 LUT6=6)
  Clock Path Skew:        -0.101ns (DCD - SCD + CPR)
    Destination Clock Delay (DCD):    3.328ns = ( 8.328 - 5.000 ) 
    Source Clock Delay      (SCD):    3.652ns
    Clock Pessimism Removal (CPR):    0.223ns
  Clock Uncertainty:      0.035ns  ((TSJ^2 + TIJ^2)^1/2 + DJ) / 2 + PE
    Total System Jitter     (TSJ):    0.071ns
    Total Input Jitter      (TIJ):    0.000ns
    Discrete Jitter          (DJ):    0.000ns
    Phase Error              (PE):    0.000ns

    Location             Delay type                Incr(ns)  Path(ns)    Netlist Resource(s)
  -------------------------------------------------------------------    -------------------
                         (clock clk rise edge)        0.000     0.000 r  
    D15                                               0.000     0.000 r  clk_i (IN)
                         net (fo=0)                   0.000     0.000    clk_i
    D15                  IBUF (Prop_ibuf_I_O)         0.818     0.818 r  clk_i_IBUF_inst/O
                         net (fo=1, routed)           1.517     2.335    clk_i_IBUF
    BUFGCTRL_X0Y16       BUFG (Prop_bufg_I_O)         0.076     2.411 r  clk_i_IBUF_BUFG_inst/O
                         net (fo=985, routed)         1.242     3.652    u_fcbrt_core/clk_i_IBUF_BUFG
    SLICE_X57Y62         FDCE                                         r  u_fcbrt_core/S_Square_c_Reg_Prev_reg[2]/C
  -------------------------------------------------------------------    -------------------
    SLICE_X57Y62         FDCE (Prop_fdce_C_Q)         0.313     3.965 r  u_fcbrt_core/S_Square_c_Reg_Prev_reg[2]/Q
                         net (fo=1, routed)           0.302     4.267    u_fcbrt_core/S_Square_c_Reg_Prev_reg_n_0_[2]
    SLICE_X56Y61         LUT2 (Prop_lut2_I1_O)        0.215     4.482 r  u_fcbrt_core/S_sel_o1__5_carry_i_148/O
                         net (fo=1, routed)           0.000     4.482    u_fcbrt_core/S_sel_o1__5_carry_i_148_n_0
    SLICE_X56Y61         CARRY4 (Prop_carry4_S[1]_CO[3])
                                                      0.402     4.884 r  u_fcbrt_core/S_sel_o1__5_carry_i_141/CO[3]
                         net (fo=1, routed)           0.000     4.884    u_fcbrt_core/S_sel_o1__5_carry_i_141_n_0
    SLICE_X56Y62         CARRY4 (Prop_carry4_CI_CO[3])
                                                      0.092     4.976 r  u_fcbrt_core/S_sel_o1__5_carry_i_136/CO[3]
                         net (fo=1, routed)           0.000     4.976    u_fcbrt_core/S_sel_o1__5_carry_i_136_n_0
    SLICE_X56Y63         CARRY4 (Prop_carry4_CI_CO[3])
                                                      0.092     5.068 r  u_fcbrt_core/S_sel_o1__5_carry_i_131/CO[3]
                         net (fo=1, routed)           0.000     5.068    u_fcbrt_core/S_sel_o1__5_carry_i_131_n_0
    SLICE_X56Y64         CARRY4 (Prop_carry4_CI_CO[3])
                                                      0.092     5.160 r  u_fcbrt_core/S_sel_o1__5_carry_i_126/CO[3]
                         net (fo=1, routed)           0.000     5.160    u_fcbrt_core/S_sel_o1__5_carry_i_126_n_0
    SLICE_X56Y65         CARRY4 (Prop_carry4_CI_CO[3])
                                                      0.092     5.252 r  u_fcbrt_core/S_sel_o1__5_carry_i_121/CO[3]
                         net (fo=1, routed)           0.000     5.252    u_fcbrt_core/S_sel_o1__5_carry_i_121_n_0
    SLICE_X56Y66         CARRY4 (Prop_carry4_CI_CO[3])
                                                      0.092     5.344 r  u_fcbrt_core/S_sel_o1__5_carry_i_116/CO[3]
                         net (fo=1, routed)           0.000     5.344    u_fcbrt_core/S_sel_o1__5_carry_i_116_n_0
    SLICE_X56Y67         CARRY4 (Prop_carry4_CI_CO[3])
                                                      0.092     5.436 r  u_fcbrt_core/S_sel_o1__5_carry_i_111/CO[3]
                         net (fo=1, routed)           0.000     5.436    u_fcbrt_core/S_sel_o1__5_carry_i_111_n_0
    SLICE_X56Y68         CARRY4 (Prop_carry4_CI_CO[3])
                                                      0.092     5.528 r  u_fcbrt_core/S_sel_o1__5_carry_i_106/CO[3]
                         net (fo=1, routed)           0.000     5.528    u_fcbrt_core/S_sel_o1__5_carry_i_106_n_0
    SLICE_X56Y69         CARRY4 (Prop_carry4_CI_CO[3])
                                                      0.092     5.620 r  u_fcbrt_core/S_sel_o1__5_carry_i_101/CO[3]
                         net (fo=1, routed)           0.000     5.620    u_fcbrt_core/S_sel_o1__5_carry_i_101_n_0
    SLICE_X56Y70         CARRY4 (Prop_carry4_CI_CO[3])
                                                      0.092     5.712 r  u_fcbrt_core/S_sel_o1__5_carry_i_96/CO[3]
                         net (fo=1, routed)           0.000     5.712    u_fcbrt_core/S_sel_o1__5_carry_i_96_n_0
    SLICE_X56Y71         CARRY4 (Prop_carry4_CI_CO[3])
                                                      0.092     5.804 r  u_fcbrt_core/S_sel_o1__5_carry_i_91/CO[3]
                         net (fo=1, routed)           0.000     5.804    u_fcbrt_core/S_sel_o1__5_carry_i_91_n_0
    SLICE_X56Y72         CARRY4 (Prop_carry4_CI_CO[3])
                                                      0.092     5.896 r  u_fcbrt_core/S_sel_o1__5_carry_i_86/CO[3]
                         net (fo=1, routed)           0.000     5.896    u_fcbrt_core/S_sel_o1__5_carry_i_86_n_0
    SLICE_X56Y73         CARRY4 (Prop_carry4_CI_CO[3])
                                                      0.092     5.988 r  u_fcbrt_core/S_sel_o1__5_carry_i_81/CO[3]
                         net (fo=1, routed)           0.000     5.988    u_fcbrt_core/S_sel_o1__5_carry_i_81_n_0
    SLICE_X56Y74         CARRY4 (Prop_carry4_CI_CO[3])
                                                      0.092     6.080 r  u_fcbrt_core/S_sel_o1__5_carry_i_76/CO[3]
                         net (fo=1, routed)           0.007     6.088    u_fcbrt_core/S_sel_o1__5_carry_i_76_n_0
    SLICE_X56Y75         CARRY4 (Prop_carry4_CI_CO[3])
                                                      0.092     6.180 r  u_fcbrt_core/S_sel_o1__5_carry_i_71/CO[3]
                         net (fo=1, routed)           0.000     6.180    u_fcbrt_core/S_sel_o1__5_carry_i_71_n_0
    SLICE_X56Y76         CARRY4 (Prop_carry4_CI_CO[3])
                                                      0.092     6.272 r  u_fcbrt_core/S_sel_o1__5_carry_i_66/CO[3]
                         net (fo=1, routed)           0.000     6.272    u_fcbrt_core/S_sel_o1__5_carry_i_66_n_0
    SLICE_X56Y77         CARRY4 (Prop_carry4_CI_CO[3])
                                                      0.092     6.364 r  u_fcbrt_core/S_sel_o1__5_carry_i_61/CO[3]
                         net (fo=1, routed)           0.000     6.364    u_fcbrt_core/S_sel_o1__5_carry_i_61_n_0
    SLICE_X56Y78         CARRY4 (Prop_carry4_CI_CO[3])
                                                      0.092     6.456 r  u_fcbrt_core/S_sel_o1__5_carry_i_56/CO[3]
                         net (fo=1, routed)           0.000     6.456    u_fcbrt_core/S_sel_o1__5_carry_i_56_n_0
    SLICE_X56Y79         CARRY4 (Prop_carry4_CI_CO[3])
                                                      0.092     6.548 r  u_fcbrt_core/S_sel_o1__5_carry_i_51/CO[3]
                         net (fo=1, routed)           0.000     6.548    u_fcbrt_core/S_sel_o1__5_carry_i_51_n_0
    SLICE_X56Y80         CARRY4 (Prop_carry4_CI_CO[3])
                                                      0.092     6.640 r  u_fcbrt_core/S_sel_o1__5_carry_i_46/CO[3]
                         net (fo=1, routed)           0.000     6.640    u_fcbrt_core/S_sel_o1__5_carry_i_46_n_0
    SLICE_X56Y81         CARRY4 (Prop_carry4_CI_CO[3])
                                                      0.092     6.732 r  u_fcbrt_core/S_sel_o1__5_carry_i_41/CO[3]
                         net (fo=1, routed)           0.000     6.732    u_fcbrt_core/S_sel_o1__5_carry_i_41_n_0
    SLICE_X56Y82         CARRY4 (Prop_carry4_CI_CO[3])
                                                      0.092     6.824 r  u_fcbrt_core/S_sel_o1__5_carry_i_36/CO[3]
                         net (fo=1, routed)           0.000     6.824    u_fcbrt_core/S_sel_o1__5_carry_i_36_n_0
    SLICE_X56Y83         CARRY4 (Prop_carry4_CI_CO[3])
                                                      0.092     6.916 r  u_fcbrt_core/S_sel_o1__5_carry_i_31/CO[3]
                         net (fo=1, routed)           0.000     6.916    u_fcbrt_core/S_sel_o1__5_carry_i_31_n_0
    SLICE_X56Y84         CARRY4 (Prop_carry4_CI_CO[3])
                                                      0.092     7.008 r  u_fcbrt_core/S_sel_o1__5_carry_i_26/CO[3]
                         net (fo=1, routed)           0.000     7.008    u_fcbrt_core/S_sel_o1__5_carry_i_26_n_0
    SLICE_X56Y85         CARRY4 (Prop_carry4_CI_CO[3])
                                                      0.092     7.100 r  u_fcbrt_core/S_sel_o1__5_carry_i_21/CO[3]
                         net (fo=1, routed)           0.000     7.100    u_fcbrt_core/S_sel_o1__5_carry_i_21_n_0
    SLICE_X56Y86         CARRY4 (Prop_carry4_CI_CO[3])
                                                      0.092     7.192 r  u_fcbrt_core/S_sel_o1__5_carry_i_16/CO[3]
                         net (fo=1, routed)           0.000     7.192    u_fcbrt_core/S_sel_o1__5_carry_i_16_n_0
    SLICE_X56Y87         CARRY4 (Prop_carry4_CI_CO[3])
                                                      0.092     7.284 r  u_fcbrt_core/S_sel_o1__5_carry_i_11/CO[3]
                         net (fo=1, routed)           0.000     7.284    u_fcbrt_core/S_sel_o1__5_carry_i_11_n_0
    SLICE_X56Y88         CARRY4 (Prop_carry4_CI_CO[3])
                                                      0.092     7.376 r  u_fcbrt_core/S_sel_o1__5_carry_i_9/CO[3]
                         net (fo=13, routed)          0.636     8.011    u_fcbrt_core/u_fcbrt_Ssel/S_Square_Prev[0]
    SLICE_X58Y89         LUT5 (Prop_lut5_I4_O)        0.097     8.108 f  u_fcbrt_core/u_fcbrt_Ssel/S_sel_o1_carry_i_9/O
                         net (fo=8, routed)           0.346     8.454    u_fcbrt_core/u_fcbrt_Ssel/S_sel_o1_carry_i_9_n_0
    SLICE_X58Y87         LUT3 (Prop_lut3_I0_O)        0.097     8.551 r  u_fcbrt_core/u_fcbrt_Ssel/S_sel_o1__15_carry_i_5/O
                         net (fo=1, routed)           0.000     8.551    u_fcbrt_core/u_fcbrt_Ssel/S_sel_o1__15_carry_i_5_n_0
    SLICE_X58Y87         CARRY4 (Prop_carry4_S[3]_CO[3])
                                                      0.284     8.835 r  u_fcbrt_core/u_fcbrt_Ssel/S_sel_o1__15_carry/CO[3]
                         net (fo=1, routed)           0.000     8.835    u_fcbrt_core/u_fcbrt_Ssel/S_sel_o1__15_carry_n_0
    SLICE_X58Y88         CARRY4 (Prop_carry4_CI_CO[0])
                                                      0.184     9.019 f  u_fcbrt_core/u_fcbrt_Ssel/S_sel_o1__15_carry__0/CO[0]
                         net (fo=5, routed)           0.355     9.374    u_fcbrt_core/u_fcbrt_Ssel/S_sel_o1__15_carry__0_n_3
    SLICE_X60Y88         LUT6 (Prop_lut6_I5_O)        0.262     9.636 r  u_fcbrt_core/u_fcbrt_Ssel/s_sel_Reg[1]_i_2/O
                         net (fo=105, routed)         0.178     9.814    u_fcbrt_core/u_fcbrt_Ssel/s_sel_Reg_reg[0]_0
    SLICE_X60Y88         LUT2 (Prop_lut2_I0_O)        0.097     9.911 f  u_fcbrt_core/u_fcbrt_Ssel/S_Square_c_Reg[29]_i_5/O
                         net (fo=105, routed)         0.259    10.169    u_fcbrt_core/u_fcbrt_Ssel/S_Square_c_Reg[29]_i_5_n_0
    SLICE_X61Y88         LUT6 (Prop_lut6_I5_O)        0.097    10.266 r  u_fcbrt_core/u_fcbrt_Ssel/Residual_s_Reg[3]_i_6/O
                         net (fo=148, routed)         0.726    10.993    u_fcbrt_core/u_fcbrt_Ssel/Residual_s_Reg[3]_i_6_n_0
    SLICE_X62Y87         LUT6 (Prop_lut6_I3_O)        0.097    11.090 r  u_fcbrt_core/u_fcbrt_Ssel/Residual_s_Reg[55]_i_31/O
                         net (fo=6, routed)           0.642    11.731    u_fcbrt_core/u_fcbrt_Ssel/Residual_s_Reg[55]_i_31_n_0
    SLICE_X64Y87         LUT6 (Prop_lut6_I1_O)        0.097    11.828 r  u_fcbrt_core/u_fcbrt_Ssel/Residual_s_Reg[77]_i_18/O
                         net (fo=5, routed)           0.416    12.244    u_fcbrt_core/u_fcbrt_Ssel/Residual_s_Reg[77]_i_18_n_0
    SLICE_X66Y86         LUT3 (Prop_lut3_I2_O)        0.097    12.341 r  u_fcbrt_core/u_fcbrt_Ssel/Residual_s_Reg[45]_i_18/O
                         net (fo=2, routed)           1.065    13.406    u_fcbrt_core/u_fcbrt_Ssel/Residual_s_Reg[45]_i_18_n_0
    SLICE_X44Y76         LUT6 (Prop_lut6_I3_O)        0.097    13.503 r  u_fcbrt_core/u_fcbrt_Ssel/Residual_s_Reg[43]_i_11/O
                         net (fo=1, routed)           0.366    13.869    u_fcbrt_core/u_fcbrt_Residual_r4/u_Residual_mid2_0/Residual_s_Reg[41]_i_2
    SLICE_X43Y76         LUT5 (Prop_lut5_I3_O)        0.097    13.966 r  u_fcbrt_core/u_fcbrt_Residual_r4/u_Residual_mid2_0/i_/Residual_s_Reg[43]_i_6/O
                         net (fo=3, routed)           0.335    14.301    u_fcbrt_core/u_fcbrt_Residual_r4/u_Residual_mid2_0/Residual_s_Reg_reg[37]
    SLICE_X42Y77         LUT5 (Prop_lut5_I0_O)        0.097    14.398 r  u_fcbrt_core/u_fcbrt_Residual_r4/u_Residual_mid2_0/i_/Residual_s_Reg[43]_i_5/O
                         net (fo=4, routed)           0.565    14.962    u_fcbrt_core/u_fcbrt_Ssel/Residual_s_Reg_reg[106][26]
    SLICE_X42Y77         LUT6 (Prop_lut6_I0_O)        0.097    15.059 r  u_fcbrt_core/u_fcbrt_Ssel/Residual_s_Reg[42]_i_1/O
                         net (fo=1, routed)           0.000    15.059    u_fcbrt_core/u_fcbrt_Ssel_n_186
    SLICE_X42Y77         FDCE                                         r  u_fcbrt_core/Residual_s_Reg_reg[42]/D
  -------------------------------------------------------------------    -------------------

                         (clock clk rise edge)        5.000     5.000 r  
    D15                                               0.000     5.000 r  clk_i (IN)
                         net (fo=0)                   0.000     5.000    clk_i
    D15                  IBUF (Prop_ibuf_I_O)         0.686     5.686 r  clk_i_IBUF_inst/O
                         net (fo=1, routed)           1.435     7.121    clk_i_IBUF
    BUFGCTRL_X0Y16       BUFG (Prop_bufg_I_O)         0.072     7.193 r  clk_i_IBUF_BUFG_inst/O
                         net (fo=985, routed)         1.135     8.328    u_fcbrt_core/clk_i_IBUF_BUFG
    SLICE_X42Y77         FDCE                                         r  u_fcbrt_core/Residual_s_Reg_reg[42]/C
                         clock pessimism              0.223     8.552    
                         clock uncertainty           -0.035     8.516    
    SLICE_X42Y77         FDCE (Setup_fdce_C_D)        0.069     8.585    u_fcbrt_core/Residual_s_Reg_reg[42]
  -------------------------------------------------------------------
                         required time                          8.585    
                         arrival time                         -15.059    
  -------------------------------------------------------------------
                         slack                                 -6.474    

Slack (VIOLATED) :        -6.468ns  (required time - arrival time)
  Source:                 u_fcbrt_core/S_Square_c_Reg_Prev_reg[2]/C
                            (rising edge-triggered cell FDCE clocked by clk  {rise@0.000ns fall@2.500ns period=5.000ns})
  Destination:            u_fcbrt_core/Residual_c_Reg_reg[71]/D
                            (rising edge-triggered cell FDCE clocked by clk  {rise@0.000ns fall@2.500ns period=5.000ns})
  Path Group:             clk
  Path Type:              Setup (Max at Slow Process Corner)
  Requirement:            5.000ns  (clk rise@5.000ns - clk rise@0.000ns)
  Data Path Delay:        11.364ns  (logic 5.211ns (45.856%)  route 6.153ns (54.144%))
  Logic Levels:           43  (CARRY4=30 LUT2=2 LUT3=2 LUT5=4 LUT6=5)
  Clock Path Skew:        -0.098ns (DCD - SCD + CPR)
    Destination Clock Delay (DCD):    3.330ns = ( 8.330 - 5.000 ) 
    Source Clock Delay      (SCD):    3.652ns
    Clock Pessimism Removal (CPR):    0.223ns
  Clock Uncertainty:      0.035ns  ((TSJ^2 + TIJ^2)^1/2 + DJ) / 2 + PE
    Total System Jitter     (TSJ):    0.071ns
    Total Input Jitter      (TIJ):    0.000ns
    Discrete Jitter          (DJ):    0.000ns
    Phase Error              (PE):    0.000ns

    Location             Delay type                Incr(ns)  Path(ns)    Netlist Resource(s)
  -------------------------------------------------------------------    -------------------
                         (clock clk rise edge)        0.000     0.000 r  
    D15                                               0.000     0.000 r  clk_i (IN)
                         net (fo=0)                   0.000     0.000    clk_i
    D15                  IBUF (Prop_ibuf_I_O)         0.818     0.818 r  clk_i_IBUF_inst/O
                         net (fo=1, routed)           1.517     2.335    clk_i_IBUF
    BUFGCTRL_X0Y16       BUFG (Prop_bufg_I_O)         0.076     2.411 r  clk_i_IBUF_BUFG_inst/O
                         net (fo=985, routed)         1.242     3.652    u_fcbrt_core/clk_i_IBUF_BUFG
    SLICE_X57Y62         FDCE                                         r  u_fcbrt_core/S_Square_c_Reg_Prev_reg[2]/C
  -------------------------------------------------------------------    -------------------
    SLICE_X57Y62         FDCE (Prop_fdce_C_Q)         0.313     3.965 r  u_fcbrt_core/S_Square_c_Reg_Prev_reg[2]/Q
                         net (fo=1, routed)           0.302     4.267    u_fcbrt_core/S_Square_c_Reg_Prev_reg_n_0_[2]
    SLICE_X56Y61         LUT2 (Prop_lut2_I1_O)        0.215     4.482 r  u_fcbrt_core/S_sel_o1__5_carry_i_148/O
                         net (fo=1, routed)           0.000     4.482    u_fcbrt_core/S_sel_o1__5_carry_i_148_n_0
    SLICE_X56Y61         CARRY4 (Prop_carry4_S[1]_CO[3])
                                                      0.402     4.884 r  u_fcbrt_core/S_sel_o1__5_carry_i_141/CO[3]
                         net (fo=1, routed)           0.000     4.884    u_fcbrt_core/S_sel_o1__5_carry_i_141_n_0
    SLICE_X56Y62         CARRY4 (Prop_carry4_CI_CO[3])
                                                      0.092     4.976 r  u_fcbrt_core/S_sel_o1__5_carry_i_136/CO[3]
                         net (fo=1, routed)           0.000     4.976    u_fcbrt_core/S_sel_o1__5_carry_i_136_n_0
    SLICE_X56Y63         CARRY4 (Prop_carry4_CI_CO[3])
                                                      0.092     5.068 r  u_fcbrt_core/S_sel_o1__5_carry_i_131/CO[3]
                         net (fo=1, routed)           0.000     5.068    u_fcbrt_core/S_sel_o1__5_carry_i_131_n_0
    SLICE_X56Y64         CARRY4 (Prop_carry4_CI_CO[3])
                                                      0.092     5.160 r  u_fcbrt_core/S_sel_o1__5_carry_i_126/CO[3]
                         net (fo=1, routed)           0.000     5.160    u_fcbrt_core/S_sel_o1__5_carry_i_126_n_0
    SLICE_X56Y65         CARRY4 (Prop_carry4_CI_CO[3])
                                                      0.092     5.252 r  u_fcbrt_core/S_sel_o1__5_carry_i_121/CO[3]
                         net (fo=1, routed)           0.000     5.252    u_fcbrt_core/S_sel_o1__5_carry_i_121_n_0
    SLICE_X56Y66         CARRY4 (Prop_carry4_CI_CO[3])
                                                      0.092     5.344 r  u_fcbrt_core/S_sel_o1__5_carry_i_116/CO[3]
                         net (fo=1, routed)           0.000     5.344    u_fcbrt_core/S_sel_o1__5_carry_i_116_n_0
    SLICE_X56Y67         CARRY4 (Prop_carry4_CI_CO[3])
                                                      0.092     5.436 r  u_fcbrt_core/S_sel_o1__5_carry_i_111/CO[3]
                         net (fo=1, routed)           0.000     5.436    u_fcbrt_core/S_sel_o1__5_carry_i_111_n_0
    SLICE_X56Y68         CARRY4 (Prop_carry4_CI_CO[3])
                                                      0.092     5.528 r  u_fcbrt_core/S_sel_o1__5_carry_i_106/CO[3]
                         net (fo=1, routed)           0.000     5.528    u_fcbrt_core/S_sel_o1__5_carry_i_106_n_0
    SLICE_X56Y69         CARRY4 (Prop_carry4_CI_CO[3])
                                                      0.092     5.620 r  u_fcbrt_core/S_sel_o1__5_carry_i_101/CO[3]
                         net (fo=1, routed)           0.000     5.620    u_fcbrt_core/S_sel_o1__5_carry_i_101_n_0
    SLICE_X56Y70         CARRY4 (Prop_carry4_CI_CO[3])
                                                      0.092     5.712 r  u_fcbrt_core/S_sel_o1__5_carry_i_96/CO[3]
                         net (fo=1, routed)           0.000     5.712    u_fcbrt_core/S_sel_o1__5_carry_i_96_n_0
    SLICE_X56Y71         CARRY4 (Prop_carry4_CI_CO[3])
                                                      0.092     5.804 r  u_fcbrt_core/S_sel_o1__5_carry_i_91/CO[3]
                         net (fo=1, routed)           0.000     5.804    u_fcbrt_core/S_sel_o1__5_carry_i_91_n_0
    SLICE_X56Y72         CARRY4 (Prop_carry4_CI_CO[3])
                                                      0.092     5.896 r  u_fcbrt_core/S_sel_o1__5_carry_i_86/CO[3]
                         net (fo=1, routed)           0.000     5.896    u_fcbrt_core/S_sel_o1__5_carry_i_86_n_0
    SLICE_X56Y73         CARRY4 (Prop_carry4_CI_CO[3])
                                                      0.092     5.988 r  u_fcbrt_core/S_sel_o1__5_carry_i_81/CO[3]
                         net (fo=1, routed)           0.000     5.988    u_fcbrt_core/S_sel_o1__5_carry_i_81_n_0
    SLICE_X56Y74         CARRY4 (Prop_carry4_CI_CO[3])
                                                      0.092     6.080 r  u_fcbrt_core/S_sel_o1__5_carry_i_76/CO[3]
                         net (fo=1, routed)           0.007     6.088    u_fcbrt_core/S_sel_o1__5_carry_i_76_n_0
    SLICE_X56Y75         CARRY4 (Prop_carry4_CI_CO[3])
                                                      0.092     6.180 r  u_fcbrt_core/S_sel_o1__5_carry_i_71/CO[3]
                         net (fo=1, routed)           0.000     6.180    u_fcbrt_core/S_sel_o1__5_carry_i_71_n_0
    SLICE_X56Y76         CARRY4 (Prop_carry4_CI_CO[3])
                                                      0.092     6.272 r  u_fcbrt_core/S_sel_o1__5_carry_i_66/CO[3]
                         net (fo=1, routed)           0.000     6.272    u_fcbrt_core/S_sel_o1__5_carry_i_66_n_0
    SLICE_X56Y77         CARRY4 (Prop_carry4_CI_CO[3])
                                                      0.092     6.364 r  u_fcbrt_core/S_sel_o1__5_carry_i_61/CO[3]
                         net (fo=1, routed)           0.000     6.364    u_fcbrt_core/S_sel_o1__5_carry_i_61_n_0
    SLICE_X56Y78         CARRY4 (Prop_carry4_CI_CO[3])
                                                      0.092     6.456 r  u_fcbrt_core/S_sel_o1__5_carry_i_56/CO[3]
                         net (fo=1, routed)           0.000     6.456    u_fcbrt_core/S_sel_o1__5_carry_i_56_n_0
    SLICE_X56Y79         CARRY4 (Prop_carry4_CI_CO[3])
                                                      0.092     6.548 r  u_fcbrt_core/S_sel_o1__5_carry_i_51/CO[3]
                         net (fo=1, routed)           0.000     6.548    u_fcbrt_core/S_sel_o1__5_carry_i_51_n_0
    SLICE_X56Y80         CARRY4 (Prop_carry4_CI_CO[3])
                                                      0.092     6.640 r  u_fcbrt_core/S_sel_o1__5_carry_i_46/CO[3]
                         net (fo=1, routed)           0.000     6.640    u_fcbrt_core/S_sel_o1__5_carry_i_46_n_0
    SLICE_X56Y81         CARRY4 (Prop_carry4_CI_CO[3])
                                                      0.092     6.732 r  u_fcbrt_core/S_sel_o1__5_carry_i_41/CO[3]
                         net (fo=1, routed)           0.000     6.732    u_fcbrt_core/S_sel_o1__5_carry_i_41_n_0
    SLICE_X56Y82         CARRY4 (Prop_carry4_CI_CO[3])
                                                      0.092     6.824 r  u_fcbrt_core/S_sel_o1__5_carry_i_36/CO[3]
                         net (fo=1, routed)           0.000     6.824    u_fcbrt_core/S_sel_o1__5_carry_i_36_n_0
    SLICE_X56Y83         CARRY4 (Prop_carry4_CI_CO[3])
                                                      0.092     6.916 r  u_fcbrt_core/S_sel_o1__5_carry_i_31/CO[3]
                         net (fo=1, routed)           0.000     6.916    u_fcbrt_core/S_sel_o1__5_carry_i_31_n_0
    SLICE_X56Y84         CARRY4 (Prop_carry4_CI_CO[3])
                                                      0.092     7.008 r  u_fcbrt_core/S_sel_o1__5_carry_i_26/CO[3]
                         net (fo=1, routed)           0.000     7.008    u_fcbrt_core/S_sel_o1__5_carry_i_26_n_0
    SLICE_X56Y85         CARRY4 (Prop_carry4_CI_CO[3])
                                                      0.092     7.100 r  u_fcbrt_core/S_sel_o1__5_carry_i_21/CO[3]
                         net (fo=1, routed)           0.000     7.100    u_fcbrt_core/S_sel_o1__5_carry_i_21_n_0
    SLICE_X56Y86         CARRY4 (Prop_carry4_CI_CO[3])
                                                      0.092     7.192 r  u_fcbrt_core/S_sel_o1__5_carry_i_16/CO[3]
                         net (fo=1, routed)           0.000     7.192    u_fcbrt_core/S_sel_o1__5_carry_i_16_n_0
    SLICE_X56Y87         CARRY4 (Prop_carry4_CI_CO[3])
                                                      0.092     7.284 r  u_fcbrt_core/S_sel_o1__5_carry_i_11/CO[3]
                         net (fo=1, routed)           0.000     7.284    u_fcbrt_core/S_sel_o1__5_carry_i_11_n_0
    SLICE_X56Y88         CARRY4 (Prop_carry4_CI_CO[3])
                                                      0.092     7.376 r  u_fcbrt_core/S_sel_o1__5_carry_i_9/CO[3]
                         net (fo=13, routed)          0.636     8.011    u_fcbrt_core/u_fcbrt_Ssel/S_Square_Prev[0]
    SLICE_X58Y89         LUT5 (Prop_lut5_I4_O)        0.097     8.108 f  u_fcbrt_core/u_fcbrt_Ssel/S_sel_o1_carry_i_9/O
                         net (fo=8, routed)           0.346     8.454    u_fcbrt_core/u_fcbrt_Ssel/S_sel_o1_carry_i_9_n_0
    SLICE_X58Y87         LUT3 (Prop_lut3_I0_O)        0.097     8.551 r  u_fcbrt_core/u_fcbrt_Ssel/S_sel_o1__15_carry_i_5/O
                         net (fo=1, routed)           0.000     8.551    u_fcbrt_core/u_fcbrt_Ssel/S_sel_o1__15_carry_i_5_n_0
    SLICE_X58Y87         CARRY4 (Prop_carry4_S[3]_CO[3])
                                                      0.284     8.835 r  u_fcbrt_core/u_fcbrt_Ssel/S_sel_o1__15_carry/CO[3]
                         net (fo=1, routed)           0.000     8.835    u_fcbrt_core/u_fcbrt_Ssel/S_sel_o1__15_carry_n_0
    SLICE_X58Y88         CARRY4 (Prop_carry4_CI_CO[0])
                                                      0.184     9.019 f  u_fcbrt_core/u_fcbrt_Ssel/S_sel_o1__15_carry__0/CO[0]
                         net (fo=5, routed)           0.355     9.374    u_fcbrt_core/u_fcbrt_Ssel/S_sel_o1__15_carry__0_n_3
    SLICE_X60Y88         LUT6 (Prop_lut6_I5_O)        0.262     9.636 r  u_fcbrt_core/u_fcbrt_Ssel/s_sel_Reg[1]_i_2/O
                         net (fo=105, routed)         0.178     9.814    u_fcbrt_core/u_fcbrt_Ssel/s_sel_Reg_reg[0]_0
    SLICE_X60Y88         LUT2 (Prop_lut2_I0_O)        0.097     9.911 f  u_fcbrt_core/u_fcbrt_Ssel/S_Square_c_Reg[29]_i_5/O
                         net (fo=105, routed)         0.259    10.169    u_fcbrt_core/u_fcbrt_Ssel/S_Square_c_Reg[29]_i_5_n_0
    SLICE_X61Y88         LUT6 (Prop_lut6_I5_O)        0.097    10.266 r  u_fcbrt_core/u_fcbrt_Ssel/Residual_s_Reg[3]_i_6/O
                         net (fo=148, routed)         0.666    10.932    u_fcbrt_core/u_fcbrt_Ssel/Residual_s_Reg[3]_i_6_n_0
    SLICE_X62Y88         LUT6 (Prop_lut6_I3_O)        0.097    11.029 r  u_fcbrt_core/u_fcbrt_Ssel/Residual_s_Reg[90]_i_34/O
                         net (fo=5, routed)           0.765    11.794    u_fcbrt_core/u_fcbrt_Ssel/Residual_s_Reg[90]_i_34_n_0
    SLICE_X54Y87         LUT6 (Prop_lut6_I3_O)        0.097    11.891 r  u_fcbrt_core/u_fcbrt_Ssel/Residual_s_Reg[90]_i_29/O
                         net (fo=8, routed)           0.749    12.640    u_fcbrt_core/u_fcbrt_Ssel/Residual_s_Reg[90]_i_29_n_0
    SLICE_X51Y84         LUT5 (Prop_lut5_I1_O)        0.097    12.737 r  u_fcbrt_core/u_fcbrt_Ssel/Residual_s_Reg[74]_i_17/O
                         net (fo=7, routed)           0.564    13.302    u_fcbrt_core/u_fcbrt_Residual_r4/u_Residual_mid2_0/Residual_B1_sel[51]
    SLICE_X54Y84         LUT5 (Prop_lut5_I2_O)        0.097    13.399 r  u_fcbrt_core/u_fcbrt_Residual_r4/u_Residual_mid2_0/i_/Residual_s_Reg[71]_i_6/O
                         net (fo=2, routed)           0.574    13.973    u_fcbrt_core/u_fcbrt_Residual_r4/u_Residual_mid2_0/i_/Residual_s_Reg[71]_i_6_n_0
    SLICE_X51Y83         LUT5 (Prop_lut5_I0_O)        0.097    14.070 r  u_fcbrt_core/u_fcbrt_Residual_r4/u_Residual_mid2_0/i_/Residual_s_Reg[71]_i_4/O
                         net (fo=3, routed)           0.328    14.398    u_fcbrt_core/u_fcbrt_Ssel/Residual_s_Reg_reg[106][53]
    SLICE_X51Y82         LUT3 (Prop_lut3_I0_O)        0.097    14.495 r  u_fcbrt_core/u_fcbrt_Ssel/Residual_s_Reg[70]_i_6/O
                         net (fo=2, routed)           0.424    14.919    u_fcbrt_core/u_fcbrt_Ssel/Residual_s_Reg[70]_i_6_n_0
    SLICE_X51Y83         LUT6 (Prop_lut6_I5_O)        0.097    15.016 r  u_fcbrt_core/u_fcbrt_Ssel/Residual_c_Reg[71]_i_1/O
                         net (fo=1, routed)           0.000    15.016    u_fcbrt_core/u_fcbrt_Ssel_n_44
    SLICE_X51Y83         FDCE                                         r  u_fcbrt_core/Residual_c_Reg_reg[71]/D
  -------------------------------------------------------------------    -------------------

                         (clock clk rise edge)        5.000     5.000 r  
    D15                                               0.000     5.000 r  clk_i (IN)
                         net (fo=0)                   0.000     5.000    clk_i
    D15                  IBUF (Prop_ibuf_I_O)         0.686     5.686 r  clk_i_IBUF_inst/O
                         net (fo=1, routed)           1.435     7.121    clk_i_IBUF
    BUFGCTRL_X0Y16       BUFG (Prop_bufg_I_O)         0.072     7.193 r  clk_i_IBUF_BUFG_inst/O
                         net (fo=985, routed)         1.137     8.330    u_fcbrt_core/clk_i_IBUF_BUFG
    SLICE_X51Y83         FDCE                                         r  u_fcbrt_core/Residual_c_Reg_reg[71]/C
                         clock pessimism              0.223     8.554    
                         clock uncertainty           -0.035     8.518    
    SLICE_X51Y83         FDCE (Setup_fdce_C_D)        0.030     8.548    u_fcbrt_core/Residual_c_Reg_reg[71]
  -------------------------------------------------------------------
                         required time                          8.548    
                         arrival time                         -15.016    
  -------------------------------------------------------------------
                         slack                                 -6.468    

Slack (VIOLATED) :        -6.464ns  (required time - arrival time)
  Source:                 u_fcbrt_preprocess/start_P_reg/C
                            (rising edge-triggered cell FDCE clocked by clk  {rise@0.000ns fall@2.500ns period=5.000ns})
  Destination:            u_fcbrt_core/Residual_s_Reg_reg[112]/D
                            (rising edge-triggered cell FDCE clocked by clk  {rise@0.000ns fall@2.500ns period=5.000ns})
  Path Group:             clk
  Path Type:              Setup (Max at Slow Process Corner)
  Requirement:            5.000ns  (clk rise@5.000ns - clk rise@0.000ns)
  Data Path Delay:        11.358ns  (logic 3.378ns (29.742%)  route 7.980ns (70.258%))
  Logic Levels:           20  (CARRY4=4 LUT2=2 LUT5=8 LUT6=6)
  Clock Path Skew:        -0.103ns (DCD - SCD + CPR)
    Destination Clock Delay (DCD):    3.331ns = ( 8.331 - 5.000 ) 
    Source Clock Delay      (SCD):    3.657ns
    Clock Pessimism Removal (CPR):    0.223ns
  Clock Uncertainty:      0.035ns  ((TSJ^2 + TIJ^2)^1/2 + DJ) / 2 + PE
    Total System Jitter     (TSJ):    0.071ns
    Total Input Jitter      (TIJ):    0.000ns
    Discrete Jitter          (DJ):    0.000ns
    Phase Error              (PE):    0.000ns

    Location             Delay type                Incr(ns)  Path(ns)    Netlist Resource(s)
  -------------------------------------------------------------------    -------------------
                         (clock clk rise edge)        0.000     0.000 r  
    D15                                               0.000     0.000 r  clk_i (IN)
                         net (fo=0)                   0.000     0.000    clk_i
    D15                  IBUF (Prop_ibuf_I_O)         0.818     0.818 r  clk_i_IBUF_inst/O
                         net (fo=1, routed)           1.517     2.335    clk_i_IBUF
    BUFGCTRL_X0Y16       BUFG (Prop_bufg_I_O)         0.076     2.411 r  clk_i_IBUF_BUFG_inst/O
                         net (fo=985, routed)         1.247     3.657    u_fcbrt_preprocess/clk_i_IBUF_BUFG
    SLICE_X47Y89         FDCE                                         r  u_fcbrt_preprocess/start_P_reg/C
  -------------------------------------------------------------------    -------------------
    SLICE_X47Y89         FDCE (Prop_fdce_C_Q)         0.341     3.998 f  u_fcbrt_preprocess/start_P_reg/Q
                         net (fo=61, routed)          0.429     4.427    u_fcbrt_preprocess/start_dly_o
    SLICE_X43Y90         LUT2 (Prop_lut2_I0_O)        0.097     4.524 f  u_fcbrt_preprocess/diff10_carry__2_i_2/O
                         net (fo=114, routed)         0.861     5.385    u_fcbrt_preprocess/start_P_reg_5
    SLICE_X46Y92         LUT2 (Prop_lut2_I1_O)        0.097     5.482 r  u_fcbrt_preprocess/diff2_carry__1_i_5/O
                         net (fo=1, routed)           0.000     5.482    u_fcbrt_core/u_fcbrt_ML_PLAC/rounded_sum_carry__1_i_18_6[2]
    SLICE_X46Y92         CARRY4 (Prop_carry4_S[2]_CO[3])
                                                      0.286     5.768 r  u_fcbrt_core/u_fcbrt_ML_PLAC/diff2_carry__1/CO[3]
                         net (fo=19, routed)          0.862     6.631    u_fcbrt_core/u_fcbrt_ML_PLAC/mant_norm_P_reg[54]_11[0]
    SLICE_X46Y93         LUT5 (Prop_lut5_I0_O)        0.097     6.728 r  u_fcbrt_core/u_fcbrt_ML_PLAC/rounded_sum_carry_i_80/O
                         net (fo=1, routed)           0.197     6.924    u_fcbrt_core/u_fcbrt_ML_PLAC/rounded_sum_carry_i_80_n_0
    SLICE_X47Y93         LUT5 (Prop_lut5_I0_O)        0.097     7.021 r  u_fcbrt_core/u_fcbrt_ML_PLAC/rounded_sum_carry_i_53/O
                         net (fo=21, routed)          0.569     7.590    u_fcbrt_preprocess/rounded_sum_carry_i_35_1
    SLICE_X47Y93         LUT5 (Prop_lut5_I3_O)        0.097     7.687 r  u_fcbrt_preprocess/rounded_sum_carry_i_77/O
                         net (fo=4, routed)           0.416     8.104    u_fcbrt_preprocess/rounded_sum_carry_i_77_n_0
    SLICE_X48Y93         LUT5 (Prop_lut5_I1_O)        0.113     8.217 f  u_fcbrt_preprocess/rounded_sum_carry_i_56/O
                         net (fo=3, routed)           0.627     8.843    u_fcbrt_preprocess/rounded_sum_carry_i_56_n_0
    SLICE_X48Y93         LUT6 (Prop_lut6_I2_O)        0.247     9.090 r  u_fcbrt_preprocess/rounded_sum_carry_i_35/O
                         net (fo=2, routed)           0.448     9.538    u_fcbrt_preprocess/rounded_sum_carry_i_35_n_0
    SLICE_X49Y90         LUT6 (Prop_lut6_I0_O)        0.097     9.635 r  u_fcbrt_preprocess/rounded_sum_carry_i_15/O
                         net (fo=3, routed)           0.418    10.053    u_fcbrt_preprocess/rounded_sum_carry_i_15_n_0
    SLICE_X52Y90         LUT6 (Prop_lut6_I0_O)        0.097    10.150 r  u_fcbrt_preprocess/rounded_sum_carry_i_5/O
                         net (fo=3, routed)           0.398    10.548    u_fcbrt_preprocess/rounded_sum_carry_i_5_n_0
    SLICE_X50Y90         LUT5 (Prop_lut5_I1_O)        0.097    10.645 r  u_fcbrt_preprocess/rounded_sum_carry__0_i_12/O
                         net (fo=3, routed)           0.308    10.953    u_fcbrt_preprocess/u_fcbrt_core/u_fcbrt_ML_PLAC/u3_CLA_15bit/C_8
    SLICE_X50Y90         LUT5 (Prop_lut5_I4_O)        0.097    11.050 r  u_fcbrt_preprocess/rounded_sum_carry__0_i_6/O
                         net (fo=3, routed)           0.457    11.508    u_fcbrt_preprocess/u_fcbrt_core/u_fcbrt_ML_PLAC/u3_CLA_15bit/C_1010_out
    SLICE_X51Y91         LUT5 (Prop_lut5_I1_O)        0.097    11.605 r  u_fcbrt_preprocess/rounded_sum_carry__0_i_1/O
                         net (fo=1, routed)           0.000    11.605    u_fcbrt_core/u_fcbrt_ML_PLAC/S_Reg_reg[53][3]
    SLICE_X51Y91         CARRY4 (Prop_carry4_S[3]_O[3])
                                                      0.187    11.792 r  u_fcbrt_core/u_fcbrt_ML_PLAC/rounded_sum_carry__0/O[3]
                         net (fo=42, routed)          0.699    12.490    u_fcbrt_core/rounded_sum_carry__1_i_3[4]
    SLICE_X51Y93         LUT6 (Prop_lut6_I0_O)        0.234    12.724 f  u_fcbrt_core/Residual_s_Reg[109]_i_29/O
                         net (fo=3, routed)           0.491    13.215    u_fcbrt_preprocess/Residual_s_Reg_reg[105]_i_4_2
    SLICE_X55Y93         LUT5 (Prop_lut5_I0_O)        0.097    13.312 r  u_fcbrt_preprocess/Residual_s_Reg[109]_i_34/O
                         net (fo=1, routed)           0.401    13.714    u_fcbrt_preprocess/Residual_s_Reg[109]_i_34_n_0
    SLICE_X52Y93         LUT6 (Prop_lut6_I4_O)        0.097    13.811 r  u_fcbrt_preprocess/Residual_s_Reg[109]_i_18/O
                         net (fo=1, routed)           0.000    13.811    u_fcbrt_preprocess/Residual_s_Reg[109]_i_18_n_0
    SLICE_X52Y93         CARRY4 (Prop_carry4_S[0]_CO[3])
                                                      0.395    14.206 r  u_fcbrt_preprocess/Residual_s_Reg_reg[109]_i_4/CO[3]
                         net (fo=1, routed)           0.000    14.206    u_fcbrt_preprocess/Residual_s_Reg_reg[109]_i_4_n_0
    SLICE_X52Y94         CARRY4 (Prop_carry4_CI_O[2])
                                                      0.181    14.387 r  u_fcbrt_preprocess/Residual_s_Reg_reg[113]_i_4/O[2]
                         net (fo=1, routed)           0.398    14.785    u_fcbrt_core/u_fcbrt_Ssel/Residual_s_Reg_reg[115][10]
    SLICE_X55Y94         LUT6 (Prop_lut6_I3_O)        0.230    15.015 r  u_fcbrt_core/u_fcbrt_Ssel/Residual_s_Reg[112]_i_1/O
                         net (fo=1, routed)           0.000    15.015    u_fcbrt_core/u_fcbrt_Ssel_n_116
    SLICE_X55Y94         FDCE                                         r  u_fcbrt_core/Residual_s_Reg_reg[112]/D
  -------------------------------------------------------------------    -------------------

                         (clock clk rise edge)        5.000     5.000 r  
    D15                                               0.000     5.000 r  clk_i (IN)
                         net (fo=0)                   0.000     5.000    clk_i
    D15                  IBUF (Prop_ibuf_I_O)         0.686     5.686 r  clk_i_IBUF_inst/O
                         net (fo=1, routed)           1.435     7.121    clk_i_IBUF
    BUFGCTRL_X0Y16       BUFG (Prop_bufg_I_O)         0.072     7.193 r  clk_i_IBUF_BUFG_inst/O
                         net (fo=985, routed)         1.138     8.331    u_fcbrt_core/clk_i_IBUF_BUFG
    SLICE_X55Y94         FDCE                                         r  u_fcbrt_core/Residual_s_Reg_reg[112]/C
                         clock pessimism              0.223     8.555    
                         clock uncertainty           -0.035     8.519    
    SLICE_X55Y94         FDCE (Setup_fdce_C_D)        0.032     8.551    u_fcbrt_core/Residual_s_Reg_reg[112]
  -------------------------------------------------------------------
                         required time                          8.551    
                         arrival time                         -15.015    
  -------------------------------------------------------------------
                         slack                                 -6.464    





Min Delay Paths
--------------------------------------------------------------------------------------
Slack (MET) :             0.133ns  (arrival time - required time)
  Source:                 u_fcbrt_core/S_Reg_reg[19]/C
                            (rising edge-triggered cell FDCE clocked by clk  {rise@0.000ns fall@2.500ns period=5.000ns})
  Destination:            u_fcbrt_core/SM_Reg_reg[19]/D
                            (rising edge-triggered cell FDCE clocked by clk  {rise@0.000ns fall@2.500ns period=5.000ns})
  Path Group:             clk
  Path Type:              Hold (Min at Fast Process Corner)
  Requirement:            0.000ns  (clk rise@0.000ns - clk rise@0.000ns)
  Data Path Delay:        0.530ns  (logic 0.209ns (39.427%)  route 0.321ns (60.573%))
  Logic Levels:           1  (LUT6=1)
  Clock Path Skew:        0.277ns (DCD - SCD - CPR)
    Destination Clock Delay (DCD):    1.947ns
    Source Clock Delay      (SCD):    1.424ns
    Clock Pessimism Removal (CPR):    0.246ns

    Location             Delay type                Incr(ns)  Path(ns)    Netlist Resource(s)
  -------------------------------------------------------------------    -------------------
                         (clock clk rise edge)        0.000     0.000 r  
    D15                                               0.000     0.000 r  clk_i (IN)
                         net (fo=0)                   0.000     0.000    clk_i
    D15                  IBUF (Prop_ibuf_I_O)         0.197     0.197 r  clk_i_IBUF_inst/O
                         net (fo=1, routed)           0.640     0.837    clk_i_IBUF
    BUFGCTRL_X0Y16       BUFG (Prop_bufg_I_O)         0.026     0.863 r  clk_i_IBUF_BUFG_inst/O
                         net (fo=985, routed)         0.561     1.424    u_fcbrt_core/clk_i_IBUF_BUFG
    SLICE_X58Y100        FDCE                                         r  u_fcbrt_core/S_Reg_reg[19]/C
  -------------------------------------------------------------------    -------------------
    SLICE_X58Y100        FDCE (Prop_fdce_C_Q)         0.164     1.588 r  u_fcbrt_core/S_Reg_reg[19]/Q
                         net (fo=11, routed)          0.321     1.909    u_fcbrt_core/u_fcbrt_Ssel/S_Reg_reg[56]_1[19]
    SLICE_X58Y99         LUT6 (Prop_lut6_I3_O)        0.045     1.954 r  u_fcbrt_core/u_fcbrt_Ssel/SM_Reg[19]_i_1/O
                         net (fo=1, routed)           0.000     1.954    u_fcbrt_core/u_fcbrt_Ssel_n_318
    SLICE_X58Y99         FDCE                                         r  u_fcbrt_core/SM_Reg_reg[19]/D
  -------------------------------------------------------------------    -------------------

                         (clock clk rise edge)        0.000     0.000 r  
    D15                                               0.000     0.000 r  clk_i (IN)
                         net (fo=0)                   0.000     0.000    clk_i
    D15                  IBUF (Prop_ibuf_I_O)         0.386     0.386 r  clk_i_IBUF_inst/O
                         net (fo=1, routed)           0.695     1.081    clk_i_IBUF
    BUFGCTRL_X0Y16       BUFG (Prop_bufg_I_O)         0.029     1.110 r  clk_i_IBUF_BUFG_inst/O
                         net (fo=985, routed)         0.838     1.947    u_fcbrt_core/clk_i_IBUF_BUFG
    SLICE_X58Y99         FDCE                                         r  u_fcbrt_core/SM_Reg_reg[19]/C
                         clock pessimism             -0.246     1.701    
    SLICE_X58Y99         FDCE (Hold_fdce_C_D)         0.120     1.821    u_fcbrt_core/SM_Reg_reg[19]
  -------------------------------------------------------------------
                         required time                         -1.821    
                         arrival time                           1.954    
  -------------------------------------------------------------------
                         slack                                  0.133    

Slack (MET) :             0.134ns  (arrival time - required time)
  Source:                 u_fcbrt_core/SM_Reg_reg[51]/C
                            (rising edge-triggered cell FDCE clocked by clk  {rise@0.000ns fall@2.500ns period=5.000ns})
  Destination:            u_fcbrt_core/S_Reg_reg[51]/D
                            (rising edge-triggered cell FDCE clocked by clk  {rise@0.000ns fall@2.500ns period=5.000ns})
  Path Group:             clk
  Path Type:              Hold (Min at Fast Process Corner)
  Requirement:            0.000ns  (clk rise@0.000ns - clk rise@0.000ns)
  Data Path Delay:        0.503ns  (logic 0.209ns (41.576%)  route 0.294ns (58.424%))
  Logic Levels:           1  (LUT5=1)
  Clock Path Skew:        0.277ns (DCD - SCD - CPR)
    Destination Clock Delay (DCD):    1.946ns
    Source Clock Delay      (SCD):    1.423ns
    Clock Pessimism Removal (CPR):    0.246ns

    Location             Delay type                Incr(ns)  Path(ns)    Netlist Resource(s)
  -------------------------------------------------------------------    -------------------
                         (clock clk rise edge)        0.000     0.000 r  
    D15                                               0.000     0.000 r  clk_i (IN)
                         net (fo=0)                   0.000     0.000    clk_i
    D15                  IBUF (Prop_ibuf_I_O)         0.197     0.197 r  clk_i_IBUF_inst/O
                         net (fo=1, routed)           0.640     0.837    clk_i_IBUF
    BUFGCTRL_X0Y16       BUFG (Prop_bufg_I_O)         0.026     0.863 r  clk_i_IBUF_BUFG_inst/O
                         net (fo=985, routed)         0.560     1.423    u_fcbrt_core/clk_i_IBUF_BUFG
    SLICE_X50Y100        FDCE                                         r  u_fcbrt_core/SM_Reg_reg[51]/C
  -------------------------------------------------------------------    -------------------
    SLICE_X50Y100        FDCE (Prop_fdce_C_Q)         0.164     1.587 r  u_fcbrt_core/SM_Reg_reg[51]/Q
                         net (fo=3, routed)           0.294     1.881    u_fcbrt_core/u_fcbrt_Ssel/S_Reg_reg[56]_0[43]
    SLICE_X59Y95         LUT5 (Prop_lut5_I4_O)        0.045     1.926 r  u_fcbrt_core/u_fcbrt_Ssel/S_Reg[51]_i_1/O
                         net (fo=1, routed)           0.000     1.926    u_fcbrt_core/u_fcbrt_Ssel_n_232
    SLICE_X59Y95         FDCE                                         r  u_fcbrt_core/S_Reg_reg[51]/D
  -------------------------------------------------------------------    -------------------

                         (clock clk rise edge)        0.000     0.000 r  
    D15                                               0.000     0.000 r  clk_i (IN)
                         net (fo=0)                   0.000     0.000    clk_i
    D15                  IBUF (Prop_ibuf_I_O)         0.386     0.386 r  clk_i_IBUF_inst/O
                         net (fo=1, routed)           0.695     1.081    clk_i_IBUF
    BUFGCTRL_X0Y16       BUFG (Prop_bufg_I_O)         0.029     1.110 r  clk_i_IBUF_BUFG_inst/O
                         net (fo=985, routed)         0.837     1.946    u_fcbrt_core/clk_i_IBUF_BUFG
    SLICE_X59Y95         FDCE                                         r  u_fcbrt_core/S_Reg_reg[51]/C
                         clock pessimism             -0.246     1.700    
    SLICE_X59Y95         FDCE (Hold_fdce_C_D)         0.092     1.792    u_fcbrt_core/S_Reg_reg[51]
  -------------------------------------------------------------------
                         required time                         -1.792    
                         arrival time                           1.926    
  -------------------------------------------------------------------
                         slack                                  0.134    

Slack (MET) :             0.140ns  (arrival time - required time)
  Source:                 u_fcbrt_core/S_Square_s_Reg_reg[105]/C
                            (rising edge-triggered cell FDCE clocked by clk  {rise@0.000ns fall@2.500ns period=5.000ns})
  Destination:            u_fcbrt_core/S_Square_c_Reg_reg[107]/D
                            (rising edge-triggered cell FDCE clocked by clk  {rise@0.000ns fall@2.500ns period=5.000ns})
  Path Group:             clk
  Path Type:              Hold (Min at Fast Process Corner)
  Requirement:            0.000ns  (clk rise@0.000ns - clk rise@0.000ns)
  Data Path Delay:        0.494ns  (logic 0.186ns (37.684%)  route 0.308ns (62.316%))
  Logic Levels:           1  (LUT6=1)
  Clock Path Skew:        0.263ns (DCD - SCD - CPR)
    Destination Clock Delay (DCD):    1.943ns
    Source Clock Delay      (SCD):    1.429ns
    Clock Pessimism Removal (CPR):    0.251ns

    Location             Delay type                Incr(ns)  Path(ns)    Netlist Resource(s)
  -------------------------------------------------------------------    -------------------
                         (clock clk rise edge)        0.000     0.000 r  
    D15                                               0.000     0.000 r  clk_i (IN)
                         net (fo=0)                   0.000     0.000    clk_i
    D15                  IBUF (Prop_ibuf_I_O)         0.197     0.197 r  clk_i_IBUF_inst/O
                         net (fo=1, routed)           0.640     0.837    clk_i_IBUF
    BUFGCTRL_X0Y16       BUFG (Prop_bufg_I_O)         0.026     0.863 r  clk_i_IBUF_BUFG_inst/O
                         net (fo=985, routed)         0.566     1.429    u_fcbrt_core/clk_i_IBUF_BUFG
    SLICE_X48Y95         FDCE                                         r  u_fcbrt_core/S_Square_s_Reg_reg[105]/C
  -------------------------------------------------------------------    -------------------
    SLICE_X48Y95         FDCE (Prop_fdce_C_Q)         0.141     1.570 r  u_fcbrt_core/S_Square_s_Reg_reg[105]/Q
                         net (fo=7, routed)           0.308     1.878    u_fcbrt_core/u_fcbrt_Ssel/S_Square_s_Reg_reg[112]_4[105]
    SLICE_X55Y93         LUT6 (Prop_lut6_I2_O)        0.045     1.923 r  u_fcbrt_core/u_fcbrt_Ssel/S_Square_c_Reg[107]_i_1/O
                         net (fo=1, routed)           0.000     1.923    u_fcbrt_core/u_fcbrt_Ssel_n_345
    SLICE_X55Y93         FDCE                                         r  u_fcbrt_core/S_Square_c_Reg_reg[107]/D
  -------------------------------------------------------------------    -------------------

                         (clock clk rise edge)        0.000     0.000 r  
    D15                                               0.000     0.000 r  clk_i (IN)
                         net (fo=0)                   0.000     0.000    clk_i
    D15                  IBUF (Prop_ibuf_I_O)         0.386     0.386 r  clk_i_IBUF_inst/O
                         net (fo=1, routed)           0.695     1.081    clk_i_IBUF
    BUFGCTRL_X0Y16       BUFG (Prop_bufg_I_O)         0.029     1.110 r  clk_i_IBUF_BUFG_inst/O
                         net (fo=985, routed)         0.834     1.943    u_fcbrt_core/clk_i_IBUF_BUFG
    SLICE_X55Y93         FDCE                                         r  u_fcbrt_core/S_Square_c_Reg_reg[107]/C
                         clock pessimism             -0.251     1.692    
    SLICE_X55Y93         FDCE (Hold_fdce_C_D)         0.091     1.783    u_fcbrt_core/S_Square_c_Reg_reg[107]
  -------------------------------------------------------------------
                         required time                         -1.783    
                         arrival time                           1.923    
  -------------------------------------------------------------------
                         slack                                  0.140    

Slack (MET) :             0.145ns  (arrival time - required time)
  Source:                 u_fcbrt_core/SM_Reg_reg[31]/C
                            (rising edge-triggered cell FDCE clocked by clk  {rise@0.000ns fall@2.500ns period=5.000ns})
  Destination:            u_fcbrt_core/S_Reg_reg[31]/D
                            (rising edge-triggered cell FDCE clocked by clk  {rise@0.000ns fall@2.500ns period=5.000ns})
  Path Group:             clk
  Path Type:              Hold (Min at Fast Process Corner)
  Requirement:            0.000ns  (clk rise@0.000ns - clk rise@0.000ns)
  Data Path Delay:        0.532ns  (logic 0.209ns (39.269%)  route 0.323ns (60.731%))
  Logic Levels:           1  (LUT6=1)
  Clock Path Skew:        0.266ns (DCD - SCD - CPR)
    Destination Clock Delay (DCD):    1.941ns
    Source Clock Delay      (SCD):    1.429ns
    Clock Pessimism Removal (CPR):    0.246ns

    Location             Delay type                Incr(ns)  Path(ns)    Netlist Resource(s)
  -------------------------------------------------------------------    -------------------
                         (clock clk rise edge)        0.000     0.000 r  
    D15                                               0.000     0.000 r  clk_i (IN)
                         net (fo=0)                   0.000     0.000    clk_i
    D15                  IBUF (Prop_ibuf_I_O)         0.197     0.197 r  clk_i_IBUF_inst/O
                         net (fo=1, routed)           0.640     0.837    clk_i_IBUF
    BUFGCTRL_X0Y16       BUFG (Prop_bufg_I_O)         0.026     0.863 r  clk_i_IBUF_BUFG_inst/O
                         net (fo=985, routed)         0.566     1.429    u_fcbrt_core/clk_i_IBUF_BUFG
    SLICE_X56Y98         FDCE                                         r  u_fcbrt_core/SM_Reg_reg[31]/C
  -------------------------------------------------------------------    -------------------
    SLICE_X56Y98         FDCE (Prop_fdce_C_Q)         0.164     1.593 r  u_fcbrt_core/SM_Reg_reg[31]/Q
                         net (fo=4, routed)           0.323     1.916    u_fcbrt_core/u_fcbrt_Ssel/S_Reg_reg[56]_0[23]
    SLICE_X58Y100        LUT6 (Prop_lut6_I3_O)        0.045     1.961 r  u_fcbrt_core/u_fcbrt_Ssel/S_Reg[31]_i_1/O
                         net (fo=1, routed)           0.000     1.961    u_fcbrt_core/u_fcbrt_Ssel_n_252
    SLICE_X58Y100        FDCE                                         r  u_fcbrt_core/S_Reg_reg[31]/D
  -------------------------------------------------------------------    -------------------

                         (clock clk rise edge)        0.000     0.000 r  
    D15                                               0.000     0.000 r  clk_i (IN)
                         net (fo=0)                   0.000     0.000    clk_i
    D15                  IBUF (Prop_ibuf_I_O)         0.386     0.386 r  clk_i_IBUF_inst/O
                         net (fo=1, routed)           0.695     1.081    clk_i_IBUF
    BUFGCTRL_X0Y16       BUFG (Prop_bufg_I_O)         0.029     1.110 r  clk_i_IBUF_BUFG_inst/O
                         net (fo=985, routed)         0.832     1.941    u_fcbrt_core/clk_i_IBUF_BUFG
    SLICE_X58Y100        FDCE                                         r  u_fcbrt_core/S_Reg_reg[31]/C
                         clock pessimism             -0.246     1.695    
    SLICE_X58Y100        FDCE (Hold_fdce_C_D)         0.121     1.816    u_fcbrt_core/S_Reg_reg[31]
  -------------------------------------------------------------------
                         required time                         -1.816    
                         arrival time                           1.961    
  -------------------------------------------------------------------
                         slack                                  0.145    

Slack (MET) :             0.154ns  (arrival time - required time)
  Source:                 u_fcbrt_core/S_Square_s_Reg_reg[105]/C
                            (rising edge-triggered cell FDCE clocked by clk  {rise@0.000ns fall@2.500ns period=5.000ns})
  Destination:            u_fcbrt_core/S_Square_c_Reg_reg[106]/D
                            (rising edge-triggered cell FDCE clocked by clk  {rise@0.000ns fall@2.500ns period=5.000ns})
  Path Group:             clk
  Path Type:              Hold (Min at Fast Process Corner)
  Requirement:            0.000ns  (clk rise@0.000ns - clk rise@0.000ns)
  Data Path Delay:        0.509ns  (logic 0.186ns (36.569%)  route 0.323ns (63.431%))
  Logic Levels:           1  (LUT5=1)
  Clock Path Skew:        0.264ns (DCD - SCD - CPR)
    Destination Clock Delay (DCD):    1.944ns
    Source Clock Delay      (SCD):    1.429ns
    Clock Pessimism Removal (CPR):    0.251ns

    Location             Delay type                Incr(ns)  Path(ns)    Netlist Resource(s)
  -------------------------------------------------------------------    -------------------
                         (clock clk rise edge)        0.000     0.000 r  
    D15                                               0.000     0.000 r  clk_i (IN)
                         net (fo=0)                   0.000     0.000    clk_i
    D15                  IBUF (Prop_ibuf_I_O)         0.197     0.197 r  clk_i_IBUF_inst/O
                         net (fo=1, routed)           0.640     0.837    clk_i_IBUF
    BUFGCTRL_X0Y16       BUFG (Prop_bufg_I_O)         0.026     0.863 r  clk_i_IBUF_BUFG_inst/O
                         net (fo=985, routed)         0.566     1.429    u_fcbrt_core/clk_i_IBUF_BUFG
    SLICE_X48Y95         FDCE                                         r  u_fcbrt_core/S_Square_s_Reg_reg[105]/C
  -------------------------------------------------------------------    -------------------
    SLICE_X48Y95         FDCE (Prop_fdce_C_Q)         0.141     1.570 r  u_fcbrt_core/S_Square_s_Reg_reg[105]/Q
                         net (fo=7, routed)           0.323     1.893    u_fcbrt_core/u_fcbrt_Ssel/S_Square_s_Reg_reg[112]_4[105]
    SLICE_X57Y96         LUT5 (Prop_lut5_I1_O)        0.045     1.938 r  u_fcbrt_core/u_fcbrt_Ssel/S_Square_c_Reg[106]_i_1/O
                         net (fo=1, routed)           0.000     1.938    u_fcbrt_core/u_fcbrt_Ssel_n_346
    SLICE_X57Y96         FDCE                                         r  u_fcbrt_core/S_Square_c_Reg_reg[106]/D
  -------------------------------------------------------------------    -------------------

                         (clock clk rise edge)        0.000     0.000 r  
    D15                                               0.000     0.000 r  clk_i (IN)
                         net (fo=0)                   0.000     0.000    clk_i
    D15                  IBUF (Prop_ibuf_I_O)         0.386     0.386 r  clk_i_IBUF_inst/O
                         net (fo=1, routed)           0.695     1.081    clk_i_IBUF
    BUFGCTRL_X0Y16       BUFG (Prop_bufg_I_O)         0.029     1.110 r  clk_i_IBUF_BUFG_inst/O
                         net (fo=985, routed)         0.835     1.944    u_fcbrt_core/clk_i_IBUF_BUFG
    SLICE_X57Y96         FDCE                                         r  u_fcbrt_core/S_Square_c_Reg_reg[106]/C
                         clock pessimism             -0.251     1.693    
    SLICE_X57Y96         FDCE (Hold_fdce_C_D)         0.091     1.784    u_fcbrt_core/S_Square_c_Reg_reg[106]
  -------------------------------------------------------------------
                         required time                         -1.784    
                         arrival time                           1.938    
  -------------------------------------------------------------------
                         slack                                  0.154    

Slack (MET) :             0.163ns  (arrival time - required time)
  Source:                 u_fcbrt_core/S_Reg_reg[23]/C
                            (rising edge-triggered cell FDCE clocked by clk  {rise@0.000ns fall@2.500ns period=5.000ns})
  Destination:            u_fcbrt_core/SM_Reg_reg[23]/D
                            (rising edge-triggered cell FDCE clocked by clk  {rise@0.000ns fall@2.500ns period=5.000ns})
  Path Group:             clk
  Path Type:              Hold (Min at Fast Process Corner)
  Requirement:            0.000ns  (clk rise@0.000ns - clk rise@0.000ns)
  Data Path Delay:        0.297ns  (logic 0.186ns (62.590%)  route 0.111ns (37.410%))
  Logic Levels:           1  (LUT6=1)
  Clock Path Skew:        0.013ns (DCD - SCD - CPR)
    Destination Clock Delay (DCD):    1.947ns
    Source Clock Delay      (SCD):    1.430ns
    Clock Pessimism Removal (CPR):    0.504ns

    Location             Delay type                Incr(ns)  Path(ns)    Netlist Resource(s)
  -------------------------------------------------------------------    -------------------
                         (clock clk rise edge)        0.000     0.000 r  
    D15                                               0.000     0.000 r  clk_i (IN)
                         net (fo=0)                   0.000     0.000    clk_i
    D15                  IBUF (Prop_ibuf_I_O)         0.197     0.197 r  clk_i_IBUF_inst/O
                         net (fo=1, routed)           0.640     0.837    clk_i_IBUF
    BUFGCTRL_X0Y16       BUFG (Prop_bufg_I_O)         0.026     0.863 r  clk_i_IBUF_BUFG_inst/O
                         net (fo=985, routed)         0.567     1.430    u_fcbrt_core/clk_i_IBUF_BUFG
    SLICE_X59Y99         FDCE                                         r  u_fcbrt_core/S_Reg_reg[23]/C
  -------------------------------------------------------------------    -------------------
    SLICE_X59Y99         FDCE (Prop_fdce_C_Q)         0.141     1.571 r  u_fcbrt_core/S_Reg_reg[23]/Q
                         net (fo=11, routed)          0.111     1.682    u_fcbrt_core/u_fcbrt_Ssel/S_Reg_reg[56]_1[23]
    SLICE_X58Y99         LUT6 (Prop_lut6_I3_O)        0.045     1.727 r  u_fcbrt_core/u_fcbrt_Ssel/SM_Reg[23]_i_1/O
                         net (fo=1, routed)           0.000     1.727    u_fcbrt_core/u_fcbrt_Ssel_n_314
    SLICE_X58Y99         FDCE                                         r  u_fcbrt_core/SM_Reg_reg[23]/D
  -------------------------------------------------------------------    -------------------

                         (clock clk rise edge)        0.000     0.000 r  
    D15                                               0.000     0.000 r  clk_i (IN)
                         net (fo=0)                   0.000     0.000    clk_i
    D15                  IBUF (Prop_ibuf_I_O)         0.386     0.386 r  clk_i_IBUF_inst/O
                         net (fo=1, routed)           0.695     1.081    clk_i_IBUF
    BUFGCTRL_X0Y16       BUFG (Prop_bufg_I_O)         0.029     1.110 r  clk_i_IBUF_BUFG_inst/O
                         net (fo=985, routed)         0.838     1.947    u_fcbrt_core/clk_i_IBUF_BUFG
    SLICE_X58Y99         FDCE                                         r  u_fcbrt_core/SM_Reg_reg[23]/C
                         clock pessimism             -0.504     1.443    
    SLICE_X58Y99         FDCE (Hold_fdce_C_D)         0.121     1.564    u_fcbrt_core/SM_Reg_reg[23]
  -------------------------------------------------------------------
                         required time                         -1.564    
                         arrival time                           1.727    
  -------------------------------------------------------------------
                         slack                                  0.163    

Slack (MET) :             0.163ns  (arrival time - required time)
  Source:                 u_fcbrt_core/cycle_cnt_reg[0]/C
                            (rising edge-triggered cell FDCE clocked by clk  {rise@0.000ns fall@2.500ns period=5.000ns})
  Destination:            u_fcbrt_core/cycle_cnt_reg[0]_rep/D
                            (rising edge-triggered cell FDCE clocked by clk  {rise@0.000ns fall@2.500ns period=5.000ns})
  Path Group:             clk
  Path Type:              Hold (Min at Fast Process Corner)
  Requirement:            0.000ns  (clk rise@0.000ns - clk rise@0.000ns)
  Data Path Delay:        0.558ns  (logic 0.186ns (33.324%)  route 0.372ns (66.676%))
  Logic Levels:           1  (LUT3=1)
  Clock Path Skew:        0.275ns (DCD - SCD - CPR)
    Destination Clock Delay (DCD):    1.945ns
    Source Clock Delay      (SCD):    1.424ns
    Clock Pessimism Removal (CPR):    0.246ns

    Location             Delay type                Incr(ns)  Path(ns)    Netlist Resource(s)
  -------------------------------------------------------------------    -------------------
                         (clock clk rise edge)        0.000     0.000 r  
    D15                                               0.000     0.000 r  clk_i (IN)
                         net (fo=0)                   0.000     0.000    clk_i
    D15                  IBUF (Prop_ibuf_I_O)         0.197     0.197 r  clk_i_IBUF_inst/O
                         net (fo=1, routed)           0.640     0.837    clk_i_IBUF
    BUFGCTRL_X0Y16       BUFG (Prop_bufg_I_O)         0.026     0.863 r  clk_i_IBUF_BUFG_inst/O
                         net (fo=985, routed)         0.561     1.424    u_fcbrt_core/clk_i_IBUF_BUFG
    SLICE_X59Y101        FDCE                                         r  u_fcbrt_core/cycle_cnt_reg[0]/C
  -------------------------------------------------------------------    -------------------
    SLICE_X59Y101        FDCE (Prop_fdce_C_Q)         0.141     1.565 f  u_fcbrt_core/cycle_cnt_reg[0]/Q
                         net (fo=19, routed)          0.372     1.937    u_fcbrt_core/cycle_cnt[0]
    SLICE_X56Y99         LUT3 (Prop_lut3_I2_O)        0.045     1.982 r  u_fcbrt_core/cycle_cnt[0]_rep_i_1/O
                         net (fo=1, routed)           0.000     1.982    u_fcbrt_core/cycle_cnt[0]_rep_i_1_n_0
    SLICE_X56Y99         FDCE                                         r  u_fcbrt_core/cycle_cnt_reg[0]_rep/D
  -------------------------------------------------------------------    -------------------

                         (clock clk rise edge)        0.000     0.000 r  
    D15                                               0.000     0.000 r  clk_i (IN)
                         net (fo=0)                   0.000     0.000    clk_i
    D15                  IBUF (Prop_ibuf_I_O)         0.386     0.386 r  clk_i_IBUF_inst/O
                         net (fo=1, routed)           0.695     1.081    clk_i_IBUF
    BUFGCTRL_X0Y16       BUFG (Prop_bufg_I_O)         0.029     1.110 r  clk_i_IBUF_BUFG_inst/O
                         net (fo=985, routed)         0.836     1.945    u_fcbrt_core/clk_i_IBUF_BUFG
    SLICE_X56Y99         FDCE                                         r  u_fcbrt_core/cycle_cnt_reg[0]_rep/C
                         clock pessimism             -0.246     1.699    
    SLICE_X56Y99         FDCE (Hold_fdce_C_D)         0.120     1.819    u_fcbrt_core/cycle_cnt_reg[0]_rep
  -------------------------------------------------------------------
                         required time                         -1.819    
                         arrival time                           1.982    
  -------------------------------------------------------------------
                         slack                                  0.163    

Slack (MET) :             0.166ns  (arrival time - required time)
  Source:                 u_fcbrt_core/SM_Reg_reg[41]/C
                            (rising edge-triggered cell FDCE clocked by clk  {rise@0.000ns fall@2.500ns period=5.000ns})
  Destination:            u_fcbrt_core/S_Reg_reg[41]/D
                            (rising edge-triggered cell FDCE clocked by clk  {rise@0.000ns fall@2.500ns period=5.000ns})
  Path Group:             clk
  Path Type:              Hold (Min at Fast Process Corner)
  Requirement:            0.000ns  (clk rise@0.000ns - clk rise@0.000ns)
  Data Path Delay:        0.523ns  (logic 0.186ns (35.566%)  route 0.337ns (64.434%))
  Logic Levels:           1  (LUT6=1)
  Clock Path Skew:        0.266ns (DCD - SCD - CPR)
    Destination Clock Delay (DCD):    1.939ns
    Source Clock Delay      (SCD):    1.422ns
    Clock Pessimism Removal (CPR):    0.251ns

    Location             Delay type                Incr(ns)  Path(ns)    Netlist Resource(s)
  -------------------------------------------------------------------    -------------------
                         (clock clk rise edge)        0.000     0.000 r  
    D15                                               0.000     0.000 r  clk_i (IN)
                         net (fo=0)                   0.000     0.000    clk_i
    D15                  IBUF (Prop_ibuf_I_O)         0.197     0.197 r  clk_i_IBUF_inst/O
                         net (fo=1, routed)           0.640     0.837    clk_i_IBUF
    BUFGCTRL_X0Y16       BUFG (Prop_bufg_I_O)         0.026     0.863 r  clk_i_IBUF_BUFG_inst/O
                         net (fo=985, routed)         0.559     1.422    u_fcbrt_core/clk_i_IBUF_BUFG
    SLICE_X52Y100        FDCE                                         r  u_fcbrt_core/SM_Reg_reg[41]/C
  -------------------------------------------------------------------    -------------------
    SLICE_X52Y100        FDCE (Prop_fdce_C_Q)         0.141     1.563 r  u_fcbrt_core/SM_Reg_reg[41]/Q
                         net (fo=4, routed)           0.337     1.900    u_fcbrt_core/u_fcbrt_Ssel/S_Reg_reg[56]_0[33]
    SLICE_X51Y100        LUT6 (Prop_lut6_I1_O)        0.045     1.945 r  u_fcbrt_core/u_fcbrt_Ssel/S_Reg[41]_i_1/O
                         net (fo=1, routed)           0.000     1.945    u_fcbrt_core/u_fcbrt_Ssel_n_242
    SLICE_X51Y100        FDCE                                         r  u_fcbrt_core/S_Reg_reg[41]/D
  -------------------------------------------------------------------    -------------------

                         (clock clk rise edge)        0.000     0.000 r  
    D15                                               0.000     0.000 r  clk_i (IN)
                         net (fo=0)                   0.000     0.000    clk_i
    D15                  IBUF (Prop_ibuf_I_O)         0.386     0.386 r  clk_i_IBUF_inst/O
                         net (fo=1, routed)           0.695     1.081    clk_i_IBUF
    BUFGCTRL_X0Y16       BUFG (Prop_bufg_I_O)         0.029     1.110 r  clk_i_IBUF_BUFG_inst/O
                         net (fo=985, routed)         0.830     1.939    u_fcbrt_core/clk_i_IBUF_BUFG
    SLICE_X51Y100        FDCE                                         r  u_fcbrt_core/S_Reg_reg[41]/C
                         clock pessimism             -0.251     1.688    
    SLICE_X51Y100        FDCE (Hold_fdce_C_D)         0.091     1.779    u_fcbrt_core/S_Reg_reg[41]
  -------------------------------------------------------------------
                         required time                         -1.779    
                         arrival time                           1.945    
  -------------------------------------------------------------------
                         slack                                  0.166    

Slack (MET) :             0.171ns  (arrival time - required time)
  Source:                 u_fcbrt_core/SM_Reg_reg[19]/C
                            (rising edge-triggered cell FDCE clocked by clk  {rise@0.000ns fall@2.500ns period=5.000ns})
  Destination:            u_fcbrt_core/S_Reg_reg[19]/D
                            (rising edge-triggered cell FDCE clocked by clk  {rise@0.000ns fall@2.500ns period=5.000ns})
  Path Group:             clk
  Path Type:              Hold (Min at Fast Process Corner)
  Requirement:            0.000ns  (clk rise@0.000ns - clk rise@0.000ns)
  Data Path Delay:        0.556ns  (logic 0.209ns (37.577%)  route 0.347ns (62.423%))
  Logic Levels:           1  (LUT6=1)
  Clock Path Skew:        0.265ns (DCD - SCD - CPR)
    Destination Clock Delay (DCD):    1.941ns
    Source Clock Delay      (SCD):    1.430ns
    Clock Pessimism Removal (CPR):    0.246ns

    Location             Delay type                Incr(ns)  Path(ns)    Netlist Resource(s)
  -------------------------------------------------------------------    -------------------
                         (clock clk rise edge)        0.000     0.000 r  
    D15                                               0.000     0.000 r  clk_i (IN)
                         net (fo=0)                   0.000     0.000    clk_i
    D15                  IBUF (Prop_ibuf_I_O)         0.197     0.197 r  clk_i_IBUF_inst/O
                         net (fo=1, routed)           0.640     0.837    clk_i_IBUF
    BUFGCTRL_X0Y16       BUFG (Prop_bufg_I_O)         0.026     0.863 r  clk_i_IBUF_BUFG_inst/O
                         net (fo=985, routed)         0.567     1.430    u_fcbrt_core/clk_i_IBUF_BUFG
    SLICE_X58Y99         FDCE                                         r  u_fcbrt_core/SM_Reg_reg[19]/C
  -------------------------------------------------------------------    -------------------
    SLICE_X58Y99         FDCE (Prop_fdce_C_Q)         0.164     1.594 r  u_fcbrt_core/SM_Reg_reg[19]/Q
                         net (fo=4, routed)           0.347     1.941    u_fcbrt_core/u_fcbrt_Ssel/S_Reg_reg[56]_0[11]
    SLICE_X58Y100        LUT6 (Prop_lut6_I3_O)        0.045     1.986 r  u_fcbrt_core/u_fcbrt_Ssel/S_Reg[19]_i_1/O
                         net (fo=1, routed)           0.000     1.986    u_fcbrt_core/u_fcbrt_Ssel_n_264
    SLICE_X58Y100        FDCE                                         r  u_fcbrt_core/S_Reg_reg[19]/D
  -------------------------------------------------------------------    -------------------

                         (clock clk rise edge)        0.000     0.000 r  
    D15                                               0.000     0.000 r  clk_i (IN)
                         net (fo=0)                   0.000     0.000    clk_i
    D15                  IBUF (Prop_ibuf_I_O)         0.386     0.386 r  clk_i_IBUF_inst/O
                         net (fo=1, routed)           0.695     1.081    clk_i_IBUF
    BUFGCTRL_X0Y16       BUFG (Prop_bufg_I_O)         0.029     1.110 r  clk_i_IBUF_BUFG_inst/O
                         net (fo=985, routed)         0.832     1.941    u_fcbrt_core/clk_i_IBUF_BUFG
    SLICE_X58Y100        FDCE                                         r  u_fcbrt_core/S_Reg_reg[19]/C
                         clock pessimism             -0.246     1.695    
    SLICE_X58Y100        FDCE (Hold_fdce_C_D)         0.120     1.815    u_fcbrt_core/S_Reg_reg[19]
  -------------------------------------------------------------------
                         required time                         -1.815    
                         arrival time                           1.986    
  -------------------------------------------------------------------
                         slack                                  0.171    

Slack (MET) :             0.176ns  (arrival time - required time)
  Source:                 u_fcbrt_core/S_Square_s_Reg_reg[106]/C
                            (rising edge-triggered cell FDCE clocked by clk  {rise@0.000ns fall@2.500ns period=5.000ns})
  Destination:            u_fcbrt_core/S_Square_s_Reg_Prev_reg[106]/D
                            (rising edge-triggered cell FDCE clocked by clk  {rise@0.000ns fall@2.500ns period=5.000ns})
  Path Group:             clk
  Path Type:              Hold (Min at Fast Process Corner)
  Requirement:            0.000ns  (clk rise@0.000ns - clk rise@0.000ns)
  Data Path Delay:        0.543ns  (logic 0.184ns (33.869%)  route 0.359ns (66.131%))
  Logic Levels:           1  (LUT2=1)
  Clock Path Skew:        0.260ns (DCD - SCD - CPR)
    Destination Clock Delay (DCD):    1.942ns
    Source Clock Delay      (SCD):    1.431ns
    Clock Pessimism Removal (CPR):    0.251ns

    Location             Delay type                Incr(ns)  Path(ns)    Netlist Resource(s)
  -------------------------------------------------------------------    -------------------
                         (clock clk rise edge)        0.000     0.000 r  
    D15                                               0.000     0.000 r  clk_i (IN)
                         net (fo=0)                   0.000     0.000    clk_i
    D15                  IBUF (Prop_ibuf_I_O)         0.197     0.197 r  clk_i_IBUF_inst/O
                         net (fo=1, routed)           0.640     0.837    clk_i_IBUF
    BUFGCTRL_X0Y16       BUFG (Prop_bufg_I_O)         0.026     0.863 r  clk_i_IBUF_BUFG_inst/O
                         net (fo=985, routed)         0.568     1.431    u_fcbrt_core/clk_i_IBUF_BUFG
    SLICE_X45Y93         FDCE                                         r  u_fcbrt_core/S_Square_s_Reg_reg[106]/C
  -------------------------------------------------------------------    -------------------
    SLICE_X45Y93         FDCE (Prop_fdce_C_Q)         0.141     1.572 r  u_fcbrt_core/S_Square_s_Reg_reg[106]/Q
                         net (fo=7, routed)           0.359     1.931    u_fcbrt_core/S_Square_s_Reg[106]
    SLICE_X55Y92         LUT2 (Prop_lut2_I0_O)        0.043     1.974 r  u_fcbrt_core/S_Square_s_Reg_Prev[106]_i_1/O
                         net (fo=1, routed)           0.000     1.974    u_fcbrt_core/S_Square_s_Reg_Prev[106]
    SLICE_X55Y92         FDCE                                         r  u_fcbrt_core/S_Square_s_Reg_Prev_reg[106]/D
  -------------------------------------------------------------------    -------------------

                         (clock clk rise edge)        0.000     0.000 r  
    D15                                               0.000     0.000 r  clk_i (IN)
                         net (fo=0)                   0.000     0.000    clk_i
    D15                  IBUF (Prop_ibuf_I_O)         0.386     0.386 r  clk_i_IBUF_inst/O
                         net (fo=1, routed)           0.695     1.081    clk_i_IBUF
    BUFGCTRL_X0Y16       BUFG (Prop_bufg_I_O)         0.029     1.110 r  clk_i_IBUF_BUFG_inst/O
                         net (fo=985, routed)         0.833     1.942    u_fcbrt_core/clk_i_IBUF_BUFG
    SLICE_X55Y92         FDCE                                         r  u_fcbrt_core/S_Square_s_Reg_Prev_reg[106]/C
                         clock pessimism             -0.251     1.691    
    SLICE_X55Y92         FDCE (Hold_fdce_C_D)         0.107     1.798    u_fcbrt_core/S_Square_s_Reg_Prev_reg[106]
  -------------------------------------------------------------------
                         required time                         -1.798    
                         arrival time                           1.974    
  -------------------------------------------------------------------
                         slack                                  0.176    





Pulse Width Checks
--------------------------------------------------------------------------------------
Clock Name:         clk
Waveform(ns):       { 0.000 2.500 }
Period(ns):         5.000
Sources:            { clk_i }

Check Type        Corner  Lib Pin  Reference Pin  Required(ns)  Actual(ns)  Slack(ns)  Location        Pin
Min Period        n/a     BUFG/I   n/a            1.592         5.000       3.408      BUFGCTRL_X0Y16  clk_i_IBUF_BUFG_inst/I
Min Period        n/a     FDCE/C   n/a            1.000         5.000       4.000      SLICE_X52Y100   u_fcbrt_core/SM_Reg_reg[41]/C
Min Period        n/a     FDCE/C   n/a            1.000         5.000       4.000      SLICE_X56Y102   u_fcbrt_core/SM_Reg_reg[42]/C
Min Period        n/a     FDCE/C   n/a            1.000         5.000       4.000      SLICE_X51Y101   u_fcbrt_core/SM_Reg_reg[43]/C
Min Period        n/a     FDCE/C   n/a            1.000         5.000       4.000      SLICE_X57Y102   u_fcbrt_core/SM_Reg_reg[44]/C
Min Period        n/a     FDCE/C   n/a            1.000         5.000       4.000      SLICE_X53Y102   u_fcbrt_core/SM_Reg_reg[45]/C
Min Period        n/a     FDCE/C   n/a            1.000         5.000       4.000      SLICE_X54Y102   u_fcbrt_core/SM_Reg_reg[46]/C
Min Period        n/a     FDCE/C   n/a            1.000         5.000       4.000      SLICE_X51Y102   u_fcbrt_core/SM_Reg_reg[47]/C
Min Period        n/a     FDCE/C   n/a            1.000         5.000       4.000      SLICE_X56Y100   u_fcbrt_core/SM_Reg_reg[48]/C
Min Period        n/a     FDCE/C   n/a            1.000         5.000       4.000      SLICE_X54Y100   u_fcbrt_core/SM_Reg_reg[49]/C
Low Pulse Width   Slow    FDCE/C   n/a            0.500         2.500       2.000      SLICE_X33Y91    u_fcbrt_preprocess/mant_norm_P_reg[33]/C
Low Pulse Width   Slow    FDCE/C   n/a            0.500         2.500       2.000      SLICE_X33Y91    u_fcbrt_preprocess/mant_norm_P_reg[34]/C
Low Pulse Width   Slow    FDCE/C   n/a            0.500         2.500       2.000      SLICE_X33Y91    u_fcbrt_preprocess/mant_norm_P_reg[35]/C
Low Pulse Width   Slow    FDCE/C   n/a            0.500         2.500       2.000      SLICE_X33Y90    u_fcbrt_preprocess/mant_norm_P_reg[36]/C
Low Pulse Width   Slow    FDCE/C   n/a            0.500         2.500       2.000      SLICE_X46Y75    u_fcbrt_core/Residual_c_Reg_reg[15]/C
Low Pulse Width   Slow    FDCE/C   n/a            0.500         2.500       2.000      SLICE_X46Y74    u_fcbrt_core/Residual_c_Reg_reg[16]/C
Low Pulse Width   Slow    FDCE/C   n/a            0.500         2.500       2.000      SLICE_X58Y77    u_fcbrt_core/Residual_c_Reg_reg[23]/C
Low Pulse Width   Slow    FDCE/C   n/a            0.500         2.500       2.000      SLICE_X51Y73    u_fcbrt_core/Residual_c_Reg_reg[29]/C
Low Pulse Width   Slow    FDCE/C   n/a            0.500         2.500       2.000      SLICE_X51Y76    u_fcbrt_core/Residual_s_Reg_reg[10]/C
Low Pulse Width   Slow    FDCE/C   n/a            0.500         2.500       2.000      SLICE_X59Y72    u_fcbrt_core/S_Square_s_Reg_reg[12]/C
High Pulse Width  Fast    FDCE/C   n/a            0.500         2.500       2.000      SLICE_X74Y88    u_fcbrt_core/S_Square_c_Reg_reg[93]/C
High Pulse Width  Fast    FDCE/C   n/a            0.500         2.500       2.000      SLICE_X74Y88    u_fcbrt_core/S_Square_c_Reg_reg[94]/C
High Pulse Width  Fast    FDCE/C   n/a            0.500         2.500       2.000      SLICE_X32Y85    u_fcbrt_preprocess/mant_norm_P_reg[25]/C
High Pulse Width  Fast    FDCE/C   n/a            0.500         2.500       2.000      SLICE_X32Y85    u_fcbrt_preprocess/mant_norm_P_reg[26]/C
High Pulse Width  Fast    FDCE/C   n/a            0.500         2.500       2.000      SLICE_X55Y75    u_fcbrt_core/Residual_c_Reg_reg[27]/C
High Pulse Width  Fast    FDCE/C   n/a            0.500         2.500       2.000      SLICE_X62Y79    u_fcbrt_core/Residual_c_Reg_reg[40]/C
High Pulse Width  Fast    FDCE/C   n/a            0.500         2.500       2.000      SLICE_X57Y66    u_fcbrt_core/S_Square_s_Reg_Prev_reg[21]/C
High Pulse Width  Fast    FDCE/C   n/a            0.500         2.500       2.000      SLICE_X57Y66    u_fcbrt_core/S_Square_s_Reg_Prev_reg[22]/C
High Pulse Width  Fast    FDCE/C   n/a            0.500         2.500       2.000      SLICE_X57Y66    u_fcbrt_core/S_Square_s_Reg_Prev_reg[23]/C
High Pulse Width  Fast    FDCE/C   n/a            0.500         2.500       2.000      SLICE_X57Y66    u_fcbrt_core/S_Square_s_Reg_Prev_reg[24]/C



