Copyright 1986-2018 Xilinx, Inc. All Rights Reserved.
-----------------------------------------------------------------------------------------------------------------------------------------------------------------
| Tool Version : Vivado v.2018.3 (win64) Build 2405991 Thu Dec  6 23:38:27 MST 2018
| Date         : Thu Mar 26 21:14:06 2026
| Host         : kaihuaxc running 64-bit major release  (build 9200)
| Command      : report_methodology -file fcbrt_top_methodology_drc_routed.rpt -pb fcbrt_top_methodology_drc_routed.pb -rpx fcbrt_top_methodology_drc_routed.rpx
| Design       : fcbrt_top
| Device       : xc7a100tcsg324-3
| Speed File   : -3
| Design State : Fully Routed
-----------------------------------------------------------------------------------------------------------------------------------------------------------------

Report Methodology

Table of Contents
-----------------
1. REPORT SUMMARY
2. REPORT DETAILS

1. REPORT SUMMARY
-----------------
            Netlist: netlist
          Floorplan: design_1
      Design limits: <entire design considered>
             Max violations: <unlimited>
             Violations found: 1196
+-----------+----------+-------------------------------+------------+
| Rule      | Severity | Description                   | Violations |
+-----------+----------+-------------------------------+------------+
| TIMING-16 | Warning  | Large setup violation         | 1000       |
| TIMING-18 | Warning  | Missing input or output delay | 133        |
| TIMING-20 | Warning  | Non-clocked latch             | 63         |
+-----------+----------+-------------------------------+------------+

2. REPORT DETAILS
-----------------
TIMING-16#1 Warning
Large setup violation  
There is a large setup violation of -1.002 ns between u_fcbrt_preprocess/start_P_reg/C (clocked by clk) and u_fcbrt_core/Residual_s_Reg_reg[40]/CE (clocked by clk). Large setup violations at the end of those stages might be difficult to fix during the post-placement implementation flow and could be the result of non-optimal XDC constraints or non-optimal design architecture
Related violations: <none>

TIMING-16#2 Warning
Large setup violation  
There is a large setup violation of -1.004 ns between u_fcbrt_preprocess/start_P_reg/C (clocked by clk) and u_fcbrt_core/SM_Reg_reg[5]/CE (clocked by clk). Large setup violations at the end of those stages might be difficult to fix during the post-placement implementation flow and could be the result of non-optimal XDC constraints or non-optimal design architecture
Related violations: <none>

TIMING-16#3 Warning
Large setup violation  
There is a large setup violation of -1.004 ns between u_fcbrt_preprocess/start_P_reg/C (clocked by clk) and u_fcbrt_core/SM_Reg_reg[7]/CE (clocked by clk). Large setup violations at the end of those stages might be difficult to fix during the post-placement implementation flow and could be the result of non-optimal XDC constraints or non-optimal design architecture
Related violations: <none>

TIMING-16#4 Warning
Large setup violation  
There is a large setup violation of -1.005 ns between u_fcbrt_preprocess/start_P_reg/C (clocked by clk) and u_fcbrt_core/S_Square_s_Reg_Prev_reg[91]/D (clocked by clk). Large setup violations at the end of those stages might be difficult to fix during the post-placement implementation flow and could be the result of non-optimal XDC constraints or non-optimal design architecture
Related violations: <none>

TIMING-16#5 Warning
Large setup violation  
There is a large setup violation of -1.006 ns between u_fcbrt_preprocess/start_P_reg/C (clocked by clk) and u_fcbrt_core/S_Square_s_Reg_Prev_reg[11]/D (clocked by clk). Large setup violations at the end of those stages might be difficult to fix during the post-placement implementation flow and could be the result of non-optimal XDC constraints or non-optimal design architecture
Related violations: <none>

TIMING-16#6 Warning
Large setup violation  
There is a large setup violation of -1.013 ns between u_fcbrt_preprocess/start_P_reg/C (clocked by clk) and u_fcbrt_core/S_Square_c_Reg_reg[16]/CE (clocked by clk). Large setup violations at the end of those stages might be difficult to fix during the post-placement implementation flow and could be the result of non-optimal XDC constraints or non-optimal design architecture
Related violations: <none>

TIMING-16#7 Warning
Large setup violation  
There is a large setup violation of -1.017 ns between u_fcbrt_preprocess/start_P_reg/C (clocked by clk) and u_fcbrt_core/Residual_s_Reg_reg[25]/CE (clocked by clk). Large setup violations at the end of those stages might be difficult to fix during the post-placement implementation flow and could be the result of non-optimal XDC constraints or non-optimal design architecture
Related violations: <none>

TIMING-16#8 Warning
Large setup violation  
There is a large setup violation of -1.028 ns between u_fcbrt_preprocess/start_P_reg/C (clocked by clk) and u_fcbrt_core/Residual_s_Reg_reg[20]/CE (clocked by clk). Large setup violations at the end of those stages might be difficult to fix during the post-placement implementation flow and could be the result of non-optimal XDC constraints or non-optimal design architecture
Related violations: <none>

TIMING-16#9 Warning
Large setup violation  
There is a large setup violation of -1.038 ns between u_fcbrt_preprocess/start_P_reg/C (clocked by clk) and u_fcbrt_core/Residual_c_Reg_reg[100]/CE (clocked by clk). Large setup violations at the end of those stages might be difficult to fix during the post-placement implementation flow and could be the result of non-optimal XDC constraints or non-optimal design architecture
Related violations: <none>

TIMING-16#10 Warning
Large setup violation  
There is a large setup violation of -1.038 ns between u_fcbrt_preprocess/start_P_reg/C (clocked by clk) and u_fcbrt_core/Residual_c_Reg_reg[101]/CE (clocked by clk). Large setup violations at the end of those stages might be difficult to fix during the post-placement implementation flow and could be the result of non-optimal XDC constraints or non-optimal design architecture
Related violations: <none>

TIMING-16#11 Warning
Large setup violation  
There is a large setup violation of -1.038 ns between u_fcbrt_preprocess/start_P_reg/C (clocked by clk) and u_fcbrt_core/Residual_c_Reg_reg[99]/CE (clocked by clk). Large setup violations at the end of those stages might be difficult to fix during the post-placement implementation flow and could be the result of non-optimal XDC constraints or non-optimal design architecture
Related violations: <none>

TIMING-16#12 Warning
Large setup violation  
There is a large setup violation of -1.040 ns between u_fcbrt_core/ready_o_reg/C (clocked by clk) and u_fcbrt_preprocess/mant_norm_P_reg[26]/D (clocked by clk). Large setup violations at the end of those stages might be difficult to fix during the post-placement implementation flow and could be the result of non-optimal XDC constraints or non-optimal design architecture
Related violations: <none>

TIMING-16#13 Warning
Large setup violation  
There is a large setup violation of -1.040 ns between u_fcbrt_preprocess/start_P_reg/C (clocked by clk) and u_fcbrt_core/S_Square_s_Reg_reg[15]/CE (clocked by clk). Large setup violations at the end of those stages might be difficult to fix during the post-placement implementation flow and could be the result of non-optimal XDC constraints or non-optimal design architecture
Related violations: <none>

TIMING-16#14 Warning
Large setup violation  
There is a large setup violation of -1.047 ns between u_fcbrt_preprocess/start_P_reg/C (clocked by clk) and u_fcbrt_core/S_Square_s_Reg_Prev_reg[98]/D (clocked by clk). Large setup violations at the end of those stages might be difficult to fix during the post-placement implementation flow and could be the result of non-optimal XDC constraints or non-optimal design architecture
Related violations: <none>

TIMING-16#15 Warning
Large setup violation  
There is a large setup violation of -1.048 ns between u_fcbrt_core/ready_o_reg/C (clocked by clk) and u_fcbrt_preprocess/mant_norm_P_reg[40]/D (clocked by clk). Large setup violations at the end of those stages might be difficult to fix during the post-placement implementation flow and could be the result of non-optimal XDC constraints or non-optimal design architecture
Related violations: <none>

TIMING-16#16 Warning
Large setup violation  
There is a large setup violation of -1.048 ns between u_fcbrt_preprocess/start_P_reg/C (clocked by clk) and u_fcbrt_core/Residual_c_Reg_reg[21]/CE (clocked by clk). Large setup violations at the end of those stages might be difficult to fix during the post-placement implementation flow and could be the result of non-optimal XDC constraints or non-optimal design architecture
Related violations: <none>

TIMING-16#17 Warning
Large setup violation  
There is a large setup violation of -1.048 ns between u_fcbrt_preprocess/start_P_reg/C (clocked by clk) and u_fcbrt_core/Residual_c_Reg_reg[70]/CE (clocked by clk). Large setup violations at the end of those stages might be difficult to fix during the post-placement implementation flow and could be the result of non-optimal XDC constraints or non-optimal design architecture
Related violations: <none>

TIMING-16#18 Warning
Large setup violation  
There is a large setup violation of -1.048 ns between u_fcbrt_preprocess/start_P_reg/C (clocked by clk) and u_fcbrt_core/S_Square_s_Reg_Prev_reg[96]/D (clocked by clk). Large setup violations at the end of those stages might be difficult to fix during the post-placement implementation flow and could be the result of non-optimal XDC constraints or non-optimal design architecture
Related violations: <none>

TIMING-16#19 Warning
Large setup violation  
There is a large setup violation of -1.053 ns between u_fcbrt_preprocess/start_P_reg/C (clocked by clk) and u_fcbrt_core/S_Square_s_Reg_Prev_reg[103]/CE (clocked by clk). Large setup violations at the end of those stages might be difficult to fix during the post-placement implementation flow and could be the result of non-optimal XDC constraints or non-optimal design architecture
Related violations: <none>

TIMING-16#20 Warning
Large setup violation  
There is a large setup violation of -1.053 ns between u_fcbrt_preprocess/start_P_reg/C (clocked by clk) and u_fcbrt_core/S_Square_s_Reg_Prev_reg[104]/CE (clocked by clk). Large setup violations at the end of those stages might be difficult to fix during the post-placement implementation flow and could be the result of non-optimal XDC constraints or non-optimal design architecture
Related violations: <none>

TIMING-16#21 Warning
Large setup violation  
There is a large setup violation of -1.053 ns between u_fcbrt_preprocess/start_P_reg/C (clocked by clk) and u_fcbrt_core/S_Square_s_Reg_Prev_reg[105]/CE (clocked by clk). Large setup violations at the end of those stages might be difficult to fix during the post-placement implementation flow and could be the result of non-optimal XDC constraints or non-optimal design architecture
Related violations: <none>

TIMING-16#22 Warning
Large setup violation  
There is a large setup violation of -1.053 ns between u_fcbrt_preprocess/start_P_reg/C (clocked by clk) and u_fcbrt_core/S_Square_s_Reg_Prev_reg[106]/CE (clocked by clk). Large setup violations at the end of those stages might be difficult to fix during the post-placement implementation flow and could be the result of non-optimal XDC constraints or non-optimal design architecture
Related violations: <none>

TIMING-16#23 Warning
Large setup violation  
There is a large setup violation of -1.059 ns between u_fcbrt_preprocess/start_P_reg/C (clocked by clk) and u_fcbrt_core/S_Square_s_Reg_reg[104]/CE (clocked by clk). Large setup violations at the end of those stages might be difficult to fix during the post-placement implementation flow and could be the result of non-optimal XDC constraints or non-optimal design architecture
Related violations: <none>

TIMING-16#24 Warning
Large setup violation  
There is a large setup violation of -1.069 ns between u_fcbrt_preprocess/start_P_reg/C (clocked by clk) and u_fcbrt_core/Residual_c_Reg_reg[66]/CE (clocked by clk). Large setup violations at the end of those stages might be difficult to fix during the post-placement implementation flow and could be the result of non-optimal XDC constraints or non-optimal design architecture
Related violations: <none>

TIMING-16#25 Warning
Large setup violation  
There is a large setup violation of -1.069 ns between u_fcbrt_preprocess/start_P_reg/C (clocked by clk) and u_fcbrt_core/Residual_s_Reg_reg[65]/CE (clocked by clk). Large setup violations at the end of those stages might be difficult to fix during the post-placement implementation flow and could be the result of non-optimal XDC constraints or non-optimal design architecture
Related violations: <none>

TIMING-16#26 Warning
Large setup violation  
There is a large setup violation of -1.071 ns between u_fcbrt_preprocess/start_P_reg/C (clocked by clk) and u_fcbrt_core/S_Square_c_Reg_Prev_reg[25]/CE (clocked by clk). Large setup violations at the end of those stages might be difficult to fix during the post-placement implementation flow and could be the result of non-optimal XDC constraints or non-optimal design architecture
Related violations: <none>

TIMING-16#27 Warning
Large setup violation  
There is a large setup violation of -1.071 ns between u_fcbrt_preprocess/start_P_reg/C (clocked by clk) and u_fcbrt_core/S_Square_c_Reg_Prev_reg[26]/CE (clocked by clk). Large setup violations at the end of those stages might be difficult to fix during the post-placement implementation flow and could be the result of non-optimal XDC constraints or non-optimal design architecture
Related violations: <none>

TIMING-16#28 Warning
Large setup violation  
There is a large setup violation of -1.071 ns between u_fcbrt_preprocess/start_P_reg/C (clocked by clk) and u_fcbrt_core/S_Square_c_Reg_Prev_reg[27]/CE (clocked by clk). Large setup violations at the end of those stages might be difficult to fix during the post-placement implementation flow and could be the result of non-optimal XDC constraints or non-optimal design architecture
Related violations: <none>

TIMING-16#29 Warning
Large setup violation  
There is a large setup violation of -1.071 ns between u_fcbrt_preprocess/start_P_reg/C (clocked by clk) and u_fcbrt_core/S_Square_c_Reg_Prev_reg[28]/CE (clocked by clk). Large setup violations at the end of those stages might be difficult to fix during the post-placement implementation flow and could be the result of non-optimal XDC constraints or non-optimal design architecture
Related violations: <none>

TIMING-16#30 Warning
Large setup violation  
There is a large setup violation of -1.071 ns between u_fcbrt_preprocess/start_P_reg/C (clocked by clk) and u_fcbrt_core/S_Square_s_Reg_Prev_reg[25]/CE (clocked by clk). Large setup violations at the end of those stages might be difficult to fix during the post-placement implementation flow and could be the result of non-optimal XDC constraints or non-optimal design architecture
Related violations: <none>

TIMING-16#31 Warning
Large setup violation  
There is a large setup violation of -1.071 ns between u_fcbrt_preprocess/start_P_reg/C (clocked by clk) and u_fcbrt_core/S_Square_s_Reg_Prev_reg[26]/CE (clocked by clk). Large setup violations at the end of those stages might be difficult to fix during the post-placement implementation flow and could be the result of non-optimal XDC constraints or non-optimal design architecture
Related violations: <none>

TIMING-16#32 Warning
Large setup violation  
There is a large setup violation of -1.071 ns between u_fcbrt_preprocess/start_P_reg/C (clocked by clk) and u_fcbrt_core/S_Square_s_Reg_Prev_reg[27]/CE (clocked by clk). Large setup violations at the end of those stages might be difficult to fix during the post-placement implementation flow and could be the result of non-optimal XDC constraints or non-optimal design architecture
Related violations: <none>

TIMING-16#33 Warning
Large setup violation  
There is a large setup violation of -1.071 ns between u_fcbrt_preprocess/start_P_reg/C (clocked by clk) and u_fcbrt_core/S_Square_s_Reg_Prev_reg[28]/CE (clocked by clk). Large setup violations at the end of those stages might be difficult to fix during the post-placement implementation flow and could be the result of non-optimal XDC constraints or non-optimal design architecture
Related violations: <none>

TIMING-16#34 Warning
Large setup violation  
There is a large setup violation of -1.075 ns between u_fcbrt_preprocess/start_P_reg/C (clocked by clk) and u_fcbrt_core/S_Square_s_Reg_Prev_reg[97]/D (clocked by clk). Large setup violations at the end of those stages might be difficult to fix during the post-placement implementation flow and could be the result of non-optimal XDC constraints or non-optimal design architecture
Related violations: <none>

TIMING-16#35 Warning
Large setup violation  
There is a large setup violation of -1.079 ns between u_fcbrt_preprocess/start_P_reg/C (clocked by clk) and u_fcbrt_core/S_Square_c_Reg_reg[37]/CE (clocked by clk). Large setup violations at the end of those stages might be difficult to fix during the post-placement implementation flow and could be the result of non-optimal XDC constraints or non-optimal design architecture
Related violations: <none>

TIMING-16#36 Warning
Large setup violation  
There is a large setup violation of -1.079 ns between u_fcbrt_preprocess/start_P_reg/C (clocked by clk) and u_fcbrt_core/S_Square_s_Reg_reg[96]/CE (clocked by clk). Large setup violations at the end of those stages might be difficult to fix during the post-placement implementation flow and could be the result of non-optimal XDC constraints or non-optimal design architecture
Related violations: <none>

TIMING-16#37 Warning
Large setup violation  
There is a large setup violation of -1.080 ns between u_fcbrt_core/ready_o_reg/C (clocked by clk) and u_fcbrt_preprocess/mant_norm_P_reg[41]/D (clocked by clk). Large setup violations at the end of those stages might be difficult to fix during the post-placement implementation flow and could be the result of non-optimal XDC constraints or non-optimal design architecture
Related violations: <none>

TIMING-16#38 Warning
Large setup violation  
There is a large setup violation of -1.080 ns between u_fcbrt_preprocess/start_P_reg/C (clocked by clk) and u_fcbrt_core/S_Square_s_Reg_Prev_reg[95]/D (clocked by clk). Large setup violations at the end of those stages might be difficult to fix during the post-placement implementation flow and could be the result of non-optimal XDC constraints or non-optimal design architecture
Related violations: <none>

TIMING-16#39 Warning
Large setup violation  
There is a large setup violation of -1.081 ns between u_fcbrt_preprocess/start_P_reg/C (clocked by clk) and u_fcbrt_core/S_Square_s_Reg_reg[26]/CE (clocked by clk). Large setup violations at the end of those stages might be difficult to fix during the post-placement implementation flow and could be the result of non-optimal XDC constraints or non-optimal design architecture
Related violations: <none>

TIMING-16#40 Warning
Large setup violation  
There is a large setup violation of -1.081 ns between u_fcbrt_preprocess/start_P_reg/C (clocked by clk) and u_fcbrt_core/S_Square_s_Reg_reg[28]/CE (clocked by clk). Large setup violations at the end of those stages might be difficult to fix during the post-placement implementation flow and could be the result of non-optimal XDC constraints or non-optimal design architecture
Related violations: <none>

TIMING-16#41 Warning
Large setup violation  
There is a large setup violation of -1.081 ns between u_fcbrt_preprocess/start_P_reg/C (clocked by clk) and u_fcbrt_core/S_Square_s_Reg_reg[38]/CE (clocked by clk). Large setup violations at the end of those stages might be difficult to fix during the post-placement implementation flow and could be the result of non-optimal XDC constraints or non-optimal design architecture
Related violations: <none>

TIMING-16#42 Warning
Large setup violation  
There is a large setup violation of -1.083 ns between u_fcbrt_preprocess/start_P_reg/C (clocked by clk) and u_fcbrt_core/Residual_c_Reg_reg[96]/CE (clocked by clk). Large setup violations at the end of those stages might be difficult to fix during the post-placement implementation flow and could be the result of non-optimal XDC constraints or non-optimal design architecture
Related violations: <none>

TIMING-16#43 Warning
Large setup violation  
There is a large setup violation of -1.083 ns between u_fcbrt_preprocess/start_P_reg/C (clocked by clk) and u_fcbrt_core/Residual_s_Reg_reg[95]/CE (clocked by clk). Large setup violations at the end of those stages might be difficult to fix during the post-placement implementation flow and could be the result of non-optimal XDC constraints or non-optimal design architecture
Related violations: <none>

TIMING-16#44 Warning
Large setup violation  
There is a large setup violation of -1.086 ns between u_fcbrt_preprocess/start_P_reg/C (clocked by clk) and u_fcbrt_core/S_Square_c_Reg_Prev_reg[40]/CE (clocked by clk). Large setup violations at the end of those stages might be difficult to fix during the post-placement implementation flow and could be the result of non-optimal XDC constraints or non-optimal design architecture
Related violations: <none>

TIMING-16#45 Warning
Large setup violation  
There is a large setup violation of -1.086 ns between u_fcbrt_preprocess/start_P_reg/C (clocked by clk) and u_fcbrt_core/S_Square_c_Reg_Prev_reg[41]/CE (clocked by clk). Large setup violations at the end of those stages might be difficult to fix during the post-placement implementation flow and could be the result of non-optimal XDC constraints or non-optimal design architecture
Related violations: <none>

TIMING-16#46 Warning
Large setup violation  
There is a large setup violation of -1.086 ns between u_fcbrt_preprocess/start_P_reg/C (clocked by clk) and u_fcbrt_core/S_Square_c_Reg_Prev_reg[42]/CE (clocked by clk). Large setup violations at the end of those stages might be difficult to fix during the post-placement implementation flow and could be the result of non-optimal XDC constraints or non-optimal design architecture
Related violations: <none>

TIMING-16#47 Warning
Large setup violation  
There is a large setup violation of -1.086 ns between u_fcbrt_preprocess/start_P_reg/C (clocked by clk) and u_fcbrt_core/S_Square_c_Reg_Prev_reg[43]/CE (clocked by clk). Large setup violations at the end of those stages might be difficult to fix during the post-placement implementation flow and could be the result of non-optimal XDC constraints or non-optimal design architecture
Related violations: <none>

TIMING-16#48 Warning
Large setup violation  
There is a large setup violation of -1.086 ns between u_fcbrt_preprocess/start_P_reg/C (clocked by clk) and u_fcbrt_core/S_Square_s_Reg_Prev_reg[41]/CE (clocked by clk). Large setup violations at the end of those stages might be difficult to fix during the post-placement implementation flow and could be the result of non-optimal XDC constraints or non-optimal design architecture
Related violations: <none>

TIMING-16#49 Warning
Large setup violation  
There is a large setup violation of -1.086 ns between u_fcbrt_preprocess/start_P_reg/C (clocked by clk) and u_fcbrt_core/S_Square_s_Reg_Prev_reg[42]/CE (clocked by clk). Large setup violations at the end of those stages might be difficult to fix during the post-placement implementation flow and could be the result of non-optimal XDC constraints or non-optimal design architecture
Related violations: <none>

TIMING-16#50 Warning
Large setup violation  
There is a large setup violation of -1.086 ns between u_fcbrt_preprocess/start_P_reg/C (clocked by clk) and u_fcbrt_core/S_Square_s_Reg_Prev_reg[43]/CE (clocked by clk). Large setup violations at the end of those stages might be difficult to fix during the post-placement implementation flow and could be the result of non-optimal XDC constraints or non-optimal design architecture
Related violations: <none>

TIMING-16#51 Warning
Large setup violation  
There is a large setup violation of -1.086 ns between u_fcbrt_preprocess/start_P_reg/C (clocked by clk) and u_fcbrt_core/S_Square_s_Reg_Prev_reg[44]/CE (clocked by clk). Large setup violations at the end of those stages might be difficult to fix during the post-placement implementation flow and could be the result of non-optimal XDC constraints or non-optimal design architecture
Related violations: <none>

TIMING-16#52 Warning
Large setup violation  
There is a large setup violation of -1.095 ns between u_fcbrt_preprocess/start_P_reg/C (clocked by clk) and u_fcbrt_core/S_Square_c_Reg_Prev_reg[33]/CE (clocked by clk). Large setup violations at the end of those stages might be difficult to fix during the post-placement implementation flow and could be the result of non-optimal XDC constraints or non-optimal design architecture
Related violations: <none>

TIMING-16#53 Warning
Large setup violation  
There is a large setup violation of -1.095 ns between u_fcbrt_preprocess/start_P_reg/C (clocked by clk) and u_fcbrt_core/S_Square_c_Reg_Prev_reg[34]/CE (clocked by clk). Large setup violations at the end of those stages might be difficult to fix during the post-placement implementation flow and could be the result of non-optimal XDC constraints or non-optimal design architecture
Related violations: <none>

TIMING-16#54 Warning
Large setup violation  
There is a large setup violation of -1.095 ns between u_fcbrt_preprocess/start_P_reg/C (clocked by clk) and u_fcbrt_core/S_Square_c_Reg_Prev_reg[36]/CE (clocked by clk). Large setup violations at the end of those stages might be difficult to fix during the post-placement implementation flow and could be the result of non-optimal XDC constraints or non-optimal design architecture
Related violations: <none>

TIMING-16#55 Warning
Large setup violation  
There is a large setup violation of -1.095 ns between u_fcbrt_preprocess/start_P_reg/C (clocked by clk) and u_fcbrt_core/S_Square_c_Reg_Prev_reg[37]/CE (clocked by clk). Large setup violations at the end of those stages might be difficult to fix during the post-placement implementation flow and could be the result of non-optimal XDC constraints or non-optimal design architecture
Related violations: <none>

TIMING-16#56 Warning
Large setup violation  
There is a large setup violation of -1.095 ns between u_fcbrt_preprocess/start_P_reg/C (clocked by clk) and u_fcbrt_core/S_Square_s_Reg_Prev_reg[33]/CE (clocked by clk). Large setup violations at the end of those stages might be difficult to fix during the post-placement implementation flow and could be the result of non-optimal XDC constraints or non-optimal design architecture
Related violations: <none>

TIMING-16#57 Warning
Large setup violation  
There is a large setup violation of -1.095 ns between u_fcbrt_preprocess/start_P_reg/C (clocked by clk) and u_fcbrt_core/S_Square_s_Reg_Prev_reg[34]/CE (clocked by clk). Large setup violations at the end of those stages might be difficult to fix during the post-placement implementation flow and could be the result of non-optimal XDC constraints or non-optimal design architecture
Related violations: <none>

TIMING-16#58 Warning
Large setup violation  
There is a large setup violation of -1.100 ns between u_fcbrt_preprocess/start_P_reg/C (clocked by clk) and u_fcbrt_core/SM_Reg_reg[3]/CE (clocked by clk). Large setup violations at the end of those stages might be difficult to fix during the post-placement implementation flow and could be the result of non-optimal XDC constraints or non-optimal design architecture
Related violations: <none>

TIMING-16#59 Warning
Large setup violation  
There is a large setup violation of -1.102 ns between u_fcbrt_preprocess/start_P_reg/C (clocked by clk) and u_fcbrt_core/SM_Reg_reg[14]/CE (clocked by clk). Large setup violations at the end of those stages might be difficult to fix during the post-placement implementation flow and could be the result of non-optimal XDC constraints or non-optimal design architecture
Related violations: <none>

TIMING-16#60 Warning
Large setup violation  
There is a large setup violation of -1.102 ns between u_fcbrt_preprocess/start_P_reg/C (clocked by clk) and u_fcbrt_core/SM_Reg_reg[8]/CE (clocked by clk). Large setup violations at the end of those stages might be difficult to fix during the post-placement implementation flow and could be the result of non-optimal XDC constraints or non-optimal design architecture
Related violations: <none>

TIMING-16#61 Warning
Large setup violation  
There is a large setup violation of -1.105 ns between u_fcbrt_preprocess/start_P_reg/C (clocked by clk) and u_fcbrt_core/Residual_c_Reg_reg[22]/CE (clocked by clk). Large setup violations at the end of those stages might be difficult to fix during the post-placement implementation flow and could be the result of non-optimal XDC constraints or non-optimal design architecture
Related violations: <none>

TIMING-16#62 Warning
Large setup violation  
There is a large setup violation of -1.105 ns between u_fcbrt_preprocess/start_P_reg/C (clocked by clk) and u_fcbrt_core/S_Square_s_Reg_Prev_reg[72]/CE (clocked by clk). Large setup violations at the end of those stages might be difficult to fix during the post-placement implementation flow and could be the result of non-optimal XDC constraints or non-optimal design architecture
Related violations: <none>

TIMING-16#63 Warning
Large setup violation  
There is a large setup violation of -1.105 ns between u_fcbrt_preprocess/start_P_reg/C (clocked by clk) and u_fcbrt_core/S_Square_s_Reg_Prev_reg[73]/CE (clocked by clk). Large setup violations at the end of those stages might be difficult to fix during the post-placement implementation flow and could be the result of non-optimal XDC constraints or non-optimal design architecture
Related violations: <none>

TIMING-16#64 Warning
Large setup violation  
There is a large setup violation of -1.105 ns between u_fcbrt_preprocess/start_P_reg/C (clocked by clk) and u_fcbrt_core/S_Square_s_Reg_Prev_reg[90]/CE (clocked by clk). Large setup violations at the end of those stages might be difficult to fix during the post-placement implementation flow and could be the result of non-optimal XDC constraints or non-optimal design architecture
Related violations: <none>

TIMING-16#65 Warning
Large setup violation  
There is a large setup violation of -1.105 ns between u_fcbrt_preprocess/start_P_reg/C (clocked by clk) and u_fcbrt_core/S_Square_s_Reg_Prev_reg[92]/CE (clocked by clk). Large setup violations at the end of those stages might be difficult to fix during the post-placement implementation flow and could be the result of non-optimal XDC constraints or non-optimal design architecture
Related violations: <none>

TIMING-16#66 Warning
Large setup violation  
There is a large setup violation of -1.105 ns between u_fcbrt_preprocess/start_P_reg/C (clocked by clk) and u_fcbrt_core/S_Square_s_Reg_Prev_reg[95]/CE (clocked by clk). Large setup violations at the end of those stages might be difficult to fix during the post-placement implementation flow and could be the result of non-optimal XDC constraints or non-optimal design architecture
Related violations: <none>

TIMING-16#67 Warning
Large setup violation  
There is a large setup violation of -1.105 ns between u_fcbrt_preprocess/start_P_reg/C (clocked by clk) and u_fcbrt_core/S_Square_s_Reg_Prev_reg[96]/CE (clocked by clk). Large setup violations at the end of those stages might be difficult to fix during the post-placement implementation flow and could be the result of non-optimal XDC constraints or non-optimal design architecture
Related violations: <none>

TIMING-16#68 Warning
Large setup violation  
There is a large setup violation of -1.106 ns between u_fcbrt_preprocess/start_P_reg/C (clocked by clk) and u_fcbrt_core/S_Square_s_Reg_reg[29]/CE (clocked by clk). Large setup violations at the end of those stages might be difficult to fix during the post-placement implementation flow and could be the result of non-optimal XDC constraints or non-optimal design architecture
Related violations: <none>

TIMING-16#69 Warning
Large setup violation  
There is a large setup violation of -1.106 ns between u_fcbrt_preprocess/start_P_reg/C (clocked by clk) and u_fcbrt_core/S_Square_s_Reg_reg[30]/CE (clocked by clk). Large setup violations at the end of those stages might be difficult to fix during the post-placement implementation flow and could be the result of non-optimal XDC constraints or non-optimal design architecture
Related violations: <none>

TIMING-16#70 Warning
Large setup violation  
There is a large setup violation of -1.114 ns between u_fcbrt_preprocess/start_P_reg/C (clocked by clk) and u_fcbrt_core/Residual_s_Reg_reg[24]/CE (clocked by clk). Large setup violations at the end of those stages might be difficult to fix during the post-placement implementation flow and could be the result of non-optimal XDC constraints or non-optimal design architecture
Related violations: <none>

TIMING-16#71 Warning
Large setup violation  
There is a large setup violation of -1.123 ns between u_fcbrt_preprocess/start_P_reg/C (clocked by clk) and u_fcbrt_core/S_Square_s_Reg_Prev_reg[84]/CE (clocked by clk). Large setup violations at the end of those stages might be difficult to fix during the post-placement implementation flow and could be the result of non-optimal XDC constraints or non-optimal design architecture
Related violations: <none>

TIMING-16#72 Warning
Large setup violation  
There is a large setup violation of -1.123 ns between u_fcbrt_preprocess/start_P_reg/C (clocked by clk) and u_fcbrt_core/S_Square_s_Reg_Prev_reg[85]/CE (clocked by clk). Large setup violations at the end of those stages might be difficult to fix during the post-placement implementation flow and could be the result of non-optimal XDC constraints or non-optimal design architecture
Related violations: <none>

TIMING-16#73 Warning
Large setup violation  
There is a large setup violation of -1.131 ns between u_fcbrt_preprocess/start_P_reg/C (clocked by clk) and u_fcbrt_core/S_Reg_reg[14]/CE (clocked by clk). Large setup violations at the end of those stages might be difficult to fix during the post-placement implementation flow and could be the result of non-optimal XDC constraints or non-optimal design architecture
Related violations: <none>

TIMING-16#74 Warning
Large setup violation  
There is a large setup violation of -1.133 ns between u_fcbrt_preprocess/start_P_reg/C (clocked by clk) and u_fcbrt_core/S_Reg_reg[1]/CE (clocked by clk). Large setup violations at the end of those stages might be difficult to fix during the post-placement implementation flow and could be the result of non-optimal XDC constraints or non-optimal design architecture
Related violations: <none>

TIMING-16#75 Warning
Large setup violation  
There is a large setup violation of -1.133 ns between u_fcbrt_preprocess/start_P_reg/C (clocked by clk) and u_fcbrt_core/S_Reg_reg[5]/CE (clocked by clk). Large setup violations at the end of those stages might be difficult to fix during the post-placement implementation flow and could be the result of non-optimal XDC constraints or non-optimal design architecture
Related violations: <none>

TIMING-16#76 Warning
Large setup violation  
There is a large setup violation of -1.134 ns between u_fcbrt_preprocess/start_P_reg/C (clocked by clk) and u_fcbrt_core/S_Square_s_Reg_reg[92]/CE (clocked by clk). Large setup violations at the end of those stages might be difficult to fix during the post-placement implementation flow and could be the result of non-optimal XDC constraints or non-optimal design architecture
Related violations: <none>

TIMING-16#77 Warning
Large setup violation  
There is a large setup violation of -1.138 ns between u_fcbrt_preprocess/start_P_reg/C (clocked by clk) and u_fcbrt_core/S_Square_c_Reg_Prev_reg[21]/CE (clocked by clk). Large setup violations at the end of those stages might be difficult to fix during the post-placement implementation flow and could be the result of non-optimal XDC constraints or non-optimal design architecture
Related violations: <none>

TIMING-16#78 Warning
Large setup violation  
There is a large setup violation of -1.138 ns between u_fcbrt_preprocess/start_P_reg/C (clocked by clk) and u_fcbrt_core/S_Square_c_Reg_Prev_reg[22]/CE (clocked by clk). Large setup violations at the end of those stages might be difficult to fix during the post-placement implementation flow and could be the result of non-optimal XDC constraints or non-optimal design architecture
Related violations: <none>

TIMING-16#79 Warning
Large setup violation  
There is a large setup violation of -1.138 ns between u_fcbrt_preprocess/start_P_reg/C (clocked by clk) and u_fcbrt_core/S_Square_c_Reg_Prev_reg[23]/CE (clocked by clk). Large setup violations at the end of those stages might be difficult to fix during the post-placement implementation flow and could be the result of non-optimal XDC constraints or non-optimal design architecture
Related violations: <none>

TIMING-16#80 Warning
Large setup violation  
There is a large setup violation of -1.138 ns between u_fcbrt_preprocess/start_P_reg/C (clocked by clk) and u_fcbrt_core/S_Square_c_Reg_Prev_reg[24]/CE (clocked by clk). Large setup violations at the end of those stages might be difficult to fix during the post-placement implementation flow and could be the result of non-optimal XDC constraints or non-optimal design architecture
Related violations: <none>

TIMING-16#81 Warning
Large setup violation  
There is a large setup violation of -1.138 ns between u_fcbrt_preprocess/start_P_reg/C (clocked by clk) and u_fcbrt_core/S_Square_s_Reg_Prev_reg[21]/CE (clocked by clk). Large setup violations at the end of those stages might be difficult to fix during the post-placement implementation flow and could be the result of non-optimal XDC constraints or non-optimal design architecture
Related violations: <none>

TIMING-16#82 Warning
Large setup violation  
There is a large setup violation of -1.138 ns between u_fcbrt_preprocess/start_P_reg/C (clocked by clk) and u_fcbrt_core/S_Square_s_Reg_Prev_reg[22]/CE (clocked by clk). Large setup violations at the end of those stages might be difficult to fix during the post-placement implementation flow and could be the result of non-optimal XDC constraints or non-optimal design architecture
Related violations: <none>

TIMING-16#83 Warning
Large setup violation  
There is a large setup violation of -1.138 ns between u_fcbrt_preprocess/start_P_reg/C (clocked by clk) and u_fcbrt_core/S_Square_s_Reg_Prev_reg[23]/CE (clocked by clk). Large setup violations at the end of those stages might be difficult to fix during the post-placement implementation flow and could be the result of non-optimal XDC constraints or non-optimal design architecture
Related violations: <none>

TIMING-16#84 Warning
Large setup violation  
There is a large setup violation of -1.138 ns between u_fcbrt_preprocess/start_P_reg/C (clocked by clk) and u_fcbrt_core/S_Square_s_Reg_Prev_reg[24]/CE (clocked by clk). Large setup violations at the end of those stages might be difficult to fix during the post-placement implementation flow and could be the result of non-optimal XDC constraints or non-optimal design architecture
Related violations: <none>

TIMING-16#85 Warning
Large setup violation  
There is a large setup violation of -1.143 ns between u_fcbrt_preprocess/start_P_reg/C (clocked by clk) and u_fcbrt_core/Residual_c_Reg_reg[25]/CE (clocked by clk). Large setup violations at the end of those stages might be difficult to fix during the post-placement implementation flow and could be the result of non-optimal XDC constraints or non-optimal design architecture
Related violations: <none>

TIMING-16#86 Warning
Large setup violation  
There is a large setup violation of -1.145 ns between u_fcbrt_preprocess/start_P_reg/C (clocked by clk) and u_fcbrt_core/Residual_c_Reg_reg[26]/CE (clocked by clk). Large setup violations at the end of those stages might be difficult to fix during the post-placement implementation flow and could be the result of non-optimal XDC constraints or non-optimal design architecture
Related violations: <none>

TIMING-16#87 Warning
Large setup violation  
There is a large setup violation of -1.151 ns between u_fcbrt_preprocess/start_P_reg/C (clocked by clk) and u_fcbrt_core/S_Square_c_Reg_Prev_reg[6]/D (clocked by clk). Large setup violations at the end of those stages might be difficult to fix during the post-placement implementation flow and could be the result of non-optimal XDC constraints or non-optimal design architecture
Related violations: <none>

TIMING-16#88 Warning
Large setup violation  
There is a large setup violation of -1.152 ns between u_fcbrt_preprocess/start_P_reg/C (clocked by clk) and u_fcbrt_core/Residual_s_Reg_reg[58]/CE (clocked by clk). Large setup violations at the end of those stages might be difficult to fix during the post-placement implementation flow and could be the result of non-optimal XDC constraints or non-optimal design architecture
Related violations: <none>

TIMING-16#89 Warning
Large setup violation  
There is a large setup violation of -1.152 ns between u_fcbrt_preprocess/start_P_reg/C (clocked by clk) and u_fcbrt_core/S_Square_c_Reg_reg[92]/CE (clocked by clk). Large setup violations at the end of those stages might be difficult to fix during the post-placement implementation flow and could be the result of non-optimal XDC constraints or non-optimal design architecture
Related violations: <none>

TIMING-16#90 Warning
Large setup violation  
There is a large setup violation of -1.152 ns between u_fcbrt_preprocess/start_P_reg/C (clocked by clk) and u_fcbrt_core/S_Square_c_Reg_reg[95]/CE (clocked by clk). Large setup violations at the end of those stages might be difficult to fix during the post-placement implementation flow and could be the result of non-optimal XDC constraints or non-optimal design architecture
Related violations: <none>

TIMING-16#91 Warning
Large setup violation  
There is a large setup violation of -1.153 ns between u_fcbrt_preprocess/start_P_reg/C (clocked by clk) and u_fcbrt_core/S_Square_s_Reg_Prev_reg[101]/CE (clocked by clk). Large setup violations at the end of those stages might be difficult to fix during the post-placement implementation flow and could be the result of non-optimal XDC constraints or non-optimal design architecture
Related violations: <none>

TIMING-16#92 Warning
Large setup violation  
There is a large setup violation of -1.153 ns between u_fcbrt_preprocess/start_P_reg/C (clocked by clk) and u_fcbrt_core/S_Square_s_Reg_Prev_reg[102]/CE (clocked by clk). Large setup violations at the end of those stages might be difficult to fix during the post-placement implementation flow and could be the result of non-optimal XDC constraints or non-optimal design architecture
Related violations: <none>

TIMING-16#93 Warning
Large setup violation  
There is a large setup violation of -1.166 ns between u_fcbrt_preprocess/start_P_reg/C (clocked by clk) and u_fcbrt_core/S_Square_c_Reg_Prev_reg[53]/CE (clocked by clk). Large setup violations at the end of those stages might be difficult to fix during the post-placement implementation flow and could be the result of non-optimal XDC constraints or non-optimal design architecture
Related violations: <none>

TIMING-16#94 Warning
Large setup violation  
There is a large setup violation of -1.166 ns between u_fcbrt_preprocess/start_P_reg/C (clocked by clk) and u_fcbrt_core/S_Square_c_Reg_Prev_reg[54]/CE (clocked by clk). Large setup violations at the end of those stages might be difficult to fix during the post-placement implementation flow and could be the result of non-optimal XDC constraints or non-optimal design architecture
Related violations: <none>

TIMING-16#95 Warning
Large setup violation  
There is a large setup violation of -1.169 ns between u_fcbrt_preprocess/start_P_reg/C (clocked by clk) and u_fcbrt_core/S_Square_c_Reg_Prev_reg[5]/D (clocked by clk). Large setup violations at the end of those stages might be difficult to fix during the post-placement implementation flow and could be the result of non-optimal XDC constraints or non-optimal design architecture
Related violations: <none>

TIMING-16#96 Warning
Large setup violation  
There is a large setup violation of -1.175 ns between u_fcbrt_preprocess/start_P_reg/C (clocked by clk) and u_fcbrt_core/S_Square_c_Reg_reg[29]/CE (clocked by clk). Large setup violations at the end of those stages might be difficult to fix during the post-placement implementation flow and could be the result of non-optimal XDC constraints or non-optimal design architecture
Related violations: <none>

TIMING-16#97 Warning
Large setup violation  
There is a large setup violation of -1.175 ns between u_fcbrt_preprocess/start_P_reg/C (clocked by clk) and u_fcbrt_core/S_Square_c_Reg_reg[34]/CE (clocked by clk). Large setup violations at the end of those stages might be difficult to fix during the post-placement implementation flow and could be the result of non-optimal XDC constraints or non-optimal design architecture
Related violations: <none>

TIMING-16#98 Warning
Large setup violation  
There is a large setup violation of -1.176 ns between u_fcbrt_preprocess/start_P_reg/C (clocked by clk) and u_fcbrt_core/exp_bias_nonc_reg_reg[0]/D (clocked by clk). Large setup violations at the end of those stages might be difficult to fix during the post-placement implementation flow and could be the result of non-optimal XDC constraints or non-optimal design architecture
Related violations: <none>

TIMING-16#99 Warning
Large setup violation  
There is a large setup violation of -1.177 ns between u_fcbrt_core/ready_o_reg/C (clocked by clk) and u_fcbrt_preprocess/mant_norm_P_reg[25]/D (clocked by clk). Large setup violations at the end of those stages might be difficult to fix during the post-placement implementation flow and could be the result of non-optimal XDC constraints or non-optimal design architecture
Related violations: <none>

TIMING-16#100 Warning
Large setup violation  
There is a large setup violation of -1.178 ns between u_fcbrt_core/ready_o_reg/C (clocked by clk) and u_fcbrt_preprocess/mant_norm_P_reg[39]/D (clocked by clk). Large setup violations at the end of those stages might be difficult to fix during the post-placement implementation flow and could be the result of non-optimal XDC constraints or non-optimal design architecture
Related violations: <none>

TIMING-16#101 Warning
Large setup violation  
There is a large setup violation of -1.178 ns between u_fcbrt_preprocess/start_P_reg/C (clocked by clk) and u_fcbrt_core/Residual_c_Reg_reg[106]/CE (clocked by clk). Large setup violations at the end of those stages might be difficult to fix during the post-placement implementation flow and could be the result of non-optimal XDC constraints or non-optimal design architecture
Related violations: <none>

TIMING-16#102 Warning
Large setup violation  
There is a large setup violation of -1.181 ns between u_fcbrt_core/ready_o_reg/C (clocked by clk) and u_fcbrt_preprocess/mant_norm_P_reg[24]/D (clocked by clk). Large setup violations at the end of those stages might be difficult to fix during the post-placement implementation flow and could be the result of non-optimal XDC constraints or non-optimal design architecture
Related violations: <none>

TIMING-16#103 Warning
Large setup violation  
There is a large setup violation of -1.188 ns between u_fcbrt_preprocess/start_P_reg/C (clocked by clk) and u_fcbrt_core/S_Reg_reg[56]/CE (clocked by clk). Large setup violations at the end of those stages might be difficult to fix during the post-placement implementation flow and could be the result of non-optimal XDC constraints or non-optimal design architecture
Related violations: <none>

TIMING-16#104 Warning
Large setup violation  
There is a large setup violation of -1.198 ns between u_fcbrt_preprocess/start_P_reg/C (clocked by clk) and u_fcbrt_core/S_Square_c_Reg_Prev_reg[29]/CE (clocked by clk). Large setup violations at the end of those stages might be difficult to fix during the post-placement implementation flow and could be the result of non-optimal XDC constraints or non-optimal design architecture
Related violations: <none>

TIMING-16#105 Warning
Large setup violation  
There is a large setup violation of -1.198 ns between u_fcbrt_preprocess/start_P_reg/C (clocked by clk) and u_fcbrt_core/S_Square_c_Reg_Prev_reg[30]/CE (clocked by clk). Large setup violations at the end of those stages might be difficult to fix during the post-placement implementation flow and could be the result of non-optimal XDC constraints or non-optimal design architecture
Related violations: <none>

TIMING-16#106 Warning
Large setup violation  
There is a large setup violation of -1.198 ns between u_fcbrt_preprocess/start_P_reg/C (clocked by clk) and u_fcbrt_core/S_Square_c_Reg_Prev_reg[31]/CE (clocked by clk). Large setup violations at the end of those stages might be difficult to fix during the post-placement implementation flow and could be the result of non-optimal XDC constraints or non-optimal design architecture
Related violations: <none>

TIMING-16#107 Warning
Large setup violation  
There is a large setup violation of -1.198 ns between u_fcbrt_preprocess/start_P_reg/C (clocked by clk) and u_fcbrt_core/S_Square_c_Reg_Prev_reg[32]/CE (clocked by clk). Large setup violations at the end of those stages might be difficult to fix during the post-placement implementation flow and could be the result of non-optimal XDC constraints or non-optimal design architecture
Related violations: <none>

TIMING-16#108 Warning
Large setup violation  
There is a large setup violation of -1.202 ns between u_fcbrt_preprocess/start_P_reg/C (clocked by clk) and u_fcbrt_core/S_Square_c_Reg_Prev_reg[49]/CE (clocked by clk). Large setup violations at the end of those stages might be difficult to fix during the post-placement implementation flow and could be the result of non-optimal XDC constraints or non-optimal design architecture
Related violations: <none>

TIMING-16#109 Warning
Large setup violation  
There is a large setup violation of -1.202 ns between u_fcbrt_preprocess/start_P_reg/C (clocked by clk) and u_fcbrt_core/S_Square_c_Reg_Prev_reg[50]/CE (clocked by clk). Large setup violations at the end of those stages might be difficult to fix during the post-placement implementation flow and could be the result of non-optimal XDC constraints or non-optimal design architecture
Related violations: <none>

TIMING-16#110 Warning
Large setup violation  
There is a large setup violation of -1.202 ns between u_fcbrt_preprocess/start_P_reg/C (clocked by clk) and u_fcbrt_core/S_Square_s_Reg_Prev_reg[46]/CE (clocked by clk). Large setup violations at the end of those stages might be difficult to fix during the post-placement implementation flow and could be the result of non-optimal XDC constraints or non-optimal design architecture
Related violations: <none>

TIMING-16#111 Warning
Large setup violation  
There is a large setup violation of -1.211 ns between u_fcbrt_preprocess/start_P_reg/C (clocked by clk) and u_fcbrt_core/S_Square_s_Reg_Prev_reg[91]/CE (clocked by clk). Large setup violations at the end of those stages might be difficult to fix during the post-placement implementation flow and could be the result of non-optimal XDC constraints or non-optimal design architecture
Related violations: <none>

TIMING-16#112 Warning
Large setup violation  
There is a large setup violation of -1.211 ns between u_fcbrt_preprocess/start_P_reg/C (clocked by clk) and u_fcbrt_core/S_Square_s_Reg_Prev_reg[93]/CE (clocked by clk). Large setup violations at the end of those stages might be difficult to fix during the post-placement implementation flow and could be the result of non-optimal XDC constraints or non-optimal design architecture
Related violations: <none>

TIMING-16#113 Warning
Large setup violation  
There is a large setup violation of -1.211 ns between u_fcbrt_preprocess/start_P_reg/C (clocked by clk) and u_fcbrt_core/S_Square_s_Reg_Prev_reg[97]/CE (clocked by clk). Large setup violations at the end of those stages might be difficult to fix during the post-placement implementation flow and could be the result of non-optimal XDC constraints or non-optimal design architecture
Related violations: <none>

TIMING-16#114 Warning
Large setup violation  
There is a large setup violation of -1.211 ns between u_fcbrt_preprocess/start_P_reg/C (clocked by clk) and u_fcbrt_core/S_Square_s_Reg_Prev_reg[98]/CE (clocked by clk). Large setup violations at the end of those stages might be difficult to fix during the post-placement implementation flow and could be the result of non-optimal XDC constraints or non-optimal design architecture
Related violations: <none>

TIMING-16#115 Warning
Large setup violation  
There is a large setup violation of -1.214 ns between u_fcbrt_preprocess/start_P_reg/C (clocked by clk) and u_fcbrt_core/S_Square_c_Reg_Prev_reg[2]/D (clocked by clk). Large setup violations at the end of those stages might be difficult to fix during the post-placement implementation flow and could be the result of non-optimal XDC constraints or non-optimal design architecture
Related violations: <none>

TIMING-16#116 Warning
Large setup violation  
There is a large setup violation of -1.214 ns between u_fcbrt_preprocess/start_P_reg/C (clocked by clk) and u_fcbrt_core/S_Square_c_Reg_Prev_reg[8]/D (clocked by clk). Large setup violations at the end of those stages might be difficult to fix during the post-placement implementation flow and could be the result of non-optimal XDC constraints or non-optimal design architecture
Related violations: <none>

TIMING-16#117 Warning
Large setup violation  
There is a large setup violation of -1.215 ns between u_fcbrt_preprocess/start_P_reg/C (clocked by clk) and u_fcbrt_core/S_Square_s_Reg_Prev_reg[8]/D (clocked by clk). Large setup violations at the end of those stages might be difficult to fix during the post-placement implementation flow and could be the result of non-optimal XDC constraints or non-optimal design architecture
Related violations: <none>

TIMING-16#118 Warning
Large setup violation  
There is a large setup violation of -1.217 ns between u_fcbrt_core/ready_o_reg/C (clocked by clk) and u_fcbrt_preprocess/mant_norm_P_reg[21]/D (clocked by clk). Large setup violations at the end of those stages might be difficult to fix during the post-placement implementation flow and could be the result of non-optimal XDC constraints or non-optimal design architecture
Related violations: <none>

TIMING-16#119 Warning
Large setup violation  
There is a large setup violation of -1.217 ns between u_fcbrt_preprocess/start_P_reg/C (clocked by clk) and u_fcbrt_core/S_Square_s_Reg_Prev_reg[2]/D (clocked by clk). Large setup violations at the end of those stages might be difficult to fix during the post-placement implementation flow and could be the result of non-optimal XDC constraints or non-optimal design architecture
Related violations: <none>

TIMING-16#120 Warning
Large setup violation  
There is a large setup violation of -1.219 ns between u_fcbrt_core/ready_o_reg/C (clocked by clk) and u_fcbrt_preprocess/mant_norm_P_reg[20]/D (clocked by clk). Large setup violations at the end of those stages might be difficult to fix during the post-placement implementation flow and could be the result of non-optimal XDC constraints or non-optimal design architecture
Related violations: <none>

TIMING-16#121 Warning
Large setup violation  
There is a large setup violation of -1.220 ns between u_fcbrt_preprocess/start_P_reg/C (clocked by clk) and u_fcbrt_core/S_Square_s_Reg_reg[33]/CE (clocked by clk). Large setup violations at the end of those stages might be difficult to fix during the post-placement implementation flow and could be the result of non-optimal XDC constraints or non-optimal design architecture
Related violations: <none>

TIMING-16#122 Warning
Large setup violation  
There is a large setup violation of -1.230 ns between u_fcbrt_preprocess/start_P_reg/C (clocked by clk) and u_fcbrt_core/S_Square_s_Reg_reg[36]/CE (clocked by clk). Large setup violations at the end of those stages might be difficult to fix during the post-placement implementation flow and could be the result of non-optimal XDC constraints or non-optimal design architecture
Related violations: <none>

TIMING-16#123 Warning
Large setup violation  
There is a large setup violation of -1.230 ns between u_fcbrt_preprocess/start_P_reg/C (clocked by clk) and u_fcbrt_core/S_Square_s_Reg_reg[37]/CE (clocked by clk). Large setup violations at the end of those stages might be difficult to fix during the post-placement implementation flow and could be the result of non-optimal XDC constraints or non-optimal design architecture
Related violations: <none>

TIMING-16#124 Warning
Large setup violation  
There is a large setup violation of -1.237 ns between u_fcbrt_preprocess/start_P_reg/C (clocked by clk) and u_fcbrt_core/S_Square_c_Reg_reg[30]/CE (clocked by clk). Large setup violations at the end of those stages might be difficult to fix during the post-placement implementation flow and could be the result of non-optimal XDC constraints or non-optimal design architecture
Related violations: <none>

TIMING-16#125 Warning
Large setup violation  
There is a large setup violation of -1.241 ns between u_fcbrt_preprocess/start_P_reg/C (clocked by clk) and u_fcbrt_core/S_Square_s_Reg_Prev_reg[107]/CE (clocked by clk). Large setup violations at the end of those stages might be difficult to fix during the post-placement implementation flow and could be the result of non-optimal XDC constraints or non-optimal design architecture
Related violations: <none>

TIMING-16#126 Warning
Large setup violation  
There is a large setup violation of -1.246 ns between u_fcbrt_preprocess/start_P_reg/C (clocked by clk) and u_fcbrt_core/S_Square_c_Reg_Prev_reg[7]/D (clocked by clk). Large setup violations at the end of those stages might be difficult to fix during the post-placement implementation flow and could be the result of non-optimal XDC constraints or non-optimal design architecture
Related violations: <none>

TIMING-16#127 Warning
Large setup violation  
There is a large setup violation of -1.247 ns between u_fcbrt_preprocess/start_P_reg/C (clocked by clk) and u_fcbrt_core/S_Square_s_Reg_Prev_reg[1]/D (clocked by clk). Large setup violations at the end of those stages might be difficult to fix during the post-placement implementation flow and could be the result of non-optimal XDC constraints or non-optimal design architecture
Related violations: <none>

TIMING-16#128 Warning
Large setup violation  
There is a large setup violation of -1.248 ns between u_fcbrt_preprocess/special_case_P_reg/C (clocked by clk) and u_fcbrt_core/S_Square_c_Reg_Prev_reg[60]/D (clocked by clk). Large setup violations at the end of those stages might be difficult to fix during the post-placement implementation flow and could be the result of non-optimal XDC constraints or non-optimal design architecture
Related violations: <none>

TIMING-16#129 Warning
Large setup violation  
There is a large setup violation of -1.248 ns between u_fcbrt_preprocess/start_P_reg/C (clocked by clk) and u_fcbrt_core/S_Square_c_Reg_Prev_reg[1]/D (clocked by clk). Large setup violations at the end of those stages might be difficult to fix during the post-placement implementation flow and could be the result of non-optimal XDC constraints or non-optimal design architecture
Related violations: <none>

TIMING-16#130 Warning
Large setup violation  
There is a large setup violation of -1.248 ns between u_fcbrt_preprocess/start_P_reg/C (clocked by clk) and u_fcbrt_core/S_Square_s_Reg_Prev_reg[7]/D (clocked by clk). Large setup violations at the end of those stages might be difficult to fix during the post-placement implementation flow and could be the result of non-optimal XDC constraints or non-optimal design architecture
Related violations: <none>

TIMING-16#131 Warning
Large setup violation  
There is a large setup violation of -1.249 ns between u_fcbrt_preprocess/start_P_reg/C (clocked by clk) and u_fcbrt_core/S_Square_s_Reg_reg[89]/CE (clocked by clk). Large setup violations at the end of those stages might be difficult to fix during the post-placement implementation flow and could be the result of non-optimal XDC constraints or non-optimal design architecture
Related violations: <none>

TIMING-16#132 Warning
Large setup violation  
There is a large setup violation of -1.249 ns between u_fcbrt_preprocess/start_P_reg/C (clocked by clk) and u_fcbrt_core/S_Square_s_Reg_reg[94]/CE (clocked by clk). Large setup violations at the end of those stages might be difficult to fix during the post-placement implementation flow and could be the result of non-optimal XDC constraints or non-optimal design architecture
Related violations: <none>

TIMING-16#133 Warning
Large setup violation  
There is a large setup violation of -1.255 ns between u_fcbrt_preprocess/start_P_reg/C (clocked by clk) and u_fcbrt_core/S_Square_s_Reg_Prev_reg[82]/CE (clocked by clk). Large setup violations at the end of those stages might be difficult to fix during the post-placement implementation flow and could be the result of non-optimal XDC constraints or non-optimal design architecture
Related violations: <none>

TIMING-16#134 Warning
Large setup violation  
There is a large setup violation of -1.255 ns between u_fcbrt_preprocess/start_P_reg/C (clocked by clk) and u_fcbrt_core/S_Square_s_Reg_Prev_reg[83]/CE (clocked by clk). Large setup violations at the end of those stages might be difficult to fix during the post-placement implementation flow and could be the result of non-optimal XDC constraints or non-optimal design architecture
Related violations: <none>

TIMING-16#135 Warning
Large setup violation  
There is a large setup violation of -1.261 ns between u_fcbrt_preprocess/special_case_P_reg/C (clocked by clk) and u_fcbrt_core/S_Square_c_Reg_Prev_reg[59]/D (clocked by clk). Large setup violations at the end of those stages might be difficult to fix during the post-placement implementation flow and could be the result of non-optimal XDC constraints or non-optimal design architecture
Related violations: <none>

TIMING-16#136 Warning
Large setup violation  
There is a large setup violation of -1.270 ns between u_fcbrt_preprocess/start_P_reg/C (clocked by clk) and u_fcbrt_core/S_Square_c_Reg_Prev_reg[98]/CE (clocked by clk). Large setup violations at the end of those stages might be difficult to fix during the post-placement implementation flow and could be the result of non-optimal XDC constraints or non-optimal design architecture
Related violations: <none>

TIMING-16#137 Warning
Large setup violation  
There is a large setup violation of -1.270 ns between u_fcbrt_preprocess/start_P_reg/C (clocked by clk) and u_fcbrt_core/S_Square_c_Reg_Prev_reg[99]/CE (clocked by clk). Large setup violations at the end of those stages might be difficult to fix during the post-placement implementation flow and could be the result of non-optimal XDC constraints or non-optimal design architecture
Related violations: <none>

TIMING-16#138 Warning
Large setup violation  
There is a large setup violation of -1.276 ns between u_fcbrt_preprocess/start_P_reg/C (clocked by clk) and u_fcbrt_core/S_Square_s_Reg_reg[48]/CE (clocked by clk). Large setup violations at the end of those stages might be difficult to fix during the post-placement implementation flow and could be the result of non-optimal XDC constraints or non-optimal design architecture
Related violations: <none>

TIMING-16#139 Warning
Large setup violation  
There is a large setup violation of -1.278 ns between u_fcbrt_preprocess/start_P_reg/C (clocked by clk) and u_fcbrt_core/Residual_c_Reg_reg[30]/CE (clocked by clk). Large setup violations at the end of those stages might be difficult to fix during the post-placement implementation flow and could be the result of non-optimal XDC constraints or non-optimal design architecture
Related violations: <none>

TIMING-16#140 Warning
Large setup violation  
There is a large setup violation of -1.282 ns between u_fcbrt_preprocess/start_P_reg/C (clocked by clk) and u_fcbrt_core/S_Square_s_Reg_Prev_reg[6]/D (clocked by clk). Large setup violations at the end of those stages might be difficult to fix during the post-placement implementation flow and could be the result of non-optimal XDC constraints or non-optimal design architecture
Related violations: <none>

TIMING-16#141 Warning
Large setup violation  
There is a large setup violation of -1.283 ns between u_fcbrt_preprocess/start_P_reg/C (clocked by clk) and u_fcbrt_core/S_Square_s_Reg_Prev_reg[4]/D (clocked by clk). Large setup violations at the end of those stages might be difficult to fix during the post-placement implementation flow and could be the result of non-optimal XDC constraints or non-optimal design architecture
Related violations: <none>

TIMING-16#142 Warning
Large setup violation  
There is a large setup violation of -1.292 ns between u_fcbrt_preprocess/start_P_reg/C (clocked by clk) and u_fcbrt_core/Residual_c_Reg_reg[36]/CE (clocked by clk). Large setup violations at the end of those stages might be difficult to fix during the post-placement implementation flow and could be the result of non-optimal XDC constraints or non-optimal design architecture
Related violations: <none>

TIMING-16#143 Warning
Large setup violation  
There is a large setup violation of -1.294 ns between u_fcbrt_core/S_Square_c_Reg_Prev_reg[2]/C (clocked by clk) and u_fcbrt_core/s_sel_Reg_reg[2]/D (clocked by clk). Large setup violations at the end of those stages might be difficult to fix during the post-placement implementation flow and could be the result of non-optimal XDC constraints or non-optimal design architecture
Related violations: <none>

TIMING-16#144 Warning
Large setup violation  
There is a large setup violation of -1.296 ns between u_fcbrt_preprocess/start_P_reg/C (clocked by clk) and u_fcbrt_core/S_Square_s_Reg_Prev_reg[5]/D (clocked by clk). Large setup violations at the end of those stages might be difficult to fix during the post-placement implementation flow and could be the result of non-optimal XDC constraints or non-optimal design architecture
Related violations: <none>

TIMING-16#145 Warning
Large setup violation  
There is a large setup violation of -1.298 ns between u_fcbrt_preprocess/start_P_reg/C (clocked by clk) and u_fcbrt_core/S_Square_s_Reg_reg[91]/CE (clocked by clk). Large setup violations at the end of those stages might be difficult to fix during the post-placement implementation flow and could be the result of non-optimal XDC constraints or non-optimal design architecture
Related violations: <none>

TIMING-16#146 Warning
Large setup violation  
There is a large setup violation of -1.300 ns between u_fcbrt_preprocess/start_P_reg/C (clocked by clk) and u_fcbrt_core/S_Square_s_Reg_Prev_reg[3]/D (clocked by clk). Large setup violations at the end of those stages might be difficult to fix during the post-placement implementation flow and could be the result of non-optimal XDC constraints or non-optimal design architecture
Related violations: <none>

TIMING-16#147 Warning
Large setup violation  
There is a large setup violation of -1.303 ns between u_fcbrt_core/ready_o_reg/C (clocked by clk) and u_fcbrt_preprocess/mant_norm_P_reg[22]/D (clocked by clk). Large setup violations at the end of those stages might be difficult to fix during the post-placement implementation flow and could be the result of non-optimal XDC constraints or non-optimal design architecture
Related violations: <none>

TIMING-16#148 Warning
Large setup violation  
There is a large setup violation of -1.303 ns between u_fcbrt_preprocess/start_P_reg/C (clocked by clk) and u_fcbrt_core/S_Square_s_Reg_reg[90]/CE (clocked by clk). Large setup violations at the end of those stages might be difficult to fix during the post-placement implementation flow and could be the result of non-optimal XDC constraints or non-optimal design architecture
Related violations: <none>

TIMING-16#149 Warning
Large setup violation  
There is a large setup violation of -1.309 ns between u_fcbrt_preprocess/start_P_reg/C (clocked by clk) and u_fcbrt_core/Residual_s_Reg_reg[96]/CE (clocked by clk). Large setup violations at the end of those stages might be difficult to fix during the post-placement implementation flow and could be the result of non-optimal XDC constraints or non-optimal design architecture
Related violations: <none>

TIMING-16#150 Warning
Large setup violation  
There is a large setup violation of -1.312 ns between u_fcbrt_preprocess/start_P_reg/C (clocked by clk) and u_fcbrt_core/S_Square_c_Reg_Prev_reg[55]/CE (clocked by clk). Large setup violations at the end of those stages might be difficult to fix during the post-placement implementation flow and could be the result of non-optimal XDC constraints or non-optimal design architecture
Related violations: <none>

TIMING-16#151 Warning
Large setup violation  
There is a large setup violation of -1.312 ns between u_fcbrt_preprocess/start_P_reg/C (clocked by clk) and u_fcbrt_core/S_Square_c_Reg_Prev_reg[56]/CE (clocked by clk). Large setup violations at the end of those stages might be difficult to fix during the post-placement implementation flow and could be the result of non-optimal XDC constraints or non-optimal design architecture
Related violations: <none>

TIMING-16#152 Warning
Large setup violation  
There is a large setup violation of -1.312 ns between u_fcbrt_preprocess/start_P_reg/C (clocked by clk) and u_fcbrt_core/S_Square_c_Reg_Prev_reg[57]/CE (clocked by clk). Large setup violations at the end of those stages might be difficult to fix during the post-placement implementation flow and could be the result of non-optimal XDC constraints or non-optimal design architecture
Related violations: <none>

TIMING-16#153 Warning
Large setup violation  
There is a large setup violation of -1.312 ns between u_fcbrt_preprocess/start_P_reg/C (clocked by clk) and u_fcbrt_core/S_Square_c_Reg_Prev_reg[58]/CE (clocked by clk). Large setup violations at the end of those stages might be difficult to fix during the post-placement implementation flow and could be the result of non-optimal XDC constraints or non-optimal design architecture
Related violations: <none>

TIMING-16#154 Warning
Large setup violation  
There is a large setup violation of -1.312 ns between u_fcbrt_preprocess/start_P_reg/C (clocked by clk) and u_fcbrt_core/S_Square_s_Reg_Prev_reg[51]/CE (clocked by clk). Large setup violations at the end of those stages might be difficult to fix during the post-placement implementation flow and could be the result of non-optimal XDC constraints or non-optimal design architecture
Related violations: <none>

TIMING-16#155 Warning
Large setup violation  
There is a large setup violation of -1.312 ns between u_fcbrt_preprocess/start_P_reg/C (clocked by clk) and u_fcbrt_core/S_Square_s_Reg_Prev_reg[52]/CE (clocked by clk). Large setup violations at the end of those stages might be difficult to fix during the post-placement implementation flow and could be the result of non-optimal XDC constraints or non-optimal design architecture
Related violations: <none>

TIMING-16#156 Warning
Large setup violation  
There is a large setup violation of -1.316 ns between u_fcbrt_preprocess/start_P_reg/C (clocked by clk) and u_fcbrt_core/S_Square_c_Reg_Prev_reg[100]/CE (clocked by clk). Large setup violations at the end of those stages might be difficult to fix during the post-placement implementation flow and could be the result of non-optimal XDC constraints or non-optimal design architecture
Related violations: <none>

TIMING-16#157 Warning
Large setup violation  
There is a large setup violation of -1.316 ns between u_fcbrt_preprocess/start_P_reg/C (clocked by clk) and u_fcbrt_core/S_Square_c_Reg_Prev_reg[101]/CE (clocked by clk). Large setup violations at the end of those stages might be difficult to fix during the post-placement implementation flow and could be the result of non-optimal XDC constraints or non-optimal design architecture
Related violations: <none>

TIMING-16#158 Warning
Large setup violation  
There is a large setup violation of -1.316 ns between u_fcbrt_preprocess/start_P_reg/C (clocked by clk) and u_fcbrt_core/S_Square_c_Reg_Prev_reg[102]/CE (clocked by clk). Large setup violations at the end of those stages might be difficult to fix during the post-placement implementation flow and could be the result of non-optimal XDC constraints or non-optimal design architecture
Related violations: <none>

TIMING-16#159 Warning
Large setup violation  
There is a large setup violation of -1.316 ns between u_fcbrt_preprocess/start_P_reg/C (clocked by clk) and u_fcbrt_core/S_Square_c_Reg_Prev_reg[103]/CE (clocked by clk). Large setup violations at the end of those stages might be difficult to fix during the post-placement implementation flow and could be the result of non-optimal XDC constraints or non-optimal design architecture
Related violations: <none>

TIMING-16#160 Warning
Large setup violation  
There is a large setup violation of -1.323 ns between u_fcbrt_core/ready_o_reg/C (clocked by clk) and u_fcbrt_preprocess/mant_norm_P_reg[19]/D (clocked by clk). Large setup violations at the end of those stages might be difficult to fix during the post-placement implementation flow and could be the result of non-optimal XDC constraints or non-optimal design architecture
Related violations: <none>

TIMING-16#161 Warning
Large setup violation  
There is a large setup violation of -1.323 ns between u_fcbrt_preprocess/start_P_reg/C (clocked by clk) and u_fcbrt_core/S_Square_c_Reg_Prev_reg[4]/D (clocked by clk). Large setup violations at the end of those stages might be difficult to fix during the post-placement implementation flow and could be the result of non-optimal XDC constraints or non-optimal design architecture
Related violations: <none>

TIMING-16#162 Warning
Large setup violation  
There is a large setup violation of -1.323 ns between u_fcbrt_preprocess/start_P_reg/C (clocked by clk) and u_fcbrt_core/S_Square_c_Reg_Prev_reg[88]/CE (clocked by clk). Large setup violations at the end of those stages might be difficult to fix during the post-placement implementation flow and could be the result of non-optimal XDC constraints or non-optimal design architecture
Related violations: <none>

TIMING-16#163 Warning
Large setup violation  
There is a large setup violation of -1.323 ns between u_fcbrt_preprocess/start_P_reg/C (clocked by clk) and u_fcbrt_core/S_Square_c_Reg_Prev_reg[89]/CE (clocked by clk). Large setup violations at the end of those stages might be difficult to fix during the post-placement implementation flow and could be the result of non-optimal XDC constraints or non-optimal design architecture
Related violations: <none>

TIMING-16#164 Warning
Large setup violation  
There is a large setup violation of -1.323 ns between u_fcbrt_preprocess/start_P_reg/C (clocked by clk) and u_fcbrt_core/S_Square_c_Reg_Prev_reg[90]/CE (clocked by clk). Large setup violations at the end of those stages might be difficult to fix during the post-placement implementation flow and could be the result of non-optimal XDC constraints or non-optimal design architecture
Related violations: <none>

TIMING-16#165 Warning
Large setup violation  
There is a large setup violation of -1.323 ns between u_fcbrt_preprocess/start_P_reg/C (clocked by clk) and u_fcbrt_core/S_Square_c_Reg_Prev_reg[91]/CE (clocked by clk). Large setup violations at the end of those stages might be difficult to fix during the post-placement implementation flow and could be the result of non-optimal XDC constraints or non-optimal design architecture
Related violations: <none>

TIMING-16#166 Warning
Large setup violation  
There is a large setup violation of -1.330 ns between u_fcbrt_preprocess/start_P_reg/C (clocked by clk) and u_fcbrt_core/S_Square_c_Reg_Prev_reg[59]/CE (clocked by clk). Large setup violations at the end of those stages might be difficult to fix during the post-placement implementation flow and could be the result of non-optimal XDC constraints or non-optimal design architecture
Related violations: <none>

TIMING-16#167 Warning
Large setup violation  
There is a large setup violation of -1.330 ns between u_fcbrt_preprocess/start_P_reg/C (clocked by clk) and u_fcbrt_core/S_Square_c_Reg_Prev_reg[60]/CE (clocked by clk). Large setup violations at the end of those stages might be difficult to fix during the post-placement implementation flow and could be the result of non-optimal XDC constraints or non-optimal design architecture
Related violations: <none>

TIMING-16#168 Warning
Large setup violation  
There is a large setup violation of -1.345 ns between u_fcbrt_preprocess/start_P_reg/C (clocked by clk) and u_fcbrt_core/S_Square_c_Reg_Prev_reg[106]/CE (clocked by clk). Large setup violations at the end of those stages might be difficult to fix during the post-placement implementation flow and could be the result of non-optimal XDC constraints or non-optimal design architecture
Related violations: <none>

TIMING-16#169 Warning
Large setup violation  
There is a large setup violation of -1.345 ns between u_fcbrt_preprocess/start_P_reg/C (clocked by clk) and u_fcbrt_core/S_Square_s_Reg_Prev_reg[112]/CE (clocked by clk). Large setup violations at the end of those stages might be difficult to fix during the post-placement implementation flow and could be the result of non-optimal XDC constraints or non-optimal design architecture
Related violations: <none>

TIMING-16#170 Warning
Large setup violation  
There is a large setup violation of -1.348 ns between u_fcbrt_preprocess/start_P_reg/C (clocked by clk) and u_fcbrt_core/S_Reg_reg[25]/CE (clocked by clk). Large setup violations at the end of those stages might be difficult to fix during the post-placement implementation flow and could be the result of non-optimal XDC constraints or non-optimal design architecture
Related violations: <none>

TIMING-16#171 Warning
Large setup violation  
There is a large setup violation of -1.355 ns between u_fcbrt_preprocess/start_P_reg/C (clocked by clk) and u_fcbrt_core/S_Square_c_Reg_Prev_reg[3]/D (clocked by clk). Large setup violations at the end of those stages might be difficult to fix during the post-placement implementation flow and could be the result of non-optimal XDC constraints or non-optimal design architecture
Related violations: <none>

TIMING-16#172 Warning
Large setup violation  
There is a large setup violation of -1.369 ns between u_fcbrt_preprocess/start_P_reg/C (clocked by clk) and u_fcbrt_core/Residual_c_Reg_reg[23]/CE (clocked by clk). Large setup violations at the end of those stages might be difficult to fix during the post-placement implementation flow and could be the result of non-optimal XDC constraints or non-optimal design architecture
Related violations: <none>

TIMING-16#173 Warning
Large setup violation  
There is a large setup violation of -1.376 ns between u_fcbrt_core/ready_o_reg/C (clocked by clk) and u_fcbrt_preprocess/mant_norm_P_reg[3]/D (clocked by clk). Large setup violations at the end of those stages might be difficult to fix during the post-placement implementation flow and could be the result of non-optimal XDC constraints or non-optimal design architecture
Related violations: <none>

TIMING-16#174 Warning
Large setup violation  
There is a large setup violation of -1.379 ns between u_fcbrt_preprocess/start_P_reg/C (clocked by clk) and u_fcbrt_core/S_Reg_reg[13]/CE (clocked by clk). Large setup violations at the end of those stages might be difficult to fix during the post-placement implementation flow and could be the result of non-optimal XDC constraints or non-optimal design architecture
Related violations: <none>

TIMING-16#175 Warning
Large setup violation  
There is a large setup violation of -1.383 ns between u_fcbrt_preprocess/start_P_reg/C (clocked by clk) and u_fcbrt_core/S_Square_s_Reg_reg[39]/CE (clocked by clk). Large setup violations at the end of those stages might be difficult to fix during the post-placement implementation flow and could be the result of non-optimal XDC constraints or non-optimal design architecture
Related violations: <none>

TIMING-16#176 Warning
Large setup violation  
There is a large setup violation of -1.386 ns between u_fcbrt_preprocess/special_case_P_reg/C (clocked by clk) and u_fcbrt_core/S_Square_c_Reg_Prev_reg[58]/D (clocked by clk). Large setup violations at the end of those stages might be difficult to fix during the post-placement implementation flow and could be the result of non-optimal XDC constraints or non-optimal design architecture
Related violations: <none>

TIMING-16#177 Warning
Large setup violation  
There is a large setup violation of -1.394 ns between u_fcbrt_core/ready_o_reg/C (clocked by clk) and u_fcbrt_preprocess/mant_norm_P_reg[14]/D (clocked by clk). Large setup violations at the end of those stages might be difficult to fix during the post-placement implementation flow and could be the result of non-optimal XDC constraints or non-optimal design architecture
Related violations: <none>

TIMING-16#178 Warning
Large setup violation  
There is a large setup violation of -1.399 ns between u_fcbrt_preprocess/start_P_reg/C (clocked by clk) and u_fcbrt_core/S_Square_c_Reg_reg[90]/CE (clocked by clk). Large setup violations at the end of those stages might be difficult to fix during the post-placement implementation flow and could be the result of non-optimal XDC constraints or non-optimal design architecture
Related violations: <none>

TIMING-16#179 Warning
Large setup violation  
There is a large setup violation of -1.399 ns between u_fcbrt_preprocess/start_P_reg/C (clocked by clk) and u_fcbrt_core/S_Square_c_Reg_reg[91]/CE (clocked by clk). Large setup violations at the end of those stages might be difficult to fix during the post-placement implementation flow and could be the result of non-optimal XDC constraints or non-optimal design architecture
Related violations: <none>

TIMING-16#180 Warning
Large setup violation  
There is a large setup violation of -1.410 ns between u_fcbrt_preprocess/special_case_P_reg/C (clocked by clk) and u_fcbrt_core/S_Square_c_Reg_Prev_reg[57]/D (clocked by clk). Large setup violations at the end of those stages might be difficult to fix during the post-placement implementation flow and could be the result of non-optimal XDC constraints or non-optimal design architecture
Related violations: <none>

TIMING-16#181 Warning
Large setup violation  
There is a large setup violation of -1.416 ns between u_fcbrt_preprocess/start_P_reg/C (clocked by clk) and u_fcbrt_core/Residual_c_Reg_reg[60]/CE (clocked by clk). Large setup violations at the end of those stages might be difficult to fix during the post-placement implementation flow and could be the result of non-optimal XDC constraints or non-optimal design architecture
Related violations: <none>

TIMING-16#182 Warning
Large setup violation  
There is a large setup violation of -1.416 ns between u_fcbrt_preprocess/start_P_reg/C (clocked by clk) and u_fcbrt_core/Residual_s_Reg_reg[59]/CE (clocked by clk). Large setup violations at the end of those stages might be difficult to fix during the post-placement implementation flow and could be the result of non-optimal XDC constraints or non-optimal design architecture
Related violations: <none>

TIMING-16#183 Warning
Large setup violation  
There is a large setup violation of -1.418 ns between u_fcbrt_preprocess/start_P_reg/C (clocked by clk) and u_fcbrt_core/S_Square_s_Reg_reg[0]/CE (clocked by clk). Large setup violations at the end of those stages might be difficult to fix during the post-placement implementation flow and could be the result of non-optimal XDC constraints or non-optimal design architecture
Related violations: <none>

TIMING-16#184 Warning
Large setup violation  
There is a large setup violation of -1.422 ns between u_fcbrt_preprocess/start_P_reg/C (clocked by clk) and u_fcbrt_core/S_Square_c_Reg_Prev_reg[92]/CE (clocked by clk). Large setup violations at the end of those stages might be difficult to fix during the post-placement implementation flow and could be the result of non-optimal XDC constraints or non-optimal design architecture
Related violations: <none>

TIMING-16#185 Warning
Large setup violation  
There is a large setup violation of -1.422 ns between u_fcbrt_preprocess/start_P_reg/C (clocked by clk) and u_fcbrt_core/S_Square_c_Reg_Prev_reg[93]/CE (clocked by clk). Large setup violations at the end of those stages might be difficult to fix during the post-placement implementation flow and could be the result of non-optimal XDC constraints or non-optimal design architecture
Related violations: <none>

TIMING-16#186 Warning
Large setup violation  
There is a large setup violation of -1.422 ns between u_fcbrt_preprocess/start_P_reg/C (clocked by clk) and u_fcbrt_core/S_Square_c_Reg_Prev_reg[94]/CE (clocked by clk). Large setup violations at the end of those stages might be difficult to fix during the post-placement implementation flow and could be the result of non-optimal XDC constraints or non-optimal design architecture
Related violations: <none>

TIMING-16#187 Warning
Large setup violation  
There is a large setup violation of -1.422 ns between u_fcbrt_preprocess/start_P_reg/C (clocked by clk) and u_fcbrt_core/S_Square_c_Reg_Prev_reg[95]/CE (clocked by clk). Large setup violations at the end of those stages might be difficult to fix during the post-placement implementation flow and could be the result of non-optimal XDC constraints or non-optimal design architecture
Related violations: <none>

TIMING-16#188 Warning
Large setup violation  
There is a large setup violation of -1.431 ns between u_fcbrt_core/ready_o_reg/C (clocked by clk) and u_fcbrt_preprocess/mant_norm_P_reg[17]/D (clocked by clk). Large setup violations at the end of those stages might be difficult to fix during the post-placement implementation flow and could be the result of non-optimal XDC constraints or non-optimal design architecture
Related violations: <none>

TIMING-16#189 Warning
Large setup violation  
There is a large setup violation of -1.432 ns between u_fcbrt_core/ready_o_reg/C (clocked by clk) and u_fcbrt_preprocess/mant_norm_P_reg[18]/D (clocked by clk). Large setup violations at the end of those stages might be difficult to fix during the post-placement implementation flow and could be the result of non-optimal XDC constraints or non-optimal design architecture
Related violations: <none>

TIMING-16#190 Warning
Large setup violation  
There is a large setup violation of -1.433 ns between u_fcbrt_preprocess/start_P_reg/C (clocked by clk) and u_fcbrt_core/S_Square_c_Reg_Prev_reg[1]/CE (clocked by clk). Large setup violations at the end of those stages might be difficult to fix during the post-placement implementation flow and could be the result of non-optimal XDC constraints or non-optimal design architecture
Related violations: <none>

TIMING-16#191 Warning
Large setup violation  
There is a large setup violation of -1.433 ns between u_fcbrt_preprocess/start_P_reg/C (clocked by clk) and u_fcbrt_core/S_Square_c_Reg_Prev_reg[2]/CE (clocked by clk). Large setup violations at the end of those stages might be difficult to fix during the post-placement implementation flow and could be the result of non-optimal XDC constraints or non-optimal design architecture
Related violations: <none>

TIMING-16#192 Warning
Large setup violation  
There is a large setup violation of -1.433 ns between u_fcbrt_preprocess/start_P_reg/C (clocked by clk) and u_fcbrt_core/S_Square_c_Reg_Prev_reg[7]/CE (clocked by clk). Large setup violations at the end of those stages might be difficult to fix during the post-placement implementation flow and could be the result of non-optimal XDC constraints or non-optimal design architecture
Related violations: <none>

TIMING-16#193 Warning
Large setup violation  
There is a large setup violation of -1.433 ns between u_fcbrt_preprocess/start_P_reg/C (clocked by clk) and u_fcbrt_core/S_Square_c_Reg_Prev_reg[8]/CE (clocked by clk). Large setup violations at the end of those stages might be difficult to fix during the post-placement implementation flow and could be the result of non-optimal XDC constraints or non-optimal design architecture
Related violations: <none>

TIMING-16#194 Warning
Large setup violation  
There is a large setup violation of -1.433 ns between u_fcbrt_preprocess/start_P_reg/C (clocked by clk) and u_fcbrt_core/S_Square_s_Reg_Prev_reg[1]/CE (clocked by clk). Large setup violations at the end of those stages might be difficult to fix during the post-placement implementation flow and could be the result of non-optimal XDC constraints or non-optimal design architecture
Related violations: <none>

TIMING-16#195 Warning
Large setup violation  
There is a large setup violation of -1.433 ns between u_fcbrt_preprocess/start_P_reg/C (clocked by clk) and u_fcbrt_core/S_Square_s_Reg_Prev_reg[2]/CE (clocked by clk). Large setup violations at the end of those stages might be difficult to fix during the post-placement implementation flow and could be the result of non-optimal XDC constraints or non-optimal design architecture
Related violations: <none>

TIMING-16#196 Warning
Large setup violation  
There is a large setup violation of -1.433 ns between u_fcbrt_preprocess/start_P_reg/C (clocked by clk) and u_fcbrt_core/S_Square_s_Reg_Prev_reg[7]/CE (clocked by clk). Large setup violations at the end of those stages might be difficult to fix during the post-placement implementation flow and could be the result of non-optimal XDC constraints or non-optimal design architecture
Related violations: <none>

TIMING-16#197 Warning
Large setup violation  
There is a large setup violation of -1.433 ns between u_fcbrt_preprocess/start_P_reg/C (clocked by clk) and u_fcbrt_core/S_Square_s_Reg_Prev_reg[8]/CE (clocked by clk). Large setup violations at the end of those stages might be difficult to fix during the post-placement implementation flow and could be the result of non-optimal XDC constraints or non-optimal design architecture
Related violations: <none>

TIMING-16#198 Warning
Large setup violation  
There is a large setup violation of -1.440 ns between u_fcbrt_preprocess/start_P_reg/C (clocked by clk) and u_fcbrt_core/S_Square_c_Reg_reg[31]/CE (clocked by clk). Large setup violations at the end of those stages might be difficult to fix during the post-placement implementation flow and could be the result of non-optimal XDC constraints or non-optimal design architecture
Related violations: <none>

TIMING-16#199 Warning
Large setup violation  
There is a large setup violation of -1.440 ns between u_fcbrt_preprocess/start_P_reg/C (clocked by clk) and u_fcbrt_core/S_Square_c_Reg_reg[36]/CE (clocked by clk). Large setup violations at the end of those stages might be difficult to fix during the post-placement implementation flow and could be the result of non-optimal XDC constraints or non-optimal design architecture
Related violations: <none>

TIMING-16#200 Warning
Large setup violation  
There is a large setup violation of -1.442 ns between u_fcbrt_preprocess/start_P_reg/C (clocked by clk) and u_fcbrt_core/S_Square_c_Reg_reg[38]/CE (clocked by clk). Large setup violations at the end of those stages might be difficult to fix during the post-placement implementation flow and could be the result of non-optimal XDC constraints or non-optimal design architecture
Related violations: <none>

TIMING-16#201 Warning
Large setup violation  
There is a large setup violation of -1.494 ns between u_fcbrt_preprocess/start_P_reg/C (clocked by clk) and u_fcbrt_core/S_Square_c_Reg_reg[4]/CE (clocked by clk). Large setup violations at the end of those stages might be difficult to fix during the post-placement implementation flow and could be the result of non-optimal XDC constraints or non-optimal design architecture
Related violations: <none>

TIMING-16#202 Warning
Large setup violation  
There is a large setup violation of -1.502 ns between u_fcbrt_preprocess/start_P_reg/C (clocked by clk) and u_fcbrt_core/S_Square_c_Reg_reg[100]/CE (clocked by clk). Large setup violations at the end of those stages might be difficult to fix during the post-placement implementation flow and could be the result of non-optimal XDC constraints or non-optimal design architecture
Related violations: <none>

TIMING-16#203 Warning
Large setup violation  
There is a large setup violation of -1.516 ns between u_fcbrt_preprocess/special_case_P_reg/C (clocked by clk) and u_fcbrt_core/S_Square_c_Reg_Prev_reg[56]/D (clocked by clk). Large setup violations at the end of those stages might be difficult to fix during the post-placement implementation flow and could be the result of non-optimal XDC constraints or non-optimal design architecture
Related violations: <none>

TIMING-16#204 Warning
Large setup violation  
There is a large setup violation of -1.525 ns between u_fcbrt_core/ready_o_reg/C (clocked by clk) and u_fcbrt_preprocess/mant_norm_P_reg[1]/D (clocked by clk). Large setup violations at the end of those stages might be difficult to fix during the post-placement implementation flow and could be the result of non-optimal XDC constraints or non-optimal design architecture
Related violations: <none>

TIMING-16#205 Warning
Large setup violation  
There is a large setup violation of -1.525 ns between u_fcbrt_preprocess/start_P_reg/C (clocked by clk) and u_fcbrt_core/S_Square_s_Reg_reg[2]/CE (clocked by clk). Large setup violations at the end of those stages might be difficult to fix during the post-placement implementation flow and could be the result of non-optimal XDC constraints or non-optimal design architecture
Related violations: <none>

TIMING-16#206 Warning
Large setup violation  
There is a large setup violation of -1.525 ns between u_fcbrt_preprocess/start_P_reg/C (clocked by clk) and u_fcbrt_core/S_Square_s_Reg_reg[3]/CE (clocked by clk). Large setup violations at the end of those stages might be difficult to fix during the post-placement implementation flow and could be the result of non-optimal XDC constraints or non-optimal design architecture
Related violations: <none>

TIMING-16#207 Warning
Large setup violation  
There is a large setup violation of -1.529 ns between u_fcbrt_preprocess/start_P_reg/C (clocked by clk) and u_fcbrt_core/S_Square_s_Reg_reg[17]/CE (clocked by clk). Large setup violations at the end of those stages might be difficult to fix during the post-placement implementation flow and could be the result of non-optimal XDC constraints or non-optimal design architecture
Related violations: <none>

TIMING-16#208 Warning
Large setup violation  
There is a large setup violation of -1.534 ns between u_fcbrt_preprocess/special_case_P_reg/C (clocked by clk) and u_fcbrt_core/S_Square_c_Reg_Prev_reg[55]/D (clocked by clk). Large setup violations at the end of those stages might be difficult to fix during the post-placement implementation flow and could be the result of non-optimal XDC constraints or non-optimal design architecture
Related violations: <none>

TIMING-16#209 Warning
Large setup violation  
There is a large setup violation of -1.542 ns between u_fcbrt_preprocess/start_P_reg/C (clocked by clk) and u_fcbrt_core/S_Square_s_Reg_reg[1]/CE (clocked by clk). Large setup violations at the end of those stages might be difficult to fix during the post-placement implementation flow and could be the result of non-optimal XDC constraints or non-optimal design architecture
Related violations: <none>

TIMING-16#210 Warning
Large setup violation  
There is a large setup violation of -1.545 ns between u_fcbrt_preprocess/start_P_reg/C (clocked by clk) and u_fcbrt_core/S_Square_s_Reg_reg[40]/CE (clocked by clk). Large setup violations at the end of those stages might be difficult to fix during the post-placement implementation flow and could be the result of non-optimal XDC constraints or non-optimal design architecture
Related violations: <none>

TIMING-16#211 Warning
Large setup violation  
There is a large setup violation of -1.555 ns between u_fcbrt_core/ready_o_reg/C (clocked by clk) and u_fcbrt_preprocess/mant_norm_P_reg[13]/D (clocked by clk). Large setup violations at the end of those stages might be difficult to fix during the post-placement implementation flow and could be the result of non-optimal XDC constraints or non-optimal design architecture
Related violations: <none>

TIMING-16#212 Warning
Large setup violation  
There is a large setup violation of -1.558 ns between u_fcbrt_preprocess/start_P_reg/C (clocked by clk) and u_fcbrt_core/S_Square_c_Reg_reg[68]/CE (clocked by clk). Large setup violations at the end of those stages might be difficult to fix during the post-placement implementation flow and could be the result of non-optimal XDC constraints or non-optimal design architecture
Related violations: <none>

TIMING-16#213 Warning
Large setup violation  
There is a large setup violation of -1.559 ns between u_fcbrt_core/ready_o_reg/C (clocked by clk) and u_fcbrt_preprocess/mant_norm_P_reg[0]/D (clocked by clk). Large setup violations at the end of those stages might be difficult to fix during the post-placement implementation flow and could be the result of non-optimal XDC constraints or non-optimal design architecture
Related violations: <none>

TIMING-16#214 Warning
Large setup violation  
There is a large setup violation of -1.562 ns between u_fcbrt_core/ready_o_reg/C (clocked by clk) and u_fcbrt_preprocess/mant_norm_P_reg[16]/D (clocked by clk). Large setup violations at the end of those stages might be difficult to fix during the post-placement implementation flow and could be the result of non-optimal XDC constraints or non-optimal design architecture
Related violations: <none>

TIMING-16#215 Warning
Large setup violation  
There is a large setup violation of -1.575 ns between u_fcbrt_preprocess/start_P_reg/C (clocked by clk) and u_fcbrt_core/exp_bias_nonc_reg_reg[1]/D (clocked by clk). Large setup violations at the end of those stages might be difficult to fix during the post-placement implementation flow and could be the result of non-optimal XDC constraints or non-optimal design architecture
Related violations: <none>

TIMING-16#216 Warning
Large setup violation  
There is a large setup violation of -1.585 ns between u_fcbrt_preprocess/start_P_reg/C (clocked by clk) and u_fcbrt_core/S_Square_s_Reg_reg[98]/CE (clocked by clk). Large setup violations at the end of those stages might be difficult to fix during the post-placement implementation flow and could be the result of non-optimal XDC constraints or non-optimal design architecture
Related violations: <none>

TIMING-16#217 Warning
Large setup violation  
There is a large setup violation of -1.590 ns between u_fcbrt_core/ready_o_reg/C (clocked by clk) and u_fcbrt_preprocess/mant_norm_P_reg[12]/D (clocked by clk). Large setup violations at the end of those stages might be difficult to fix during the post-placement implementation flow and could be the result of non-optimal XDC constraints or non-optimal design architecture
Related violations: <none>

TIMING-16#218 Warning
Large setup violation  
There is a large setup violation of -1.593 ns between u_fcbrt_core/ready_o_reg/C (clocked by clk) and u_fcbrt_preprocess/mant_norm_P_reg[2]/D (clocked by clk). Large setup violations at the end of those stages might be difficult to fix during the post-placement implementation flow and could be the result of non-optimal XDC constraints or non-optimal design architecture
Related violations: <none>

TIMING-16#219 Warning
Large setup violation  
There is a large setup violation of -1.600 ns between u_fcbrt_core/ready_o_reg/C (clocked by clk) and u_fcbrt_preprocess/mant_norm_P_reg[11]/D (clocked by clk). Large setup violations at the end of those stages might be difficult to fix during the post-placement implementation flow and could be the result of non-optimal XDC constraints or non-optimal design architecture
Related violations: <none>

TIMING-16#220 Warning
Large setup violation  
There is a large setup violation of -1.610 ns between u_fcbrt_preprocess/start_P_reg/C (clocked by clk) and u_fcbrt_core/S_Reg_reg[16]/CE (clocked by clk). Large setup violations at the end of those stages might be difficult to fix during the post-placement implementation flow and could be the result of non-optimal XDC constraints or non-optimal design architecture
Related violations: <none>

TIMING-16#221 Warning
Large setup violation  
There is a large setup violation of -1.610 ns between u_fcbrt_preprocess/start_P_reg/C (clocked by clk) and u_fcbrt_core/exp_bias_nonc_reg_reg[2]/D (clocked by clk). Large setup violations at the end of those stages might be difficult to fix during the post-placement implementation flow and could be the result of non-optimal XDC constraints or non-optimal design architecture
Related violations: <none>

TIMING-16#222 Warning
Large setup violation  
There is a large setup violation of -1.614 ns between u_fcbrt_preprocess/special_case_P_reg/C (clocked by clk) and u_fcbrt_core/S_Square_s_Reg_Prev_reg[60]/D (clocked by clk). Large setup violations at the end of those stages might be difficult to fix during the post-placement implementation flow and could be the result of non-optimal XDC constraints or non-optimal design architecture
Related violations: <none>

TIMING-16#223 Warning
Large setup violation  
There is a large setup violation of -1.616 ns between u_fcbrt_preprocess/start_P_reg/C (clocked by clk) and u_fcbrt_core/S_Reg_reg[52]/CE (clocked by clk). Large setup violations at the end of those stages might be difficult to fix during the post-placement implementation flow and could be the result of non-optimal XDC constraints or non-optimal design architecture
Related violations: <none>

TIMING-16#224 Warning
Large setup violation  
There is a large setup violation of -1.618 ns between u_fcbrt_preprocess/special_case_P_reg/C (clocked by clk) and u_fcbrt_core/S_Square_s_Reg_Prev_reg[58]/D (clocked by clk). Large setup violations at the end of those stages might be difficult to fix during the post-placement implementation flow and could be the result of non-optimal XDC constraints or non-optimal design architecture
Related violations: <none>

TIMING-16#225 Warning
Large setup violation  
There is a large setup violation of -1.637 ns between u_fcbrt_preprocess/special_case_P_reg/C (clocked by clk) and u_fcbrt_core/S_Square_c_Reg_Prev_reg[48]/D (clocked by clk). Large setup violations at the end of those stages might be difficult to fix during the post-placement implementation flow and could be the result of non-optimal XDC constraints or non-optimal design architecture
Related violations: <none>

TIMING-16#226 Warning
Large setup violation  
There is a large setup violation of -1.638 ns between u_fcbrt_preprocess/special_case_P_reg/C (clocked by clk) and u_fcbrt_core/S_Square_s_Reg_Prev_reg[59]/D (clocked by clk). Large setup violations at the end of those stages might be difficult to fix during the post-placement implementation flow and could be the result of non-optimal XDC constraints or non-optimal design architecture
Related violations: <none>

TIMING-16#227 Warning
Large setup violation  
There is a large setup violation of -1.638 ns between u_fcbrt_preprocess/start_P_reg/C (clocked by clk) and u_fcbrt_core/S_Square_c_Reg_reg[40]/CE (clocked by clk). Large setup violations at the end of those stages might be difficult to fix during the post-placement implementation flow and could be the result of non-optimal XDC constraints or non-optimal design architecture
Related violations: <none>

TIMING-16#228 Warning
Large setup violation  
There is a large setup violation of -1.638 ns between u_fcbrt_preprocess/start_P_reg/C (clocked by clk) and u_fcbrt_core/S_Square_c_Reg_reg[41]/CE (clocked by clk). Large setup violations at the end of those stages might be difficult to fix during the post-placement implementation flow and could be the result of non-optimal XDC constraints or non-optimal design architecture
Related violations: <none>

TIMING-16#229 Warning
Large setup violation  
There is a large setup violation of -1.640 ns between u_fcbrt_preprocess/special_case_P_reg/C (clocked by clk) and u_fcbrt_core/S_Square_s_Reg_Prev_reg[57]/D (clocked by clk). Large setup violations at the end of those stages might be difficult to fix during the post-placement implementation flow and could be the result of non-optimal XDC constraints or non-optimal design architecture
Related violations: <none>

TIMING-16#230 Warning
Large setup violation  
There is a large setup violation of -1.644 ns between u_fcbrt_preprocess/start_P_reg/C (clocked by clk) and u_fcbrt_core/S_Square_c_Reg_reg[3]/CE (clocked by clk). Large setup violations at the end of those stages might be difficult to fix during the post-placement implementation flow and could be the result of non-optimal XDC constraints or non-optimal design architecture
Related violations: <none>

TIMING-16#231 Warning
Large setup violation  
There is a large setup violation of -1.654 ns between u_fcbrt_preprocess/start_P_reg/C (clocked by clk) and u_fcbrt_core/S_Square_s_Reg_reg[44]/CE (clocked by clk). Large setup violations at the end of those stages might be difficult to fix during the post-placement implementation flow and could be the result of non-optimal XDC constraints or non-optimal design architecture
Related violations: <none>

TIMING-16#232 Warning
Large setup violation  
There is a large setup violation of -1.654 ns between u_fcbrt_preprocess/start_P_reg/C (clocked by clk) and u_fcbrt_core/S_Square_s_Reg_reg[54]/CE (clocked by clk). Large setup violations at the end of those stages might be difficult to fix during the post-placement implementation flow and could be the result of non-optimal XDC constraints or non-optimal design architecture
Related violations: <none>

TIMING-16#233 Warning
Large setup violation  
There is a large setup violation of -1.661 ns between u_fcbrt_preprocess/special_case_P_reg/C (clocked by clk) and u_fcbrt_core/S_Square_c_Reg_Prev_reg[47]/D (clocked by clk). Large setup violations at the end of those stages might be difficult to fix during the post-placement implementation flow and could be the result of non-optimal XDC constraints or non-optimal design architecture
Related violations: <none>

TIMING-16#234 Warning
Large setup violation  
There is a large setup violation of -1.661 ns between u_fcbrt_preprocess/start_P_reg/C (clocked by clk) and u_fcbrt_core/S_Square_c_Reg_reg[1]/CE (clocked by clk). Large setup violations at the end of those stages might be difficult to fix during the post-placement implementation flow and could be the result of non-optimal XDC constraints or non-optimal design architecture
Related violations: <none>

TIMING-16#235 Warning
Large setup violation  
There is a large setup violation of -1.661 ns between u_fcbrt_preprocess/start_P_reg/C (clocked by clk) and u_fcbrt_core/S_Square_c_Reg_reg[2]/CE (clocked by clk). Large setup violations at the end of those stages might be difficult to fix during the post-placement implementation flow and could be the result of non-optimal XDC constraints or non-optimal design architecture
Related violations: <none>

TIMING-16#236 Warning
Large setup violation  
There is a large setup violation of -1.669 ns between u_fcbrt_core/ready_o_reg/C (clocked by clk) and u_fcbrt_preprocess/mant_norm_P_reg[10]/D (clocked by clk). Large setup violations at the end of those stages might be difficult to fix during the post-placement implementation flow and could be the result of non-optimal XDC constraints or non-optimal design architecture
Related violations: <none>

TIMING-16#237 Warning
Large setup violation  
There is a large setup violation of -1.669 ns between u_fcbrt_preprocess/start_P_reg/C (clocked by clk) and u_fcbrt_core/S_Square_c_Reg_reg[52]/CE (clocked by clk). Large setup violations at the end of those stages might be difficult to fix during the post-placement implementation flow and could be the result of non-optimal XDC constraints or non-optimal design architecture
Related violations: <none>

TIMING-16#238 Warning
Large setup violation  
There is a large setup violation of -1.679 ns between u_fcbrt_preprocess/special_case_P_reg/C (clocked by clk) and u_fcbrt_core/S_Square_c_Reg_Prev_reg[50]/D (clocked by clk). Large setup violations at the end of those stages might be difficult to fix during the post-placement implementation flow and could be the result of non-optimal XDC constraints or non-optimal design architecture
Related violations: <none>

TIMING-16#239 Warning
Large setup violation  
There is a large setup violation of -1.688 ns between u_fcbrt_preprocess/start_P_reg/C (clocked by clk) and u_fcbrt_core/S_Square_c_Reg_reg[70]/CE (clocked by clk). Large setup violations at the end of those stages might be difficult to fix during the post-placement implementation flow and could be the result of non-optimal XDC constraints or non-optimal design architecture
Related violations: <none>

TIMING-16#240 Warning
Large setup violation  
There is a large setup violation of -1.688 ns between u_fcbrt_preprocess/start_P_reg/C (clocked by clk) and u_fcbrt_core/S_Square_c_Reg_reg[71]/CE (clocked by clk). Large setup violations at the end of those stages might be difficult to fix during the post-placement implementation flow and could be the result of non-optimal XDC constraints or non-optimal design architecture
Related violations: <none>

TIMING-16#241 Warning
Large setup violation  
There is a large setup violation of -1.689 ns between u_fcbrt_preprocess/special_case_P_reg/C (clocked by clk) and u_fcbrt_core/S_Square_s_Reg_Prev_reg[54]/D (clocked by clk). Large setup violations at the end of those stages might be difficult to fix during the post-placement implementation flow and could be the result of non-optimal XDC constraints or non-optimal design architecture
Related violations: <none>

TIMING-16#242 Warning
Large setup violation  
There is a large setup violation of -1.694 ns between u_fcbrt_preprocess/special_case_P_reg/C (clocked by clk) and u_fcbrt_core/S_Square_s_Reg_Prev_reg[56]/D (clocked by clk). Large setup violations at the end of those stages might be difficult to fix during the post-placement implementation flow and could be the result of non-optimal XDC constraints or non-optimal design architecture
Related violations: <none>

TIMING-16#243 Warning
Large setup violation  
There is a large setup violation of -1.699 ns between u_fcbrt_preprocess/special_case_P_reg/C (clocked by clk) and u_fcbrt_core/S_Square_c_Reg_Prev_reg[49]/D (clocked by clk). Large setup violations at the end of those stages might be difficult to fix during the post-placement implementation flow and could be the result of non-optimal XDC constraints or non-optimal design architecture
Related violations: <none>

TIMING-16#244 Warning
Large setup violation  
There is a large setup violation of -1.699 ns between u_fcbrt_preprocess/special_case_P_reg/C (clocked by clk) and u_fcbrt_core/S_Square_s_Reg_Prev_reg[52]/D (clocked by clk). Large setup violations at the end of those stages might be difficult to fix during the post-placement implementation flow and could be the result of non-optimal XDC constraints or non-optimal design architecture
Related violations: <none>

TIMING-16#245 Warning
Large setup violation  
There is a large setup violation of -1.701 ns between u_fcbrt_core/ready_o_reg/C (clocked by clk) and u_fcbrt_preprocess/mant_norm_P_reg[15]/D (clocked by clk). Large setup violations at the end of those stages might be difficult to fix during the post-placement implementation flow and could be the result of non-optimal XDC constraints or non-optimal design architecture
Related violations: <none>

TIMING-16#246 Warning
Large setup violation  
There is a large setup violation of -1.702 ns between u_fcbrt_preprocess/special_case_P_reg/C (clocked by clk) and u_fcbrt_core/S_Square_c_Reg_Prev_reg[64]/D (clocked by clk). Large setup violations at the end of those stages might be difficult to fix during the post-placement implementation flow and could be the result of non-optimal XDC constraints or non-optimal design architecture
Related violations: <none>

TIMING-16#247 Warning
Large setup violation  
There is a large setup violation of -1.702 ns between u_fcbrt_preprocess/special_case_P_reg/C (clocked by clk) and u_fcbrt_core/S_Square_s_Reg_Prev_reg[46]/D (clocked by clk). Large setup violations at the end of those stages might be difficult to fix during the post-placement implementation flow and could be the result of non-optimal XDC constraints or non-optimal design architecture
Related violations: <none>

TIMING-16#248 Warning
Large setup violation  
There is a large setup violation of -1.704 ns between u_fcbrt_preprocess/special_case_P_reg/C (clocked by clk) and u_fcbrt_core/S_Square_c_Reg_Prev_reg[62]/D (clocked by clk). Large setup violations at the end of those stages might be difficult to fix during the post-placement implementation flow and could be the result of non-optimal XDC constraints or non-optimal design architecture
Related violations: <none>

TIMING-16#249 Warning
Large setup violation  
There is a large setup violation of -1.709 ns between u_fcbrt_preprocess/special_case_P_reg/C (clocked by clk) and u_fcbrt_core/S_Square_s_Reg_Prev_reg[53]/D (clocked by clk). Large setup violations at the end of those stages might be difficult to fix during the post-placement implementation flow and could be the result of non-optimal XDC constraints or non-optimal design architecture
Related violations: <none>

TIMING-16#250 Warning
Large setup violation  
There is a large setup violation of -1.709 ns between u_fcbrt_preprocess/special_case_P_reg/C (clocked by clk) and u_fcbrt_core/S_Square_s_Reg_Prev_reg[62]/D (clocked by clk). Large setup violations at the end of those stages might be difficult to fix during the post-placement implementation flow and could be the result of non-optimal XDC constraints or non-optimal design architecture
Related violations: <none>

TIMING-16#251 Warning
Large setup violation  
There is a large setup violation of -1.711 ns between u_fcbrt_preprocess/start_P_reg/C (clocked by clk) and u_fcbrt_core/S_Square_c_Reg_reg[101]/CE (clocked by clk). Large setup violations at the end of those stages might be difficult to fix during the post-placement implementation flow and could be the result of non-optimal XDC constraints or non-optimal design architecture
Related violations: <none>

TIMING-16#252 Warning
Large setup violation  
There is a large setup violation of -1.711 ns between u_fcbrt_preprocess/start_P_reg/C (clocked by clk) and u_fcbrt_core/S_Square_c_Reg_reg[102]/CE (clocked by clk). Large setup violations at the end of those stages might be difficult to fix during the post-placement implementation flow and could be the result of non-optimal XDC constraints or non-optimal design architecture
Related violations: <none>

TIMING-16#253 Warning
Large setup violation  
There is a large setup violation of -1.711 ns between u_fcbrt_preprocess/start_P_reg/C (clocked by clk) and u_fcbrt_core/S_Square_c_Reg_reg[103]/CE (clocked by clk). Large setup violations at the end of those stages might be difficult to fix during the post-placement implementation flow and could be the result of non-optimal XDC constraints or non-optimal design architecture
Related violations: <none>

TIMING-16#254 Warning
Large setup violation  
There is a large setup violation of -1.712 ns between u_fcbrt_preprocess/special_case_P_reg/C (clocked by clk) and u_fcbrt_core/S_Square_s_Reg_Prev_reg[55]/D (clocked by clk). Large setup violations at the end of those stages might be difficult to fix during the post-placement implementation flow and could be the result of non-optimal XDC constraints or non-optimal design architecture
Related violations: <none>

TIMING-16#255 Warning
Large setup violation  
There is a large setup violation of -1.722 ns between u_fcbrt_preprocess/special_case_P_reg/C (clocked by clk) and u_fcbrt_core/S_Square_c_Reg_Prev_reg[63]/D (clocked by clk). Large setup violations at the end of those stages might be difficult to fix during the post-placement implementation flow and could be the result of non-optimal XDC constraints or non-optimal design architecture
Related violations: <none>

TIMING-16#256 Warning
Large setup violation  
There is a large setup violation of -1.724 ns between u_fcbrt_preprocess/special_case_P_reg/C (clocked by clk) and u_fcbrt_core/S_Square_c_Reg_Prev_reg[61]/D (clocked by clk). Large setup violations at the end of those stages might be difficult to fix during the post-placement implementation flow and could be the result of non-optimal XDC constraints or non-optimal design architecture
Related violations: <none>

TIMING-16#257 Warning
Large setup violation  
There is a large setup violation of -1.725 ns between u_fcbrt_preprocess/special_case_P_reg/C (clocked by clk) and u_fcbrt_core/S_Square_s_Reg_Prev_reg[51]/D (clocked by clk). Large setup violations at the end of those stages might be difficult to fix during the post-placement implementation flow and could be the result of non-optimal XDC constraints or non-optimal design architecture
Related violations: <none>

TIMING-16#258 Warning
Large setup violation  
There is a large setup violation of -1.727 ns between u_fcbrt_preprocess/special_case_P_reg/C (clocked by clk) and u_fcbrt_core/S_Square_s_Reg_Prev_reg[61]/D (clocked by clk). Large setup violations at the end of those stages might be difficult to fix during the post-placement implementation flow and could be the result of non-optimal XDC constraints or non-optimal design architecture
Related violations: <none>

TIMING-16#259 Warning
Large setup violation  
There is a large setup violation of -1.730 ns between u_fcbrt_preprocess/start_P_reg/C (clocked by clk) and u_fcbrt_core/S_Square_s_Reg_reg[47]/CE (clocked by clk). Large setup violations at the end of those stages might be difficult to fix during the post-placement implementation flow and could be the result of non-optimal XDC constraints or non-optimal design architecture
Related violations: <none>

TIMING-16#260 Warning
Large setup violation  
There is a large setup violation of -1.740 ns between u_fcbrt_preprocess/start_P_reg/C (clocked by clk) and u_fcbrt_core/SM_Reg_reg[30]/CE (clocked by clk). Large setup violations at the end of those stages might be difficult to fix during the post-placement implementation flow and could be the result of non-optimal XDC constraints or non-optimal design architecture
Related violations: <none>

TIMING-16#261 Warning
Large setup violation  
There is a large setup violation of -1.740 ns between u_fcbrt_preprocess/start_P_reg/C (clocked by clk) and u_fcbrt_core/S_Reg_reg[29]/CE (clocked by clk). Large setup violations at the end of those stages might be difficult to fix during the post-placement implementation flow and could be the result of non-optimal XDC constraints or non-optimal design architecture
Related violations: <none>

TIMING-16#262 Warning
Large setup violation  
There is a large setup violation of -1.747 ns between u_fcbrt_preprocess/special_case_P_reg/C (clocked by clk) and u_fcbrt_core/S_Square_c_Reg_Prev_reg[68]/D (clocked by clk). Large setup violations at the end of those stages might be difficult to fix during the post-placement implementation flow and could be the result of non-optimal XDC constraints or non-optimal design architecture
Related violations: <none>

TIMING-16#263 Warning
Large setup violation  
There is a large setup violation of -1.747 ns between u_fcbrt_preprocess/start_P_reg/C (clocked by clk) and u_fcbrt_core/S_Square_c_Reg_reg[49]/CE (clocked by clk). Large setup violations at the end of those stages might be difficult to fix during the post-placement implementation flow and could be the result of non-optimal XDC constraints or non-optimal design architecture
Related violations: <none>

TIMING-16#264 Warning
Large setup violation  
There is a large setup violation of -1.747 ns between u_fcbrt_preprocess/start_P_reg/C (clocked by clk) and u_fcbrt_core/S_Square_c_Reg_reg[50]/CE (clocked by clk). Large setup violations at the end of those stages might be difficult to fix during the post-placement implementation flow and could be the result of non-optimal XDC constraints or non-optimal design architecture
Related violations: <none>

TIMING-16#265 Warning
Large setup violation  
There is a large setup violation of -1.751 ns between u_fcbrt_preprocess/special_case_P_reg/C (clocked by clk) and u_fcbrt_core/S_Square_c_Reg_Prev_reg[41]/D (clocked by clk). Large setup violations at the end of those stages might be difficult to fix during the post-placement implementation flow and could be the result of non-optimal XDC constraints or non-optimal design architecture
Related violations: <none>

TIMING-16#266 Warning
Large setup violation  
There is a large setup violation of -1.759 ns between u_fcbrt_preprocess/special_case_P_reg/C (clocked by clk) and u_fcbrt_core/S_Square_c_Reg_Prev_reg[54]/D (clocked by clk). Large setup violations at the end of those stages might be difficult to fix during the post-placement implementation flow and could be the result of non-optimal XDC constraints or non-optimal design architecture
Related violations: <none>

TIMING-16#267 Warning
Large setup violation  
There is a large setup violation of -1.762 ns between u_fcbrt_preprocess/start_P_reg/C (clocked by clk) and u_fcbrt_core/S_Square_c_Reg_reg[44]/CE (clocked by clk). Large setup violations at the end of those stages might be difficult to fix during the post-placement implementation flow and could be the result of non-optimal XDC constraints or non-optimal design architecture
Related violations: <none>

TIMING-16#268 Warning
Large setup violation  
There is a large setup violation of -1.762 ns between u_fcbrt_preprocess/start_P_reg/C (clocked by clk) and u_fcbrt_core/S_Square_c_Reg_reg[51]/CE (clocked by clk). Large setup violations at the end of those stages might be difficult to fix during the post-placement implementation flow and could be the result of non-optimal XDC constraints or non-optimal design architecture
Related violations: <none>

TIMING-16#269 Warning
Large setup violation  
There is a large setup violation of -1.763 ns between u_fcbrt_preprocess/special_case_P_reg/C (clocked by clk) and u_fcbrt_core/S_Square_s_Reg_Prev_reg[40]/D (clocked by clk). Large setup violations at the end of those stages might be difficult to fix during the post-placement implementation flow and could be the result of non-optimal XDC constraints or non-optimal design architecture
Related violations: <none>

TIMING-16#270 Warning
Large setup violation  
There is a large setup violation of -1.771 ns between u_fcbrt_preprocess/special_case_P_reg/C (clocked by clk) and u_fcbrt_core/S_Square_c_Reg_Prev_reg[67]/D (clocked by clk). Large setup violations at the end of those stages might be difficult to fix during the post-placement implementation flow and could be the result of non-optimal XDC constraints or non-optimal design architecture
Related violations: <none>

TIMING-16#271 Warning
Large setup violation  
There is a large setup violation of -1.777 ns between u_fcbrt_preprocess/special_case_P_reg/C (clocked by clk) and u_fcbrt_core/S_Square_c_Reg_Prev_reg[40]/D (clocked by clk). Large setup violations at the end of those stages might be difficult to fix during the post-placement implementation flow and could be the result of non-optimal XDC constraints or non-optimal design architecture
Related violations: <none>

TIMING-16#272 Warning
Large setup violation  
There is a large setup violation of -1.777 ns between u_fcbrt_preprocess/special_case_P_reg/C (clocked by clk) and u_fcbrt_core/S_Square_c_Reg_Prev_reg[53]/D (clocked by clk). Large setup violations at the end of those stages might be difficult to fix during the post-placement implementation flow and could be the result of non-optimal XDC constraints or non-optimal design architecture
Related violations: <none>

TIMING-16#273 Warning
Large setup violation  
There is a large setup violation of -1.787 ns between u_fcbrt_preprocess/special_case_P_reg/C (clocked by clk) and u_fcbrt_core/S_Square_s_Reg_Prev_reg[39]/D (clocked by clk). Large setup violations at the end of those stages might be difficult to fix during the post-placement implementation flow and could be the result of non-optimal XDC constraints or non-optimal design architecture
Related violations: <none>

TIMING-16#274 Warning
Large setup violation  
There is a large setup violation of -1.791 ns between u_fcbrt_preprocess/start_P_reg/C (clocked by clk) and u_fcbrt_core/Residual_s_Reg_reg[30]/CE (clocked by clk). Large setup violations at the end of those stages might be difficult to fix during the post-placement implementation flow and could be the result of non-optimal XDC constraints or non-optimal design architecture
Related violations: <none>

TIMING-16#275 Warning
Large setup violation  
There is a large setup violation of -1.791 ns between u_fcbrt_preprocess/start_P_reg/C (clocked by clk) and u_fcbrt_core/Residual_s_Reg_reg[9]/CE (clocked by clk). Large setup violations at the end of those stages might be difficult to fix during the post-placement implementation flow and could be the result of non-optimal XDC constraints or non-optimal design architecture
Related violations: <none>

TIMING-16#276 Warning
Large setup violation  
There is a large setup violation of -1.813 ns between u_fcbrt_preprocess/special_case_P_reg/C (clocked by clk) and u_fcbrt_core/S_Square_s_Reg_Prev_reg[67]/D (clocked by clk). Large setup violations at the end of those stages might be difficult to fix during the post-placement implementation flow and could be the result of non-optimal XDC constraints or non-optimal design architecture
Related violations: <none>

TIMING-16#277 Warning
Large setup violation  
There is a large setup violation of -1.818 ns between u_fcbrt_preprocess/start_P_reg/C (clocked by clk) and u_fcbrt_core/exp_bias_nonc_reg_reg[3]/D (clocked by clk). Large setup violations at the end of those stages might be difficult to fix during the post-placement implementation flow and could be the result of non-optimal XDC constraints or non-optimal design architecture
Related violations: <none>

TIMING-16#278 Warning
Large setup violation  
There is a large setup violation of -1.829 ns between u_fcbrt_preprocess/start_P_reg/C (clocked by clk) and u_fcbrt_core/SM_Reg_reg[28]/CE (clocked by clk). Large setup violations at the end of those stages might be difficult to fix during the post-placement implementation flow and could be the result of non-optimal XDC constraints or non-optimal design architecture
Related violations: <none>

TIMING-16#279 Warning
Large setup violation  
There is a large setup violation of -1.829 ns between u_fcbrt_preprocess/start_P_reg/C (clocked by clk) and u_fcbrt_core/S_Square_c_Reg_reg[15]/CE (clocked by clk). Large setup violations at the end of those stages might be difficult to fix during the post-placement implementation flow and could be the result of non-optimal XDC constraints or non-optimal design architecture
Related violations: <none>

TIMING-16#280 Warning
Large setup violation  
There is a large setup violation of -1.833 ns between u_fcbrt_preprocess/special_case_P_reg/C (clocked by clk) and u_fcbrt_core/S_Square_c_Reg_Prev_reg[46]/D (clocked by clk). Large setup violations at the end of those stages might be difficult to fix during the post-placement implementation flow and could be the result of non-optimal XDC constraints or non-optimal design architecture
Related violations: <none>

TIMING-16#281 Warning
Large setup violation  
There is a large setup violation of -1.855 ns between u_fcbrt_preprocess/start_P_reg/C (clocked by clk) and u_fcbrt_core/S_Square_s_Reg_reg[43]/CE (clocked by clk). Large setup violations at the end of those stages might be difficult to fix during the post-placement implementation flow and could be the result of non-optimal XDC constraints or non-optimal design architecture
Related violations: <none>

TIMING-16#282 Warning
Large setup violation  
There is a large setup violation of -1.855 ns between u_fcbrt_preprocess/start_P_reg/C (clocked by clk) and u_fcbrt_core/S_Square_s_Reg_reg[49]/CE (clocked by clk). Large setup violations at the end of those stages might be difficult to fix during the post-placement implementation flow and could be the result of non-optimal XDC constraints or non-optimal design architecture
Related violations: <none>

TIMING-16#283 Warning
Large setup violation  
There is a large setup violation of -1.858 ns between u_fcbrt_preprocess/start_P_reg/C (clocked by clk) and u_fcbrt_core/S_Square_c_Reg_reg[43]/CE (clocked by clk). Large setup violations at the end of those stages might be difficult to fix during the post-placement implementation flow and could be the result of non-optimal XDC constraints or non-optimal design architecture
Related violations: <none>

TIMING-16#284 Warning
Large setup violation  
There is a large setup violation of -1.858 ns between u_fcbrt_preprocess/start_P_reg/C (clocked by clk) and u_fcbrt_core/S_Square_c_Reg_reg[72]/CE (clocked by clk). Large setup violations at the end of those stages might be difficult to fix during the post-placement implementation flow and could be the result of non-optimal XDC constraints or non-optimal design architecture
Related violations: <none>

TIMING-16#285 Warning
Large setup violation  
There is a large setup violation of -1.858 ns between u_fcbrt_preprocess/start_P_reg/C (clocked by clk) and u_fcbrt_core/S_Square_c_Reg_reg[73]/CE (clocked by clk). Large setup violations at the end of those stages might be difficult to fix during the post-placement implementation flow and could be the result of non-optimal XDC constraints or non-optimal design architecture
Related violations: <none>

TIMING-16#286 Warning
Large setup violation  
There is a large setup violation of -1.861 ns between u_fcbrt_preprocess/special_case_P_reg/C (clocked by clk) and u_fcbrt_core/S_Square_c_Reg_Prev_reg[52]/D (clocked by clk). Large setup violations at the end of those stages might be difficult to fix during the post-placement implementation flow and could be the result of non-optimal XDC constraints or non-optimal design architecture
Related violations: <none>

TIMING-16#287 Warning
Large setup violation  
There is a large setup violation of -1.877 ns between u_fcbrt_preprocess/special_case_P_reg/C (clocked by clk) and u_fcbrt_core/S_Square_c_Reg_Prev_reg[66]/D (clocked by clk). Large setup violations at the end of those stages might be difficult to fix during the post-placement implementation flow and could be the result of non-optimal XDC constraints or non-optimal design architecture
Related violations: <none>

TIMING-16#288 Warning
Large setup violation  
There is a large setup violation of -1.882 ns between u_fcbrt_preprocess/start_P_reg/C (clocked by clk) and u_fcbrt_core/S_Reg_reg[20]/CE (clocked by clk). Large setup violations at the end of those stages might be difficult to fix during the post-placement implementation flow and could be the result of non-optimal XDC constraints or non-optimal design architecture
Related violations: <none>

TIMING-16#289 Warning
Large setup violation  
There is a large setup violation of -1.885 ns between u_fcbrt_preprocess/special_case_P_reg/C (clocked by clk) and u_fcbrt_core/S_Square_c_Reg_Prev_reg[51]/D (clocked by clk). Large setup violations at the end of those stages might be difficult to fix during the post-placement implementation flow and could be the result of non-optimal XDC constraints or non-optimal design architecture
Related violations: <none>

TIMING-16#290 Warning
Large setup violation  
There is a large setup violation of -1.886 ns between u_fcbrt_preprocess/start_P_reg/C (clocked by clk) and u_fcbrt_core/S_Square_s_Reg_reg[51]/CE (clocked by clk). Large setup violations at the end of those stages might be difficult to fix during the post-placement implementation flow and could be the result of non-optimal XDC constraints or non-optimal design architecture
Related violations: <none>

TIMING-16#291 Warning
Large setup violation  
There is a large setup violation of -1.890 ns between u_fcbrt_preprocess/start_P_reg/C (clocked by clk) and u_fcbrt_core/Residual_s_Reg_reg[68]/CE (clocked by clk). Large setup violations at the end of those stages might be difficult to fix during the post-placement implementation flow and could be the result of non-optimal XDC constraints or non-optimal design architecture
Related violations: <none>

TIMING-16#292 Warning
Large setup violation  
There is a large setup violation of -1.895 ns between u_fcbrt_preprocess/special_case_P_reg/C (clocked by clk) and u_fcbrt_core/S_Square_c_Reg_Prev_reg[65]/D (clocked by clk). Large setup violations at the end of those stages might be difficult to fix during the post-placement implementation flow and could be the result of non-optimal XDC constraints or non-optimal design architecture
Related violations: <none>

TIMING-16#293 Warning
Large setup violation  
There is a large setup violation of -1.913 ns between u_fcbrt_preprocess/start_P_reg/C (clocked by clk) and u_fcbrt_core/Residual_c_Reg_reg[39]/CE (clocked by clk). Large setup violations at the end of those stages might be difficult to fix during the post-placement implementation flow and could be the result of non-optimal XDC constraints or non-optimal design architecture
Related violations: <none>

TIMING-16#294 Warning
Large setup violation  
There is a large setup violation of -1.914 ns between u_fcbrt_preprocess/start_P_reg/C (clocked by clk) and u_fcbrt_core/SM_Reg_reg[17]/CE (clocked by clk). Large setup violations at the end of those stages might be difficult to fix during the post-placement implementation flow and could be the result of non-optimal XDC constraints or non-optimal design architecture
Related violations: <none>

TIMING-16#295 Warning
Large setup violation  
There is a large setup violation of -1.914 ns between u_fcbrt_preprocess/start_P_reg/C (clocked by clk) and u_fcbrt_core/S_Reg_reg[17]/CE (clocked by clk). Large setup violations at the end of those stages might be difficult to fix during the post-placement implementation flow and could be the result of non-optimal XDC constraints or non-optimal design architecture
Related violations: <none>

TIMING-16#296 Warning
Large setup violation  
There is a large setup violation of -1.934 ns between u_fcbrt_preprocess/special_case_P_reg/C (clocked by clk) and u_fcbrt_core/S_Square_c_Reg_Prev_reg[43]/D (clocked by clk). Large setup violations at the end of those stages might be difficult to fix during the post-placement implementation flow and could be the result of non-optimal XDC constraints or non-optimal design architecture
Related violations: <none>

TIMING-16#297 Warning
Large setup violation  
There is a large setup violation of -1.948 ns between u_fcbrt_preprocess/special_case_P_reg/C (clocked by clk) and u_fcbrt_core/S_Square_s_Reg_Prev_reg[38]/D (clocked by clk). Large setup violations at the end of those stages might be difficult to fix during the post-placement implementation flow and could be the result of non-optimal XDC constraints or non-optimal design architecture
Related violations: <none>

TIMING-16#298 Warning
Large setup violation  
There is a large setup violation of -1.950 ns between u_fcbrt_preprocess/special_case_P_reg/C (clocked by clk) and u_fcbrt_core/S_Square_s_Reg_Prev_reg[48]/D (clocked by clk). Large setup violations at the end of those stages might be difficult to fix during the post-placement implementation flow and could be the result of non-optimal XDC constraints or non-optimal design architecture
Related violations: <none>

TIMING-16#299 Warning
Large setup violation  
There is a large setup violation of -1.952 ns between u_fcbrt_preprocess/special_case_P_reg/C (clocked by clk) and u_fcbrt_core/S_Square_c_Reg_Prev_reg[42]/D (clocked by clk). Large setup violations at the end of those stages might be difficult to fix during the post-placement implementation flow and could be the result of non-optimal XDC constraints or non-optimal design architecture
Related violations: <none>

TIMING-16#300 Warning
Large setup violation  
There is a large setup violation of -1.953 ns between u_fcbrt_preprocess/special_case_P_reg/C (clocked by clk) and u_fcbrt_core/S_Square_s_Reg_Prev_reg[64]/D (clocked by clk). Large setup violations at the end of those stages might be difficult to fix during the post-placement implementation flow and could be the result of non-optimal XDC constraints or non-optimal design architecture
Related violations: <none>

TIMING-16#301 Warning
Large setup violation  
There is a large setup violation of -1.954 ns between u_fcbrt_preprocess/start_P_reg/C (clocked by clk) and u_fcbrt_core/S_Square_c_Reg_reg[63]/CE (clocked by clk). Large setup violations at the end of those stages might be difficult to fix during the post-placement implementation flow and could be the result of non-optimal XDC constraints or non-optimal design architecture
Related violations: <none>

TIMING-16#302 Warning
Large setup violation  
There is a large setup violation of -1.954 ns between u_fcbrt_preprocess/start_P_reg/C (clocked by clk) and u_fcbrt_core/S_Square_c_Reg_reg[66]/CE (clocked by clk). Large setup violations at the end of those stages might be difficult to fix during the post-placement implementation flow and could be the result of non-optimal XDC constraints or non-optimal design architecture
Related violations: <none>

TIMING-16#303 Warning
Large setup violation  
There is a large setup violation of -1.963 ns between u_fcbrt_preprocess/special_case_P_reg/C (clocked by clk) and u_fcbrt_core/S_Square_s_Reg_Prev_reg[37]/D (clocked by clk). Large setup violations at the end of those stages might be difficult to fix during the post-placement implementation flow and could be the result of non-optimal XDC constraints or non-optimal design architecture
Related violations: <none>

TIMING-16#304 Warning
Large setup violation  
There is a large setup violation of -1.967 ns between u_fcbrt_preprocess/start_P_reg/C (clocked by clk) and u_fcbrt_core/S_Square_s_Reg_reg[41]/CE (clocked by clk). Large setup violations at the end of those stages might be difficult to fix during the post-placement implementation flow and could be the result of non-optimal XDC constraints or non-optimal design architecture
Related violations: <none>

TIMING-16#305 Warning
Large setup violation  
There is a large setup violation of -1.967 ns between u_fcbrt_preprocess/start_P_reg/C (clocked by clk) and u_fcbrt_core/S_Square_s_Reg_reg[70]/CE (clocked by clk). Large setup violations at the end of those stages might be difficult to fix during the post-placement implementation flow and could be the result of non-optimal XDC constraints or non-optimal design architecture
Related violations: <none>

TIMING-16#306 Warning
Large setup violation  
There is a large setup violation of -1.970 ns between u_fcbrt_preprocess/start_P_reg/C (clocked by clk) and u_fcbrt_core/SM_Reg_reg[24]/CE (clocked by clk). Large setup violations at the end of those stages might be difficult to fix during the post-placement implementation flow and could be the result of non-optimal XDC constraints or non-optimal design architecture
Related violations: <none>

TIMING-16#307 Warning
Large setup violation  
There is a large setup violation of -1.976 ns between u_fcbrt_preprocess/special_case_P_reg/C (clocked by clk) and u_fcbrt_core/S_Square_s_Reg_Prev_reg[47]/D (clocked by clk). Large setup violations at the end of those stages might be difficult to fix during the post-placement implementation flow and could be the result of non-optimal XDC constraints or non-optimal design architecture
Related violations: <none>

TIMING-16#308 Warning
Large setup violation  
There is a large setup violation of -1.978 ns between u_fcbrt_preprocess/start_P_reg/C (clocked by clk) and u_fcbrt_core/S_Square_s_Reg_reg[63]/CE (clocked by clk). Large setup violations at the end of those stages might be difficult to fix during the post-placement implementation flow and could be the result of non-optimal XDC constraints or non-optimal design architecture
Related violations: <none>

TIMING-16#309 Warning
Large setup violation  
There is a large setup violation of -1.978 ns between u_fcbrt_preprocess/start_P_reg/C (clocked by clk) and u_fcbrt_core/S_Square_s_Reg_reg[69]/CE (clocked by clk). Large setup violations at the end of those stages might be difficult to fix during the post-placement implementation flow and could be the result of non-optimal XDC constraints or non-optimal design architecture
Related violations: <none>

TIMING-16#310 Warning
Large setup violation  
There is a large setup violation of -1.978 ns between u_fcbrt_preprocess/start_P_reg/C (clocked by clk) and u_fcbrt_core/S_Square_s_Reg_reg[72]/CE (clocked by clk). Large setup violations at the end of those stages might be difficult to fix during the post-placement implementation flow and could be the result of non-optimal XDC constraints or non-optimal design architecture
Related violations: <none>

TIMING-16#311 Warning
Large setup violation  
There is a large setup violation of -1.979 ns between u_fcbrt_preprocess/start_P_reg/C (clocked by clk) and u_fcbrt_core/S_Square_c_Reg_reg[48]/CE (clocked by clk). Large setup violations at the end of those stages might be difficult to fix during the post-placement implementation flow and could be the result of non-optimal XDC constraints or non-optimal design architecture
Related violations: <none>

TIMING-16#312 Warning
Large setup violation  
There is a large setup violation of -1.983 ns between u_fcbrt_preprocess/special_case_P_reg/C (clocked by clk) and u_fcbrt_core/S_Square_s_Reg_Prev_reg[63]/D (clocked by clk). Large setup violations at the end of those stages might be difficult to fix during the post-placement implementation flow and could be the result of non-optimal XDC constraints or non-optimal design architecture
Related violations: <none>

TIMING-16#313 Warning
Large setup violation  
There is a large setup violation of -2.001 ns between u_fcbrt_preprocess/start_P_reg/C (clocked by clk) and u_fcbrt_core/S_Square_s_Reg_reg[46]/CE (clocked by clk). Large setup violations at the end of those stages might be difficult to fix during the post-placement implementation flow and could be the result of non-optimal XDC constraints or non-optimal design architecture
Related violations: <none>

TIMING-16#314 Warning
Large setup violation  
There is a large setup violation of -2.032 ns between u_fcbrt_preprocess/start_P_reg/C (clocked by clk) and u_fcbrt_core/S_Square_c_Reg_reg[24]/CE (clocked by clk). Large setup violations at the end of those stages might be difficult to fix during the post-placement implementation flow and could be the result of non-optimal XDC constraints or non-optimal design architecture
Related violations: <none>

TIMING-16#315 Warning
Large setup violation  
There is a large setup violation of -2.032 ns between u_fcbrt_preprocess/start_P_reg/C (clocked by clk) and u_fcbrt_core/S_Square_c_Reg_reg[25]/CE (clocked by clk). Large setup violations at the end of those stages might be difficult to fix during the post-placement implementation flow and could be the result of non-optimal XDC constraints or non-optimal design architecture
Related violations: <none>

TIMING-16#316 Warning
Large setup violation  
There is a large setup violation of -2.038 ns between u_fcbrt_preprocess/start_P_reg/C (clocked by clk) and u_fcbrt_core/Residual_c_Reg_reg[34]/CE (clocked by clk). Large setup violations at the end of those stages might be difficult to fix during the post-placement implementation flow and could be the result of non-optimal XDC constraints or non-optimal design architecture
Related violations: <none>

TIMING-16#317 Warning
Large setup violation  
There is a large setup violation of -2.039 ns between u_fcbrt_preprocess/start_P_reg/C (clocked by clk) and u_fcbrt_core/S_Square_c_Reg_reg[64]/CE (clocked by clk). Large setup violations at the end of those stages might be difficult to fix during the post-placement implementation flow and could be the result of non-optimal XDC constraints or non-optimal design architecture
Related violations: <none>

TIMING-16#318 Warning
Large setup violation  
There is a large setup violation of -2.045 ns between u_fcbrt_preprocess/special_case_P_reg/C (clocked by clk) and u_fcbrt_core/S_Square_s_Reg_Prev_reg[44]/D (clocked by clk). Large setup violations at the end of those stages might be difficult to fix during the post-placement implementation flow and could be the result of non-optimal XDC constraints or non-optimal design architecture
Related violations: <none>

TIMING-16#319 Warning
Large setup violation  
There is a large setup violation of -2.052 ns between u_fcbrt_preprocess/special_case_P_reg/C (clocked by clk) and u_fcbrt_core/S_Square_s_Reg_Prev_reg[50]/D (clocked by clk). Large setup violations at the end of those stages might be difficult to fix during the post-placement implementation flow and could be the result of non-optimal XDC constraints or non-optimal design architecture
Related violations: <none>

TIMING-16#320 Warning
Large setup violation  
There is a large setup violation of -2.058 ns between u_fcbrt_preprocess/special_case_P_reg/C (clocked by clk) and u_fcbrt_core/S_Square_s_Reg_Prev_reg[45]/D (clocked by clk). Large setup violations at the end of those stages might be difficult to fix during the post-placement implementation flow and could be the result of non-optimal XDC constraints or non-optimal design architecture
Related violations: <none>

TIMING-16#321 Warning
Large setup violation  
There is a large setup violation of -2.060 ns between u_fcbrt_preprocess/special_case_P_reg/C (clocked by clk) and u_fcbrt_core/S_Square_s_Reg_Prev_reg[66]/D (clocked by clk). Large setup violations at the end of those stages might be difficult to fix during the post-placement implementation flow and could be the result of non-optimal XDC constraints or non-optimal design architecture
Related violations: <none>

TIMING-16#322 Warning
Large setup violation  
There is a large setup violation of -2.062 ns between u_fcbrt_preprocess/special_case_P_reg/C (clocked by clk) and u_fcbrt_core/S_Square_s_Reg_Prev_reg[49]/D (clocked by clk). Large setup violations at the end of those stages might be difficult to fix during the post-placement implementation flow and could be the result of non-optimal XDC constraints or non-optimal design architecture
Related violations: <none>

TIMING-16#323 Warning
Large setup violation  
There is a large setup violation of -2.063 ns between u_fcbrt_preprocess/special_case_P_reg/C (clocked by clk) and u_fcbrt_core/S_Square_c_Reg_Prev_reg[39]/D (clocked by clk). Large setup violations at the end of those stages might be difficult to fix during the post-placement implementation flow and could be the result of non-optimal XDC constraints or non-optimal design architecture
Related violations: <none>

TIMING-16#324 Warning
Large setup violation  
There is a large setup violation of -2.063 ns between u_fcbrt_preprocess/start_P_reg/C (clocked by clk) and u_fcbrt_core/S_Square_s_Reg_reg[14]/CE (clocked by clk). Large setup violations at the end of those stages might be difficult to fix during the post-placement implementation flow and could be the result of non-optimal XDC constraints or non-optimal design architecture
Related violations: <none>

TIMING-16#325 Warning
Large setup violation  
There is a large setup violation of -2.063 ns between u_fcbrt_preprocess/start_P_reg/C (clocked by clk) and u_fcbrt_core/S_Square_s_Reg_reg[20]/CE (clocked by clk). Large setup violations at the end of those stages might be difficult to fix during the post-placement implementation flow and could be the result of non-optimal XDC constraints or non-optimal design architecture
Related violations: <none>

TIMING-16#326 Warning
Large setup violation  
There is a large setup violation of -2.063 ns between u_fcbrt_preprocess/start_P_reg/C (clocked by clk) and u_fcbrt_core/S_Square_s_Reg_reg[5]/CE (clocked by clk). Large setup violations at the end of those stages might be difficult to fix during the post-placement implementation flow and could be the result of non-optimal XDC constraints or non-optimal design architecture
Related violations: <none>

TIMING-16#327 Warning
Large setup violation  
There is a large setup violation of -2.064 ns between u_fcbrt_preprocess/start_P_reg/C (clocked by clk) and u_fcbrt_core/S_Square_s_Reg_reg[68]/CE (clocked by clk). Large setup violations at the end of those stages might be difficult to fix during the post-placement implementation flow and could be the result of non-optimal XDC constraints or non-optimal design architecture
Related violations: <none>

TIMING-16#328 Warning
Large setup violation  
There is a large setup violation of -2.064 ns between u_fcbrt_preprocess/start_P_reg/C (clocked by clk) and u_fcbrt_core/S_Square_s_Reg_reg[71]/CE (clocked by clk). Large setup violations at the end of those stages might be difficult to fix during the post-placement implementation flow and could be the result of non-optimal XDC constraints or non-optimal design architecture
Related violations: <none>

TIMING-16#329 Warning
Large setup violation  
There is a large setup violation of -2.066 ns between u_fcbrt_preprocess/special_case_P_reg/C (clocked by clk) and u_fcbrt_core/S_Square_s_Reg_Prev_reg[42]/D (clocked by clk). Large setup violations at the end of those stages might be difficult to fix during the post-placement implementation flow and could be the result of non-optimal XDC constraints or non-optimal design architecture
Related violations: <none>

TIMING-16#330 Warning
Large setup violation  
There is a large setup violation of -2.078 ns between u_fcbrt_preprocess/special_case_P_reg/C (clocked by clk) and u_fcbrt_core/S_Square_c_Reg_Prev_reg[35]/D (clocked by clk). Large setup violations at the end of those stages might be difficult to fix during the post-placement implementation flow and could be the result of non-optimal XDC constraints or non-optimal design architecture
Related violations: <none>

TIMING-16#331 Warning
Large setup violation  
There is a large setup violation of -2.078 ns between u_fcbrt_preprocess/special_case_P_reg/C (clocked by clk) and u_fcbrt_core/S_Square_s_Reg_Prev_reg[43]/D (clocked by clk). Large setup violations at the end of those stages might be difficult to fix during the post-placement implementation flow and could be the result of non-optimal XDC constraints or non-optimal design architecture
Related violations: <none>

TIMING-16#332 Warning
Large setup violation  
There is a large setup violation of -2.078 ns between u_fcbrt_preprocess/start_P_reg/C (clocked by clk) and u_fcbrt_core/Residual_s_Reg_reg[37]/CE (clocked by clk). Large setup violations at the end of those stages might be difficult to fix during the post-placement implementation flow and could be the result of non-optimal XDC constraints or non-optimal design architecture
Related violations: <none>

TIMING-16#333 Warning
Large setup violation  
There is a large setup violation of -2.079 ns between u_fcbrt_preprocess/special_case_P_reg/C (clocked by clk) and u_fcbrt_core/S_Square_s_Reg_Prev_reg[34]/D (clocked by clk). Large setup violations at the end of those stages might be difficult to fix during the post-placement implementation flow and could be the result of non-optimal XDC constraints or non-optimal design architecture
Related violations: <none>

TIMING-16#334 Warning
Large setup violation  
There is a large setup violation of -2.081 ns between u_fcbrt_preprocess/special_case_P_reg/C (clocked by clk) and u_fcbrt_core/S_Square_c_Reg_Prev_reg[38]/D (clocked by clk). Large setup violations at the end of those stages might be difficult to fix during the post-placement implementation flow and could be the result of non-optimal XDC constraints or non-optimal design architecture
Related violations: <none>

TIMING-16#335 Warning
Large setup violation  
There is a large setup violation of -2.085 ns between u_fcbrt_preprocess/start_P_reg/C (clocked by clk) and u_fcbrt_core/Residual_c_Reg_reg[41]/CE (clocked by clk). Large setup violations at the end of those stages might be difficult to fix during the post-placement implementation flow and could be the result of non-optimal XDC constraints or non-optimal design architecture
Related violations: <none>

TIMING-16#336 Warning
Large setup violation  
There is a large setup violation of -2.086 ns between u_fcbrt_preprocess/special_case_P_reg/C (clocked by clk) and u_fcbrt_core/S_Square_s_Reg_Prev_reg[65]/D (clocked by clk). Large setup violations at the end of those stages might be difficult to fix during the post-placement implementation flow and could be the result of non-optimal XDC constraints or non-optimal design architecture
Related violations: <none>

TIMING-16#337 Warning
Large setup violation  
There is a large setup violation of -2.092 ns between u_fcbrt_preprocess/special_case_P_reg/C (clocked by clk) and u_fcbrt_core/S_Square_s_Reg_Prev_reg[41]/D (clocked by clk). Large setup violations at the end of those stages might be difficult to fix during the post-placement implementation flow and could be the result of non-optimal XDC constraints or non-optimal design architecture
Related violations: <none>

TIMING-16#338 Warning
Large setup violation  
There is a large setup violation of -2.093 ns between u_fcbrt_preprocess/start_P_reg/C (clocked by clk) and u_fcbrt_core/exp_bias_nonc_reg_reg[5]/D (clocked by clk). Large setup violations at the end of those stages might be difficult to fix during the post-placement implementation flow and could be the result of non-optimal XDC constraints or non-optimal design architecture
Related violations: <none>

TIMING-16#339 Warning
Large setup violation  
There is a large setup violation of -2.094 ns between u_fcbrt_preprocess/start_P_reg/C (clocked by clk) and u_fcbrt_core/S_Square_c_Reg_reg[47]/CE (clocked by clk). Large setup violations at the end of those stages might be difficult to fix during the post-placement implementation flow and could be the result of non-optimal XDC constraints or non-optimal design architecture
Related violations: <none>

TIMING-16#340 Warning
Large setup violation  
There is a large setup violation of -2.105 ns between u_fcbrt_preprocess/start_P_reg/C (clocked by clk) and u_fcbrt_core/S_Square_s_Reg_reg[42]/CE (clocked by clk). Large setup violations at the end of those stages might be difficult to fix during the post-placement implementation flow and could be the result of non-optimal XDC constraints or non-optimal design architecture
Related violations: <none>

TIMING-16#341 Warning
Large setup violation  
There is a large setup violation of -2.105 ns between u_fcbrt_preprocess/start_P_reg/C (clocked by clk) and u_fcbrt_core/S_Square_s_Reg_reg[50]/CE (clocked by clk). Large setup violations at the end of those stages might be difficult to fix during the post-placement implementation flow and could be the result of non-optimal XDC constraints or non-optimal design architecture
Related violations: <none>

TIMING-16#342 Warning
Large setup violation  
There is a large setup violation of -2.105 ns between u_fcbrt_preprocess/start_P_reg/C (clocked by clk) and u_fcbrt_core/S_Square_s_Reg_reg[55]/CE (clocked by clk). Large setup violations at the end of those stages might be difficult to fix during the post-placement implementation flow and could be the result of non-optimal XDC constraints or non-optimal design architecture
Related violations: <none>

TIMING-16#343 Warning
Large setup violation  
There is a large setup violation of -2.107 ns between u_fcbrt_preprocess/start_P_reg/C (clocked by clk) and u_fcbrt_core/S_Square_c_Reg_reg[55]/CE (clocked by clk). Large setup violations at the end of those stages might be difficult to fix during the post-placement implementation flow and could be the result of non-optimal XDC constraints or non-optimal design architecture
Related violations: <none>

TIMING-16#344 Warning
Large setup violation  
There is a large setup violation of -2.132 ns between u_fcbrt_preprocess/start_P_reg/C (clocked by clk) and u_fcbrt_core/S_Square_s_Reg_reg[11]/CE (clocked by clk). Large setup violations at the end of those stages might be difficult to fix during the post-placement implementation flow and could be the result of non-optimal XDC constraints or non-optimal design architecture
Related violations: <none>

TIMING-16#345 Warning
Large setup violation  
There is a large setup violation of -2.160 ns between u_fcbrt_preprocess/special_case_P_reg/C (clocked by clk) and u_fcbrt_core/S_Square_s_Reg_Prev_reg[36]/D (clocked by clk). Large setup violations at the end of those stages might be difficult to fix during the post-placement implementation flow and could be the result of non-optimal XDC constraints or non-optimal design architecture
Related violations: <none>

TIMING-16#346 Warning
Large setup violation  
There is a large setup violation of -2.163 ns between u_fcbrt_preprocess/start_P_reg/C (clocked by clk) and u_fcbrt_core/S_Square_c_Reg_Prev_reg[104]/CE (clocked by clk). Large setup violations at the end of those stages might be difficult to fix during the post-placement implementation flow and could be the result of non-optimal XDC constraints or non-optimal design architecture
Related violations: <none>

TIMING-16#347 Warning
Large setup violation  
There is a large setup violation of -2.163 ns between u_fcbrt_preprocess/start_P_reg/C (clocked by clk) and u_fcbrt_core/S_Square_c_Reg_Prev_reg[105]/CE (clocked by clk). Large setup violations at the end of those stages might be difficult to fix during the post-placement implementation flow and could be the result of non-optimal XDC constraints or non-optimal design architecture
Related violations: <none>

TIMING-16#348 Warning
Large setup violation  
There is a large setup violation of -2.166 ns between u_fcbrt_preprocess/start_P_reg/C (clocked by clk) and u_fcbrt_core/Residual_c_Reg_reg[102]/CE (clocked by clk). Large setup violations at the end of those stages might be difficult to fix during the post-placement implementation flow and could be the result of non-optimal XDC constraints or non-optimal design architecture
Related violations: <none>

TIMING-16#349 Warning
Large setup violation  
There is a large setup violation of -2.166 ns between u_fcbrt_preprocess/start_P_reg/C (clocked by clk) and u_fcbrt_core/Residual_c_Reg_reg[103]/CE (clocked by clk). Large setup violations at the end of those stages might be difficult to fix during the post-placement implementation flow and could be the result of non-optimal XDC constraints or non-optimal design architecture
Related violations: <none>

TIMING-16#350 Warning
Large setup violation  
There is a large setup violation of -2.166 ns between u_fcbrt_preprocess/start_P_reg/C (clocked by clk) and u_fcbrt_core/Residual_s_Reg_reg[101]/CE (clocked by clk). Large setup violations at the end of those stages might be difficult to fix during the post-placement implementation flow and could be the result of non-optimal XDC constraints or non-optimal design architecture
Related violations: <none>

TIMING-16#351 Warning
Large setup violation  
There is a large setup violation of -2.190 ns between u_fcbrt_preprocess/special_case_P_reg/C (clocked by clk) and u_fcbrt_core/S_Square_s_Reg_Prev_reg[35]/D (clocked by clk). Large setup violations at the end of those stages might be difficult to fix during the post-placement implementation flow and could be the result of non-optimal XDC constraints or non-optimal design architecture
Related violations: <none>

TIMING-16#352 Warning
Large setup violation  
There is a large setup violation of -2.224 ns between u_fcbrt_preprocess/start_P_reg/C (clocked by clk) and u_fcbrt_core/S_Square_c_Reg_reg[45]/CE (clocked by clk). Large setup violations at the end of those stages might be difficult to fix during the post-placement implementation flow and could be the result of non-optimal XDC constraints or non-optimal design architecture
Related violations: <none>

TIMING-16#353 Warning
Large setup violation  
There is a large setup violation of -2.224 ns between u_fcbrt_preprocess/start_P_reg/C (clocked by clk) and u_fcbrt_core/S_Square_c_Reg_reg[56]/CE (clocked by clk). Large setup violations at the end of those stages might be difficult to fix during the post-placement implementation flow and could be the result of non-optimal XDC constraints or non-optimal design architecture
Related violations: <none>

TIMING-16#354 Warning
Large setup violation  
There is a large setup violation of -2.236 ns between u_fcbrt_preprocess/start_P_reg/C (clocked by clk) and u_fcbrt_core/S_Square_s_Reg_reg[13]/CE (clocked by clk). Large setup violations at the end of those stages might be difficult to fix during the post-placement implementation flow and could be the result of non-optimal XDC constraints or non-optimal design architecture
Related violations: <none>

TIMING-16#355 Warning
Large setup violation  
There is a large setup violation of -2.236 ns between u_fcbrt_preprocess/start_P_reg/C (clocked by clk) and u_fcbrt_core/S_Square_s_Reg_reg[52]/CE (clocked by clk). Large setup violations at the end of those stages might be difficult to fix during the post-placement implementation flow and could be the result of non-optimal XDC constraints or non-optimal design architecture
Related violations: <none>

TIMING-16#356 Warning
Large setup violation  
There is a large setup violation of -2.236 ns between u_fcbrt_preprocess/start_P_reg/C (clocked by clk) and u_fcbrt_core/S_Square_s_Reg_reg[53]/CE (clocked by clk). Large setup violations at the end of those stages might be difficult to fix during the post-placement implementation flow and could be the result of non-optimal XDC constraints or non-optimal design architecture
Related violations: <none>

TIMING-16#357 Warning
Large setup violation  
There is a large setup violation of -2.236 ns between u_fcbrt_preprocess/start_P_reg/C (clocked by clk) and u_fcbrt_core/S_Square_s_Reg_reg[64]/CE (clocked by clk). Large setup violations at the end of those stages might be difficult to fix during the post-placement implementation flow and could be the result of non-optimal XDC constraints or non-optimal design architecture
Related violations: <none>

TIMING-16#358 Warning
Large setup violation  
There is a large setup violation of -2.243 ns between u_fcbrt_preprocess/start_P_reg/C (clocked by clk) and u_fcbrt_core/exp_bias_nonc_reg_reg[4]/D (clocked by clk). Large setup violations at the end of those stages might be difficult to fix during the post-placement implementation flow and could be the result of non-optimal XDC constraints or non-optimal design architecture
Related violations: <none>

TIMING-16#359 Warning
Large setup violation  
There is a large setup violation of -2.266 ns between u_fcbrt_preprocess/special_case_P_reg/C (clocked by clk) and u_fcbrt_core/S_Square_c_Reg_Prev_reg[37]/D (clocked by clk). Large setup violations at the end of those stages might be difficult to fix during the post-placement implementation flow and could be the result of non-optimal XDC constraints or non-optimal design architecture
Related violations: <none>

TIMING-16#360 Warning
Large setup violation  
There is a large setup violation of -2.287 ns between u_fcbrt_core/S_Square_c_Reg_Prev_reg[2]/C (clocked by clk) and u_fcbrt_core/s_sel_Reg_reg[1]/D (clocked by clk). Large setup violations at the end of those stages might be difficult to fix during the post-placement implementation flow and could be the result of non-optimal XDC constraints or non-optimal design architecture
Related violations: <none>

TIMING-16#361 Warning
Large setup violation  
There is a large setup violation of -2.298 ns between u_fcbrt_preprocess/special_case_P_reg/C (clocked by clk) and u_fcbrt_core/S_Square_c_Reg_Prev_reg[36]/D (clocked by clk). Large setup violations at the end of those stages might be difficult to fix during the post-placement implementation flow and could be the result of non-optimal XDC constraints or non-optimal design architecture
Related violations: <none>

TIMING-16#362 Warning
Large setup violation  
There is a large setup violation of -2.318 ns between u_fcbrt_preprocess/special_case_P_reg/C (clocked by clk) and u_fcbrt_core/S_Square_c_Reg_Prev_reg[45]/D (clocked by clk). Large setup violations at the end of those stages might be difficult to fix during the post-placement implementation flow and could be the result of non-optimal XDC constraints or non-optimal design architecture
Related violations: <none>

TIMING-16#363 Warning
Large setup violation  
There is a large setup violation of -2.348 ns between u_fcbrt_preprocess/special_case_P_reg/C (clocked by clk) and u_fcbrt_core/S_Square_c_Reg_Prev_reg[44]/D (clocked by clk). Large setup violations at the end of those stages might be difficult to fix during the post-placement implementation flow and could be the result of non-optimal XDC constraints or non-optimal design architecture
Related violations: <none>

TIMING-16#364 Warning
Large setup violation  
There is a large setup violation of -2.453 ns between u_fcbrt_preprocess/start_P_reg/C (clocked by clk) and u_fcbrt_core/exp_bias_nonc_reg_reg[9]/D (clocked by clk). Large setup violations at the end of those stages might be difficult to fix during the post-placement implementation flow and could be the result of non-optimal XDC constraints or non-optimal design architecture
Related violations: <none>

TIMING-16#365 Warning
Large setup violation  
There is a large setup violation of -2.494 ns between u_fcbrt_preprocess/start_P_reg/C (clocked by clk) and u_fcbrt_core/exp_bias_nonc_reg_reg[6]/D (clocked by clk). Large setup violations at the end of those stages might be difficult to fix during the post-placement implementation flow and could be the result of non-optimal XDC constraints or non-optimal design architecture
Related violations: <none>

TIMING-16#366 Warning
Large setup violation  
There is a large setup violation of -2.497 ns between u_fcbrt_preprocess/start_P_reg/C (clocked by clk) and u_fcbrt_core/exp_bias_nonc_reg_reg[7]/D (clocked by clk). Large setup violations at the end of those stages might be difficult to fix during the post-placement implementation flow and could be the result of non-optimal XDC constraints or non-optimal design architecture
Related violations: <none>

TIMING-16#367 Warning
Large setup violation  
There is a large setup violation of -2.498 ns between u_fcbrt_core/S_Square_c_Reg_Prev_reg[2]/C (clocked by clk) and u_fcbrt_core/s_sel_Reg_reg[0]/D (clocked by clk). Large setup violations at the end of those stages might be difficult to fix during the post-placement implementation flow and could be the result of non-optimal XDC constraints or non-optimal design architecture
Related violations: <none>

TIMING-16#368 Warning
Large setup violation  
There is a large setup violation of -2.523 ns between u_fcbrt_preprocess/start_P_reg/C (clocked by clk) and u_fcbrt_core/exp_bias_nonc_reg_reg[10]/D (clocked by clk). Large setup violations at the end of those stages might be difficult to fix during the post-placement implementation flow and could be the result of non-optimal XDC constraints or non-optimal design architecture
Related violations: <none>

TIMING-16#369 Warning
Large setup violation  
There is a large setup violation of -2.592 ns between u_fcbrt_preprocess/start_P_reg/C (clocked by clk) and u_fcbrt_core/exp_bias_nonc_reg_reg[8]/D (clocked by clk). Large setup violations at the end of those stages might be difficult to fix during the post-placement implementation flow and could be the result of non-optimal XDC constraints or non-optimal design architecture
Related violations: <none>

TIMING-16#370 Warning
Large setup violation  
There is a large setup violation of -3.157 ns between u_fcbrt_core/S_Square_c_Reg_Prev_reg[2]/C (clocked by clk) and u_fcbrt_core/S_Reg_reg[45]/D (clocked by clk). Large setup violations at the end of those stages might be difficult to fix during the post-placement implementation flow and could be the result of non-optimal XDC constraints or non-optimal design architecture
Related violations: <none>

TIMING-16#371 Warning
Large setup violation  
There is a large setup violation of -3.208 ns between u_fcbrt_core/S_Square_c_Reg_Prev_reg[2]/C (clocked by clk) and u_fcbrt_core/S_Square_s_Reg_reg[0]/D (clocked by clk). Large setup violations at the end of those stages might be difficult to fix during the post-placement implementation flow and could be the result of non-optimal XDC constraints or non-optimal design architecture
Related violations: <none>

TIMING-16#372 Warning
Large setup violation  
There is a large setup violation of -3.325 ns between u_fcbrt_core/S_Square_c_Reg_Prev_reg[2]/C (clocked by clk) and u_fcbrt_core/S_Reg_reg[39]/D (clocked by clk). Large setup violations at the end of those stages might be difficult to fix during the post-placement implementation flow and could be the result of non-optimal XDC constraints or non-optimal design architecture
Related violations: <none>

TIMING-16#373 Warning
Large setup violation  
There is a large setup violation of -3.397 ns between u_fcbrt_core/S_Square_c_Reg_Prev_reg[2]/C (clocked by clk) and u_fcbrt_core/S_Reg_reg[41]/D (clocked by clk). Large setup violations at the end of those stages might be difficult to fix during the post-placement implementation flow and could be the result of non-optimal XDC constraints or non-optimal design architecture
Related violations: <none>

TIMING-16#374 Warning
Large setup violation  
There is a large setup violation of -3.437 ns between u_fcbrt_core/S_Square_c_Reg_Prev_reg[2]/C (clocked by clk) and u_fcbrt_core/S_Square_c_Reg_reg[109]/D (clocked by clk). Large setup violations at the end of those stages might be difficult to fix during the post-placement implementation flow and could be the result of non-optimal XDC constraints or non-optimal design architecture
Related violations: <none>

TIMING-16#375 Warning
Large setup violation  
There is a large setup violation of -3.445 ns between u_fcbrt_core/S_Square_c_Reg_Prev_reg[2]/C (clocked by clk) and u_fcbrt_core/S_Reg_reg[48]/D (clocked by clk). Large setup violations at the end of those stages might be difficult to fix during the post-placement implementation flow and could be the result of non-optimal XDC constraints or non-optimal design architecture
Related violations: <none>

TIMING-16#376 Warning
Large setup violation  
There is a large setup violation of -3.458 ns between u_fcbrt_core/S_Square_c_Reg_Prev_reg[2]/C (clocked by clk) and u_fcbrt_core/S_Reg_reg[43]/D (clocked by clk). Large setup violations at the end of those stages might be difficult to fix during the post-placement implementation flow and could be the result of non-optimal XDC constraints or non-optimal design architecture
Related violations: <none>

TIMING-16#377 Warning
Large setup violation  
There is a large setup violation of -3.505 ns between u_fcbrt_core/S_Square_c_Reg_Prev_reg[2]/C (clocked by clk) and u_fcbrt_core/S_Reg_reg[35]/D (clocked by clk). Large setup violations at the end of those stages might be difficult to fix during the post-placement implementation flow and could be the result of non-optimal XDC constraints or non-optimal design architecture
Related violations: <none>

TIMING-16#378 Warning
Large setup violation  
There is a large setup violation of -3.522 ns between u_fcbrt_core/S_Square_c_Reg_Prev_reg[2]/C (clocked by clk) and u_fcbrt_core/S_Reg_reg[25]/D (clocked by clk). Large setup violations at the end of those stages might be difficult to fix during the post-placement implementation flow and could be the result of non-optimal XDC constraints or non-optimal design architecture
Related violations: <none>

TIMING-16#379 Warning
Large setup violation  
There is a large setup violation of -3.534 ns between u_fcbrt_core/S_Square_c_Reg_Prev_reg[2]/C (clocked by clk) and u_fcbrt_core/S_Square_c_Reg_reg[1]/D (clocked by clk). Large setup violations at the end of those stages might be difficult to fix during the post-placement implementation flow and could be the result of non-optimal XDC constraints or non-optimal design architecture
Related violations: <none>

TIMING-16#380 Warning
Large setup violation  
There is a large setup violation of -3.537 ns between u_fcbrt_core/S_Square_c_Reg_Prev_reg[2]/C (clocked by clk) and u_fcbrt_core/S_Square_c_Reg_reg[111]/D (clocked by clk). Large setup violations at the end of those stages might be difficult to fix during the post-placement implementation flow and could be the result of non-optimal XDC constraints or non-optimal design architecture
Related violations: <none>

TIMING-16#381 Warning
Large setup violation  
There is a large setup violation of -3.540 ns between u_fcbrt_core/S_Square_c_Reg_Prev_reg[2]/C (clocked by clk) and u_fcbrt_core/S_Square_c_Reg_reg[112]/D (clocked by clk). Large setup violations at the end of those stages might be difficult to fix during the post-placement implementation flow and could be the result of non-optimal XDC constraints or non-optimal design architecture
Related violations: <none>

TIMING-16#382 Warning
Large setup violation  
There is a large setup violation of -3.551 ns between u_fcbrt_core/S_Square_c_Reg_Prev_reg[2]/C (clocked by clk) and u_fcbrt_core/S_Reg_reg[33]/D (clocked by clk). Large setup violations at the end of those stages might be difficult to fix during the post-placement implementation flow and could be the result of non-optimal XDC constraints or non-optimal design architecture
Related violations: <none>

TIMING-16#383 Warning
Large setup violation  
There is a large setup violation of -3.575 ns between u_fcbrt_core/S_Square_c_Reg_Prev_reg[2]/C (clocked by clk) and u_fcbrt_core/S_Reg_reg[19]/D (clocked by clk). Large setup violations at the end of those stages might be difficult to fix during the post-placement implementation flow and could be the result of non-optimal XDC constraints or non-optimal design architecture
Related violations: <none>

TIMING-16#384 Warning
Large setup violation  
There is a large setup violation of -3.578 ns between u_fcbrt_core/S_Square_c_Reg_Prev_reg[2]/C (clocked by clk) and u_fcbrt_core/S_Reg_reg[49]/D (clocked by clk). Large setup violations at the end of those stages might be difficult to fix during the post-placement implementation flow and could be the result of non-optimal XDC constraints or non-optimal design architecture
Related violations: <none>

TIMING-16#385 Warning
Large setup violation  
There is a large setup violation of -3.617 ns between u_fcbrt_core/S_Square_c_Reg_Prev_reg[2]/C (clocked by clk) and u_fcbrt_core/S_Reg_reg[36]/D (clocked by clk). Large setup violations at the end of those stages might be difficult to fix during the post-placement implementation flow and could be the result of non-optimal XDC constraints or non-optimal design architecture
Related violations: <none>

TIMING-16#386 Warning
Large setup violation  
There is a large setup violation of -3.633 ns between u_fcbrt_core/S_Square_c_Reg_Prev_reg[2]/C (clocked by clk) and u_fcbrt_core/S_Square_c_Reg_reg[107]/D (clocked by clk). Large setup violations at the end of those stages might be difficult to fix during the post-placement implementation flow and could be the result of non-optimal XDC constraints or non-optimal design architecture
Related violations: <none>

TIMING-16#387 Warning
Large setup violation  
There is a large setup violation of -3.634 ns between u_fcbrt_core/S_Square_c_Reg_Prev_reg[2]/C (clocked by clk) and u_fcbrt_core/S_Square_c_Reg_reg[108]/D (clocked by clk). Large setup violations at the end of those stages might be difficult to fix during the post-placement implementation flow and could be the result of non-optimal XDC constraints or non-optimal design architecture
Related violations: <none>

TIMING-16#388 Warning
Large setup violation  
There is a large setup violation of -3.668 ns between u_fcbrt_core/S_Square_c_Reg_Prev_reg[2]/C (clocked by clk) and u_fcbrt_core/S_Reg_reg[15]/D (clocked by clk). Large setup violations at the end of those stages might be difficult to fix during the post-placement implementation flow and could be the result of non-optimal XDC constraints or non-optimal design architecture
Related violations: <none>

TIMING-16#389 Warning
Large setup violation  
There is a large setup violation of -3.687 ns between u_fcbrt_core/S_Square_c_Reg_Prev_reg[2]/C (clocked by clk) and u_fcbrt_core/S_Reg_reg[23]/D (clocked by clk). Large setup violations at the end of those stages might be difficult to fix during the post-placement implementation flow and could be the result of non-optimal XDC constraints or non-optimal design architecture
Related violations: <none>

TIMING-16#390 Warning
Large setup violation  
There is a large setup violation of -3.687 ns between u_fcbrt_core/S_Square_c_Reg_Prev_reg[2]/C (clocked by clk) and u_fcbrt_core/S_Reg_reg[47]/D (clocked by clk). Large setup violations at the end of those stages might be difficult to fix during the post-placement implementation flow and could be the result of non-optimal XDC constraints or non-optimal design architecture
Related violations: <none>

TIMING-16#391 Warning
Large setup violation  
There is a large setup violation of -3.692 ns between u_fcbrt_core/S_Square_c_Reg_Prev_reg[2]/C (clocked by clk) and u_fcbrt_core/S_Reg_reg[17]/D (clocked by clk). Large setup violations at the end of those stages might be difficult to fix during the post-placement implementation flow and could be the result of non-optimal XDC constraints or non-optimal design architecture
Related violations: <none>

TIMING-16#392 Warning
Large setup violation  
There is a large setup violation of -3.703 ns between u_fcbrt_preprocess/start_P_reg/C (clocked by clk) and u_fcbrt_core/S_Reg_reg[50]/D (clocked by clk). Large setup violations at the end of those stages might be difficult to fix during the post-placement implementation flow and could be the result of non-optimal XDC constraints or non-optimal design architecture
Related violations: <none>

TIMING-16#393 Warning
Large setup violation  
There is a large setup violation of -3.716 ns between u_fcbrt_core/S_Square_c_Reg_Prev_reg[2]/C (clocked by clk) and u_fcbrt_core/S_Reg_reg[11]/D (clocked by clk). Large setup violations at the end of those stages might be difficult to fix during the post-placement implementation flow and could be the result of non-optimal XDC constraints or non-optimal design architecture
Related violations: <none>

TIMING-16#394 Warning
Large setup violation  
There is a large setup violation of -3.738 ns between u_fcbrt_core/S_Square_c_Reg_Prev_reg[2]/C (clocked by clk) and u_fcbrt_core/S_Reg_reg[13]/D (clocked by clk). Large setup violations at the end of those stages might be difficult to fix during the post-placement implementation flow and could be the result of non-optimal XDC constraints or non-optimal design architecture
Related violations: <none>

TIMING-16#395 Warning
Large setup violation  
There is a large setup violation of -3.742 ns between u_fcbrt_core/S_Square_c_Reg_Prev_reg[2]/C (clocked by clk) and u_fcbrt_core/S_Reg_reg[37]/D (clocked by clk). Large setup violations at the end of those stages might be difficult to fix during the post-placement implementation flow and could be the result of non-optimal XDC constraints or non-optimal design architecture
Related violations: <none>

TIMING-16#396 Warning
Large setup violation  
There is a large setup violation of -3.743 ns between u_fcbrt_core/S_Square_c_Reg_Prev_reg[2]/C (clocked by clk) and u_fcbrt_core/S_Square_c_Reg_reg[110]/D (clocked by clk). Large setup violations at the end of those stages might be difficult to fix during the post-placement implementation flow and could be the result of non-optimal XDC constraints or non-optimal design architecture
Related violations: <none>

TIMING-16#397 Warning
Large setup violation  
There is a large setup violation of -3.772 ns between u_fcbrt_core/S_Square_c_Reg_Prev_reg[2]/C (clocked by clk) and u_fcbrt_core/SM_Reg_reg[11]/D (clocked by clk). Large setup violations at the end of those stages might be difficult to fix during the post-placement implementation flow and could be the result of non-optimal XDC constraints or non-optimal design architecture
Related violations: <none>

TIMING-16#398 Warning
Large setup violation  
There is a large setup violation of -3.779 ns between u_fcbrt_core/S_Square_c_Reg_Prev_reg[2]/C (clocked by clk) and u_fcbrt_core/SM_Reg_reg[3]/D (clocked by clk). Large setup violations at the end of those stages might be difficult to fix during the post-placement implementation flow and could be the result of non-optimal XDC constraints or non-optimal design architecture
Related violations: <none>

TIMING-16#399 Warning
Large setup violation  
There is a large setup violation of -3.793 ns between u_fcbrt_core/S_Square_c_Reg_Prev_reg[2]/C (clocked by clk) and u_fcbrt_core/S_Reg_reg[44]/D (clocked by clk). Large setup violations at the end of those stages might be difficult to fix during the post-placement implementation flow and could be the result of non-optimal XDC constraints or non-optimal design architecture
Related violations: <none>

TIMING-16#400 Warning
Large setup violation  
There is a large setup violation of -3.822 ns between u_fcbrt_core/S_Square_c_Reg_Prev_reg[2]/C (clocked by clk) and u_fcbrt_core/S_Reg_reg[1]/D (clocked by clk). Large setup violations at the end of those stages might be difficult to fix during the post-placement implementation flow and could be the result of non-optimal XDC constraints or non-optimal design architecture
Related violations: <none>

TIMING-16#401 Warning
Large setup violation  
There is a large setup violation of -3.841 ns between u_fcbrt_core/S_Square_c_Reg_Prev_reg[2]/C (clocked by clk) and u_fcbrt_core/SM_Reg_reg[13]/D (clocked by clk). Large setup violations at the end of those stages might be difficult to fix during the post-placement implementation flow and could be the result of non-optimal XDC constraints or non-optimal design architecture
Related violations: <none>

TIMING-16#402 Warning
Large setup violation  
There is a large setup violation of -3.845 ns between u_fcbrt_core/S_Square_c_Reg_Prev_reg[2]/C (clocked by clk) and u_fcbrt_core/SM_Reg_reg[10]/D (clocked by clk). Large setup violations at the end of those stages might be difficult to fix during the post-placement implementation flow and could be the result of non-optimal XDC constraints or non-optimal design architecture
Related violations: <none>

TIMING-16#403 Warning
Large setup violation  
There is a large setup violation of -3.847 ns between u_fcbrt_core/S_Square_c_Reg_Prev_reg[2]/C (clocked by clk) and u_fcbrt_core/SM_Reg_reg[50]/D (clocked by clk). Large setup violations at the end of those stages might be difficult to fix during the post-placement implementation flow and could be the result of non-optimal XDC constraints or non-optimal design architecture
Related violations: <none>

TIMING-16#404 Warning
Large setup violation  
There is a large setup violation of -3.863 ns between u_fcbrt_core/S_Square_c_Reg_Prev_reg[2]/C (clocked by clk) and u_fcbrt_core/S_Reg_reg[29]/D (clocked by clk). Large setup violations at the end of those stages might be difficult to fix during the post-placement implementation flow and could be the result of non-optimal XDC constraints or non-optimal design architecture
Related violations: <none>

TIMING-16#405 Warning
Large setup violation  
There is a large setup violation of -3.880 ns between u_fcbrt_core/S_Square_c_Reg_Prev_reg[2]/C (clocked by clk) and u_fcbrt_core/S_Reg_reg[27]/D (clocked by clk). Large setup violations at the end of those stages might be difficult to fix during the post-placement implementation flow and could be the result of non-optimal XDC constraints or non-optimal design architecture
Related violations: <none>

TIMING-16#406 Warning
Large setup violation  
There is a large setup violation of -3.883 ns between u_fcbrt_core/S_Square_c_Reg_Prev_reg[2]/C (clocked by clk) and u_fcbrt_core/S_Reg_reg[21]/D (clocked by clk). Large setup violations at the end of those stages might be difficult to fix during the post-placement implementation flow and could be the result of non-optimal XDC constraints or non-optimal design architecture
Related violations: <none>

TIMING-16#407 Warning
Large setup violation  
There is a large setup violation of -3.895 ns between u_fcbrt_core/S_Square_c_Reg_Prev_reg[2]/C (clocked by clk) and u_fcbrt_core/SM_Reg_reg[1]/D (clocked by clk). Large setup violations at the end of those stages might be difficult to fix during the post-placement implementation flow and could be the result of non-optimal XDC constraints or non-optimal design architecture
Related violations: <none>

TIMING-16#408 Warning
Large setup violation  
There is a large setup violation of -3.904 ns between u_fcbrt_core/S_Square_c_Reg_Prev_reg[2]/C (clocked by clk) and u_fcbrt_core/S_Reg_reg[40]/D (clocked by clk). Large setup violations at the end of those stages might be difficult to fix during the post-placement implementation flow and could be the result of non-optimal XDC constraints or non-optimal design architecture
Related violations: <none>

TIMING-16#409 Warning
Large setup violation  
There is a large setup violation of -3.905 ns between u_fcbrt_core/S_Square_c_Reg_Prev_reg[2]/C (clocked by clk) and u_fcbrt_core/S_Reg_reg[5]/D (clocked by clk). Large setup violations at the end of those stages might be difficult to fix during the post-placement implementation flow and could be the result of non-optimal XDC constraints or non-optimal design architecture
Related violations: <none>

TIMING-16#410 Warning
Large setup violation  
There is a large setup violation of -3.910 ns between u_fcbrt_core/S_Square_c_Reg_Prev_reg[2]/C (clocked by clk) and u_fcbrt_core/S_Reg_reg[8]/D (clocked by clk). Large setup violations at the end of those stages might be difficult to fix during the post-placement implementation flow and could be the result of non-optimal XDC constraints or non-optimal design architecture
Related violations: <none>

TIMING-16#411 Warning
Large setup violation  
There is a large setup violation of -3.913 ns between u_fcbrt_core/S_Square_c_Reg_Prev_reg[2]/C (clocked by clk) and u_fcbrt_core/SM_Reg_reg[48]/D (clocked by clk). Large setup violations at the end of those stages might be difficult to fix during the post-placement implementation flow and could be the result of non-optimal XDC constraints or non-optimal design architecture
Related violations: <none>

TIMING-16#412 Warning
Large setup violation  
There is a large setup violation of -3.913 ns between u_fcbrt_core/S_Square_c_Reg_Prev_reg[2]/C (clocked by clk) and u_fcbrt_core/S_Reg_reg[3]/D (clocked by clk). Large setup violations at the end of those stages might be difficult to fix during the post-placement implementation flow and could be the result of non-optimal XDC constraints or non-optimal design architecture
Related violations: <none>

TIMING-16#413 Warning
Large setup violation  
There is a large setup violation of -3.915 ns between u_fcbrt_core/S_Square_c_Reg_Prev_reg[2]/C (clocked by clk) and u_fcbrt_core/SM_Reg_reg[9]/D (clocked by clk). Large setup violations at the end of those stages might be difficult to fix during the post-placement implementation flow and could be the result of non-optimal XDC constraints or non-optimal design architecture
Related violations: <none>

TIMING-16#414 Warning
Large setup violation  
There is a large setup violation of -3.920 ns between u_fcbrt_core/S_Square_c_Reg_Prev_reg[2]/C (clocked by clk) and u_fcbrt_core/S_Reg_reg[34]/D (clocked by clk). Large setup violations at the end of those stages might be difficult to fix during the post-placement implementation flow and could be the result of non-optimal XDC constraints or non-optimal design architecture
Related violations: <none>

TIMING-16#415 Warning
Large setup violation  
There is a large setup violation of -3.937 ns between u_fcbrt_core/S_Square_c_Reg_Prev_reg[2]/C (clocked by clk) and u_fcbrt_core/SM_Reg_reg[2]/D (clocked by clk). Large setup violations at the end of those stages might be difficult to fix during the post-placement implementation flow and could be the result of non-optimal XDC constraints or non-optimal design architecture
Related violations: <none>

TIMING-16#416 Warning
Large setup violation  
There is a large setup violation of -3.938 ns between u_fcbrt_core/S_Square_c_Reg_Prev_reg[2]/C (clocked by clk) and u_fcbrt_core/S_Reg_reg[12]/D (clocked by clk). Large setup violations at the end of those stages might be difficult to fix during the post-placement implementation flow and could be the result of non-optimal XDC constraints or non-optimal design architecture
Related violations: <none>

TIMING-16#417 Warning
Large setup violation  
There is a large setup violation of -3.948 ns between u_fcbrt_core/S_Square_c_Reg_Prev_reg[2]/C (clocked by clk) and u_fcbrt_core/S_Reg_reg[9]/D (clocked by clk). Large setup violations at the end of those stages might be difficult to fix during the post-placement implementation flow and could be the result of non-optimal XDC constraints or non-optimal design architecture
Related violations: <none>

TIMING-16#418 Warning
Large setup violation  
There is a large setup violation of -3.953 ns between u_fcbrt_core/S_Square_c_Reg_Prev_reg[2]/C (clocked by clk) and u_fcbrt_core/SM_Reg_reg[20]/D (clocked by clk). Large setup violations at the end of those stages might be difficult to fix during the post-placement implementation flow and could be the result of non-optimal XDC constraints or non-optimal design architecture
Related violations: <none>

TIMING-16#419 Warning
Large setup violation  
There is a large setup violation of -3.967 ns between u_fcbrt_core/S_Square_c_Reg_Prev_reg[2]/C (clocked by clk) and u_fcbrt_core/S_Reg_reg[31]/D (clocked by clk). Large setup violations at the end of those stages might be difficult to fix during the post-placement implementation flow and could be the result of non-optimal XDC constraints or non-optimal design architecture
Related violations: <none>

TIMING-16#420 Warning
Large setup violation  
There is a large setup violation of -3.972 ns between u_fcbrt_core/S_Square_c_Reg_Prev_reg[2]/C (clocked by clk) and u_fcbrt_core/S_Reg_reg[28]/D (clocked by clk). Large setup violations at the end of those stages might be difficult to fix during the post-placement implementation flow and could be the result of non-optimal XDC constraints or non-optimal design architecture
Related violations: <none>

TIMING-16#421 Warning
Large setup violation  
There is a large setup violation of -3.972 ns between u_fcbrt_core/S_Square_c_Reg_Prev_reg[2]/C (clocked by clk) and u_fcbrt_core/S_Reg_reg[46]/D (clocked by clk). Large setup violations at the end of those stages might be difficult to fix during the post-placement implementation flow and could be the result of non-optimal XDC constraints or non-optimal design architecture
Related violations: <none>

TIMING-16#422 Warning
Large setup violation  
There is a large setup violation of -3.993 ns between u_fcbrt_core/S_Square_c_Reg_Prev_reg[2]/C (clocked by clk) and u_fcbrt_core/S_Reg_reg[32]/D (clocked by clk). Large setup violations at the end of those stages might be difficult to fix during the post-placement implementation flow and could be the result of non-optimal XDC constraints or non-optimal design architecture
Related violations: <none>

TIMING-16#423 Warning
Large setup violation  
There is a large setup violation of -3.996 ns between u_fcbrt_core/S_Square_c_Reg_Prev_reg[2]/C (clocked by clk) and u_fcbrt_core/SM_Reg_reg[8]/D (clocked by clk). Large setup violations at the end of those stages might be difficult to fix during the post-placement implementation flow and could be the result of non-optimal XDC constraints or non-optimal design architecture
Related violations: <none>

TIMING-16#424 Warning
Large setup violation  
There is a large setup violation of -4.005 ns between u_fcbrt_core/S_Square_c_Reg_Prev_reg[2]/C (clocked by clk) and u_fcbrt_core/SM_Reg_reg[28]/D (clocked by clk). Large setup violations at the end of those stages might be difficult to fix during the post-placement implementation flow and could be the result of non-optimal XDC constraints or non-optimal design architecture
Related violations: <none>

TIMING-16#425 Warning
Large setup violation  
There is a large setup violation of -4.007 ns between u_fcbrt_preprocess/start_P_reg/C (clocked by clk) and u_fcbrt_core/S_Reg_reg[51]/D (clocked by clk). Large setup violations at the end of those stages might be difficult to fix during the post-placement implementation flow and could be the result of non-optimal XDC constraints or non-optimal design architecture
Related violations: <none>

TIMING-16#426 Warning
Large setup violation  
There is a large setup violation of -4.010 ns between u_fcbrt_core/S_Square_c_Reg_Prev_reg[2]/C (clocked by clk) and u_fcbrt_core/S_Reg_reg[0]/D (clocked by clk). Large setup violations at the end of those stages might be difficult to fix during the post-placement implementation flow and could be the result of non-optimal XDC constraints or non-optimal design architecture
Related violations: <none>

TIMING-16#427 Warning
Large setup violation  
There is a large setup violation of -4.010 ns between u_fcbrt_core/S_Square_c_Reg_Prev_reg[2]/C (clocked by clk) and u_fcbrt_core/S_Reg_reg[7]/D (clocked by clk). Large setup violations at the end of those stages might be difficult to fix during the post-placement implementation flow and could be the result of non-optimal XDC constraints or non-optimal design architecture
Related violations: <none>

TIMING-16#428 Warning
Large setup violation  
There is a large setup violation of -4.026 ns between u_fcbrt_core/S_Square_c_Reg_Prev_reg[2]/C (clocked by clk) and u_fcbrt_core/S_Reg_reg[10]/D (clocked by clk). Large setup violations at the end of those stages might be difficult to fix during the post-placement implementation flow and could be the result of non-optimal XDC constraints or non-optimal design architecture
Related violations: <none>

TIMING-16#429 Warning
Large setup violation  
There is a large setup violation of -4.032 ns between u_fcbrt_core/S_Square_c_Reg_Prev_reg[2]/C (clocked by clk) and u_fcbrt_core/SM_Reg_reg[16]/D (clocked by clk). Large setup violations at the end of those stages might be difficult to fix during the post-placement implementation flow and could be the result of non-optimal XDC constraints or non-optimal design architecture
Related violations: <none>

TIMING-16#430 Warning
Large setup violation  
There is a large setup violation of -4.035 ns between u_fcbrt_core/S_Square_c_Reg_Prev_reg[2]/C (clocked by clk) and u_fcbrt_core/SM_Reg_reg[0]/D (clocked by clk). Large setup violations at the end of those stages might be difficult to fix during the post-placement implementation flow and could be the result of non-optimal XDC constraints or non-optimal design architecture
Related violations: <none>

TIMING-16#431 Warning
Large setup violation  
There is a large setup violation of -4.040 ns between u_fcbrt_core/S_Square_c_Reg_Prev_reg[2]/C (clocked by clk) and u_fcbrt_core/SM_Reg_reg[22]/D (clocked by clk). Large setup violations at the end of those stages might be difficult to fix during the post-placement implementation flow and could be the result of non-optimal XDC constraints or non-optimal design architecture
Related violations: <none>

TIMING-16#432 Warning
Large setup violation  
There is a large setup violation of -4.043 ns between u_fcbrt_core/S_Square_c_Reg_Prev_reg[2]/C (clocked by clk) and u_fcbrt_core/SM_Reg_reg[7]/D (clocked by clk). Large setup violations at the end of those stages might be difficult to fix during the post-placement implementation flow and could be the result of non-optimal XDC constraints or non-optimal design architecture
Related violations: <none>

TIMING-16#433 Warning
Large setup violation  
There is a large setup violation of -4.048 ns between u_fcbrt_core/S_Square_c_Reg_Prev_reg[2]/C (clocked by clk) and u_fcbrt_core/SM_Reg_reg[26]/D (clocked by clk). Large setup violations at the end of those stages might be difficult to fix during the post-placement implementation flow and could be the result of non-optimal XDC constraints or non-optimal design architecture
Related violations: <none>

TIMING-16#434 Warning
Large setup violation  
There is a large setup violation of -4.061 ns between u_fcbrt_core/S_Square_c_Reg_Prev_reg[2]/C (clocked by clk) and u_fcbrt_core/SM_Reg_reg[6]/D (clocked by clk). Large setup violations at the end of those stages might be difficult to fix during the post-placement implementation flow and could be the result of non-optimal XDC constraints or non-optimal design architecture
Related violations: <none>

TIMING-16#435 Warning
Large setup violation  
There is a large setup violation of -4.097 ns between u_fcbrt_core/S_Square_c_Reg_Prev_reg[2]/C (clocked by clk) and u_fcbrt_core/S_Reg_reg[16]/D (clocked by clk). Large setup violations at the end of those stages might be difficult to fix during the post-placement implementation flow and could be the result of non-optimal XDC constraints or non-optimal design architecture
Related violations: <none>

TIMING-16#436 Warning
Large setup violation  
There is a large setup violation of -4.099 ns between u_fcbrt_core/S_Square_c_Reg_Prev_reg[2]/C (clocked by clk) and u_fcbrt_core/S_Reg_reg[2]/D (clocked by clk). Large setup violations at the end of those stages might be difficult to fix during the post-placement implementation flow and could be the result of non-optimal XDC constraints or non-optimal design architecture
Related violations: <none>

TIMING-16#437 Warning
Large setup violation  
There is a large setup violation of -4.105 ns between u_fcbrt_core/S_Square_c_Reg_Prev_reg[2]/C (clocked by clk) and u_fcbrt_core/SM_Reg_reg[30]/D (clocked by clk). Large setup violations at the end of those stages might be difficult to fix during the post-placement implementation flow and could be the result of non-optimal XDC constraints or non-optimal design architecture
Related violations: <none>

TIMING-16#438 Warning
Large setup violation  
There is a large setup violation of -4.106 ns between u_fcbrt_preprocess/start_P_reg/C (clocked by clk) and u_fcbrt_core/SM_Reg_reg[51]/D (clocked by clk). Large setup violations at the end of those stages might be difficult to fix during the post-placement implementation flow and could be the result of non-optimal XDC constraints or non-optimal design architecture
Related violations: <none>

TIMING-16#439 Warning
Large setup violation  
There is a large setup violation of -4.108 ns between u_fcbrt_core/S_Square_c_Reg_Prev_reg[2]/C (clocked by clk) and u_fcbrt_core/SM_Reg_reg[12]/D (clocked by clk). Large setup violations at the end of those stages might be difficult to fix during the post-placement implementation flow and could be the result of non-optimal XDC constraints or non-optimal design architecture
Related violations: <none>

TIMING-16#440 Warning
Large setup violation  
There is a large setup violation of -4.120 ns between u_fcbrt_core/S_Square_c_Reg_Prev_reg[2]/C (clocked by clk) and u_fcbrt_core/SM_Reg_reg[24]/D (clocked by clk). Large setup violations at the end of those stages might be difficult to fix during the post-placement implementation flow and could be the result of non-optimal XDC constraints or non-optimal design architecture
Related violations: <none>

TIMING-16#441 Warning
Large setup violation  
There is a large setup violation of -4.120 ns between u_fcbrt_core/S_Square_c_Reg_Prev_reg[2]/C (clocked by clk) and u_fcbrt_core/S_Reg_reg[4]/D (clocked by clk). Large setup violations at the end of those stages might be difficult to fix during the post-placement implementation flow and could be the result of non-optimal XDC constraints or non-optimal design architecture
Related violations: <none>

TIMING-16#442 Warning
Large setup violation  
There is a large setup violation of -4.127 ns between u_fcbrt_preprocess/start_P_reg/C (clocked by clk) and u_fcbrt_core/S_Reg_reg[53]/D (clocked by clk). Large setup violations at the end of those stages might be difficult to fix during the post-placement implementation flow and could be the result of non-optimal XDC constraints or non-optimal design architecture
Related violations: <none>

TIMING-16#443 Warning
Large setup violation  
There is a large setup violation of -4.135 ns between u_fcbrt_core/S_Square_c_Reg_Prev_reg[2]/C (clocked by clk) and u_fcbrt_core/S_Square_s_Reg_reg[2]/D (clocked by clk). Large setup violations at the end of those stages might be difficult to fix during the post-placement implementation flow and could be the result of non-optimal XDC constraints or non-optimal design architecture
Related violations: <none>

TIMING-16#444 Warning
Large setup violation  
There is a large setup violation of -4.139 ns between u_fcbrt_core/S_Square_c_Reg_Prev_reg[2]/C (clocked by clk) and u_fcbrt_core/SM_Reg_reg[15]/D (clocked by clk). Large setup violations at the end of those stages might be difficult to fix during the post-placement implementation flow and could be the result of non-optimal XDC constraints or non-optimal design architecture
Related violations: <none>

TIMING-16#445 Warning
Large setup violation  
There is a large setup violation of -4.139 ns between u_fcbrt_core/S_Square_c_Reg_Prev_reg[2]/C (clocked by clk) and u_fcbrt_core/S_Reg_reg[14]/D (clocked by clk). Large setup violations at the end of those stages might be difficult to fix during the post-placement implementation flow and could be the result of non-optimal XDC constraints or non-optimal design architecture
Related violations: <none>

TIMING-16#446 Warning
Large setup violation  
There is a large setup violation of -4.148 ns between u_fcbrt_core/S_Square_c_Reg_Prev_reg[2]/C (clocked by clk) and u_fcbrt_core/SM_Reg_reg[39]/D (clocked by clk). Large setup violations at the end of those stages might be difficult to fix during the post-placement implementation flow and could be the result of non-optimal XDC constraints or non-optimal design architecture
Related violations: <none>

TIMING-16#447 Warning
Large setup violation  
There is a large setup violation of -4.150 ns between u_fcbrt_core/S_Square_c_Reg_Prev_reg[2]/C (clocked by clk) and u_fcbrt_core/SM_Reg_reg[14]/D (clocked by clk). Large setup violations at the end of those stages might be difficult to fix during the post-placement implementation flow and could be the result of non-optimal XDC constraints or non-optimal design architecture
Related violations: <none>

TIMING-16#448 Warning
Large setup violation  
There is a large setup violation of -4.163 ns between u_fcbrt_core/S_Square_c_Reg_Prev_reg[2]/C (clocked by clk) and u_fcbrt_core/SM_Reg_reg[27]/D (clocked by clk). Large setup violations at the end of those stages might be difficult to fix during the post-placement implementation flow and could be the result of non-optimal XDC constraints or non-optimal design architecture
Related violations: <none>

TIMING-16#449 Warning
Large setup violation  
There is a large setup violation of -4.174 ns between u_fcbrt_core/S_Square_c_Reg_Prev_reg[2]/C (clocked by clk) and u_fcbrt_core/SM_Reg_reg[29]/D (clocked by clk). Large setup violations at the end of those stages might be difficult to fix during the post-placement implementation flow and could be the result of non-optimal XDC constraints or non-optimal design architecture
Related violations: <none>

TIMING-16#450 Warning
Large setup violation  
There is a large setup violation of -4.182 ns between u_fcbrt_core/S_Square_c_Reg_Prev_reg[2]/C (clocked by clk) and u_fcbrt_core/S_Square_c_Reg_reg[2]/D (clocked by clk). Large setup violations at the end of those stages might be difficult to fix during the post-placement implementation flow and could be the result of non-optimal XDC constraints or non-optimal design architecture
Related violations: <none>

TIMING-16#451 Warning
Large setup violation  
There is a large setup violation of -4.193 ns between u_fcbrt_core/S_Square_c_Reg_Prev_reg[2]/C (clocked by clk) and u_fcbrt_core/SM_Reg_reg[49]/D (clocked by clk). Large setup violations at the end of those stages might be difficult to fix during the post-placement implementation flow and could be the result of non-optimal XDC constraints or non-optimal design architecture
Related violations: <none>

TIMING-16#452 Warning
Large setup violation  
There is a large setup violation of -4.214 ns between u_fcbrt_core/S_Square_c_Reg_Prev_reg[2]/C (clocked by clk) and u_fcbrt_core/S_Reg_reg[42]/D (clocked by clk). Large setup violations at the end of those stages might be difficult to fix during the post-placement implementation flow and could be the result of non-optimal XDC constraints or non-optimal design architecture
Related violations: <none>

TIMING-16#453 Warning
Large setup violation  
There is a large setup violation of -4.215 ns between u_fcbrt_core/S_Square_c_Reg_Prev_reg[2]/C (clocked by clk) and u_fcbrt_core/SM_Reg_reg[33]/D (clocked by clk). Large setup violations at the end of those stages might be difficult to fix during the post-placement implementation flow and could be the result of non-optimal XDC constraints or non-optimal design architecture
Related violations: <none>

TIMING-16#454 Warning
Large setup violation  
There is a large setup violation of -4.224 ns between u_fcbrt_core/S_Square_c_Reg_Prev_reg[2]/C (clocked by clk) and u_fcbrt_core/SM_Reg_reg[5]/D (clocked by clk). Large setup violations at the end of those stages might be difficult to fix during the post-placement implementation flow and could be the result of non-optimal XDC constraints or non-optimal design architecture
Related violations: <none>

TIMING-16#455 Warning
Large setup violation  
There is a large setup violation of -4.228 ns between u_fcbrt_core/S_Square_c_Reg_Prev_reg[2]/C (clocked by clk) and u_fcbrt_core/SM_Reg_reg[35]/D (clocked by clk). Large setup violations at the end of those stages might be difficult to fix during the post-placement implementation flow and could be the result of non-optimal XDC constraints or non-optimal design architecture
Related violations: <none>

TIMING-16#456 Warning
Large setup violation  
There is a large setup violation of -4.232 ns between u_fcbrt_core/S_Square_c_Reg_Prev_reg[2]/C (clocked by clk) and u_fcbrt_core/S_Square_c_Reg_reg[3]/D (clocked by clk). Large setup violations at the end of those stages might be difficult to fix during the post-placement implementation flow and could be the result of non-optimal XDC constraints or non-optimal design architecture
Related violations: <none>

TIMING-16#457 Warning
Large setup violation  
There is a large setup violation of -4.254 ns between u_fcbrt_core/S_Square_c_Reg_Prev_reg[2]/C (clocked by clk) and u_fcbrt_core/SM_Reg_reg[37]/D (clocked by clk). Large setup violations at the end of those stages might be difficult to fix during the post-placement implementation flow and could be the result of non-optimal XDC constraints or non-optimal design architecture
Related violations: <none>

TIMING-16#458 Warning
Large setup violation  
There is a large setup violation of -4.257 ns between u_fcbrt_core/S_Square_c_Reg_Prev_reg[2]/C (clocked by clk) and u_fcbrt_core/SM_Reg_reg[31]/D (clocked by clk). Large setup violations at the end of those stages might be difficult to fix during the post-placement implementation flow and could be the result of non-optimal XDC constraints or non-optimal design architecture
Related violations: <none>

TIMING-16#459 Warning
Large setup violation  
There is a large setup violation of -4.268 ns between u_fcbrt_core/S_Square_c_Reg_Prev_reg[2]/C (clocked by clk) and u_fcbrt_core/S_Reg_reg[6]/D (clocked by clk). Large setup violations at the end of those stages might be difficult to fix during the post-placement implementation flow and could be the result of non-optimal XDC constraints or non-optimal design architecture
Related violations: <none>

TIMING-16#460 Warning
Large setup violation  
There is a large setup violation of -4.270 ns between u_fcbrt_core/S_Square_c_Reg_Prev_reg[2]/C (clocked by clk) and u_fcbrt_core/S_Reg_reg[38]/D (clocked by clk). Large setup violations at the end of those stages might be difficult to fix during the post-placement implementation flow and could be the result of non-optimal XDC constraints or non-optimal design architecture
Related violations: <none>

TIMING-16#461 Warning
Large setup violation  
There is a large setup violation of -4.287 ns between u_fcbrt_core/S_Square_c_Reg_Prev_reg[2]/C (clocked by clk) and u_fcbrt_core/SM_Reg_reg[4]/D (clocked by clk). Large setup violations at the end of those stages might be difficult to fix during the post-placement implementation flow and could be the result of non-optimal XDC constraints or non-optimal design architecture
Related violations: <none>

TIMING-16#462 Warning
Large setup violation  
There is a large setup violation of -4.291 ns between u_fcbrt_core/S_Square_c_Reg_Prev_reg[2]/C (clocked by clk) and u_fcbrt_core/S_Reg_reg[26]/D (clocked by clk). Large setup violations at the end of those stages might be difficult to fix during the post-placement implementation flow and could be the result of non-optimal XDC constraints or non-optimal design architecture
Related violations: <none>

TIMING-16#463 Warning
Large setup violation  
There is a large setup violation of -4.303 ns between u_fcbrt_core/S_Square_c_Reg_Prev_reg[2]/C (clocked by clk) and u_fcbrt_core/S_Square_c_Reg_reg[4]/D (clocked by clk). Large setup violations at the end of those stages might be difficult to fix during the post-placement implementation flow and could be the result of non-optimal XDC constraints or non-optimal design architecture
Related violations: <none>

TIMING-16#464 Warning
Large setup violation  
There is a large setup violation of -4.305 ns between u_fcbrt_core/S_Square_c_Reg_Prev_reg[2]/C (clocked by clk) and u_fcbrt_core/SM_Reg_reg[19]/D (clocked by clk). Large setup violations at the end of those stages might be difficult to fix during the post-placement implementation flow and could be the result of non-optimal XDC constraints or non-optimal design architecture
Related violations: <none>

TIMING-16#465 Warning
Large setup violation  
There is a large setup violation of -4.314 ns between u_fcbrt_preprocess/start_P_reg/C (clocked by clk) and u_fcbrt_core/S_Reg_reg[52]/D (clocked by clk). Large setup violations at the end of those stages might be difficult to fix during the post-placement implementation flow and could be the result of non-optimal XDC constraints or non-optimal design architecture
Related violations: <none>

TIMING-16#466 Warning
Large setup violation  
There is a large setup violation of -4.328 ns between u_fcbrt_core/S_Square_c_Reg_Prev_reg[2]/C (clocked by clk) and u_fcbrt_core/SM_Reg_reg[45]/D (clocked by clk). Large setup violations at the end of those stages might be difficult to fix during the post-placement implementation flow and could be the result of non-optimal XDC constraints or non-optimal design architecture
Related violations: <none>

TIMING-16#467 Warning
Large setup violation  
There is a large setup violation of -4.345 ns between u_fcbrt_core/S_Square_c_Reg_Prev_reg[2]/C (clocked by clk) and u_fcbrt_core/SM_Reg_reg[18]/D (clocked by clk). Large setup violations at the end of those stages might be difficult to fix during the post-placement implementation flow and could be the result of non-optimal XDC constraints or non-optimal design architecture
Related violations: <none>

TIMING-16#468 Warning
Large setup violation  
There is a large setup violation of -4.363 ns between u_fcbrt_core/S_Square_c_Reg_Prev_reg[2]/C (clocked by clk) and u_fcbrt_core/S_Reg_reg[30]/D (clocked by clk). Large setup violations at the end of those stages might be difficult to fix during the post-placement implementation flow and could be the result of non-optimal XDC constraints or non-optimal design architecture
Related violations: <none>

TIMING-16#469 Warning
Large setup violation  
There is a large setup violation of -4.387 ns between u_fcbrt_core/S_Square_c_Reg_Prev_reg[2]/C (clocked by clk) and u_fcbrt_core/S_Reg_reg[24]/D (clocked by clk). Large setup violations at the end of those stages might be difficult to fix during the post-placement implementation flow and could be the result of non-optimal XDC constraints or non-optimal design architecture
Related violations: <none>

TIMING-16#470 Warning
Large setup violation  
There is a large setup violation of -4.388 ns between u_fcbrt_core/S_Square_c_Reg_Prev_reg[2]/C (clocked by clk) and u_fcbrt_core/SM_Reg_reg[21]/D (clocked by clk). Large setup violations at the end of those stages might be difficult to fix during the post-placement implementation flow and could be the result of non-optimal XDC constraints or non-optimal design architecture
Related violations: <none>

TIMING-16#471 Warning
Large setup violation  
There is a large setup violation of -4.415 ns between u_fcbrt_core/S_Square_c_Reg_Prev_reg[2]/C (clocked by clk) and u_fcbrt_core/SM_Reg_reg[47]/D (clocked by clk). Large setup violations at the end of those stages might be difficult to fix during the post-placement implementation flow and could be the result of non-optimal XDC constraints or non-optimal design architecture
Related violations: <none>

TIMING-16#472 Warning
Large setup violation  
There is a large setup violation of -4.454 ns between u_fcbrt_core/S_Square_c_Reg_Prev_reg[2]/C (clocked by clk) and u_fcbrt_core/S_Reg_reg[22]/D (clocked by clk). Large setup violations at the end of those stages might be difficult to fix during the post-placement implementation flow and could be the result of non-optimal XDC constraints or non-optimal design architecture
Related violations: <none>

TIMING-16#473 Warning
Large setup violation  
There is a large setup violation of -4.458 ns between u_fcbrt_core/S_Square_c_Reg_Prev_reg[2]/C (clocked by clk) and u_fcbrt_core/SM_Reg_reg[43]/D (clocked by clk). Large setup violations at the end of those stages might be difficult to fix during the post-placement implementation flow and could be the result of non-optimal XDC constraints or non-optimal design architecture
Related violations: <none>

TIMING-16#474 Warning
Large setup violation  
There is a large setup violation of -4.462 ns between u_fcbrt_preprocess/start_P_reg/C (clocked by clk) and u_fcbrt_core/SM_Reg_reg[52]/D (clocked by clk). Large setup violations at the end of those stages might be difficult to fix during the post-placement implementation flow and could be the result of non-optimal XDC constraints or non-optimal design architecture
Related violations: <none>

TIMING-16#475 Warning
Large setup violation  
There is a large setup violation of -4.469 ns between u_fcbrt_core/S_Square_c_Reg_Prev_reg[2]/C (clocked by clk) and u_fcbrt_core/SM_Reg_reg[17]/D (clocked by clk). Large setup violations at the end of those stages might be difficult to fix during the post-placement implementation flow and could be the result of non-optimal XDC constraints or non-optimal design architecture
Related violations: <none>

TIMING-16#476 Warning
Large setup violation  
There is a large setup violation of -4.473 ns between u_fcbrt_core/S_Square_c_Reg_Prev_reg[2]/C (clocked by clk) and u_fcbrt_core/SM_Reg_reg[32]/D (clocked by clk). Large setup violations at the end of those stages might be difficult to fix during the post-placement implementation flow and could be the result of non-optimal XDC constraints or non-optimal design architecture
Related violations: <none>

TIMING-16#477 Warning
Large setup violation  
There is a large setup violation of -4.478 ns between u_fcbrt_core/S_Square_c_Reg_Prev_reg[2]/C (clocked by clk) and u_fcbrt_core/S_Reg_reg[20]/D (clocked by clk). Large setup violations at the end of those stages might be difficult to fix during the post-placement implementation flow and could be the result of non-optimal XDC constraints or non-optimal design architecture
Related violations: <none>

TIMING-16#478 Warning
Large setup violation  
There is a large setup violation of -4.502 ns between u_fcbrt_preprocess/start_P_reg/C (clocked by clk) and u_fcbrt_core/S_Reg_reg[54]/D (clocked by clk). Large setup violations at the end of those stages might be difficult to fix during the post-placement implementation flow and could be the result of non-optimal XDC constraints or non-optimal design architecture
Related violations: <none>

TIMING-16#479 Warning
Large setup violation  
There is a large setup violation of -4.512 ns between u_fcbrt_core/S_Square_c_Reg_Prev_reg[2]/C (clocked by clk) and u_fcbrt_core/SM_Reg_reg[40]/D (clocked by clk). Large setup violations at the end of those stages might be difficult to fix during the post-placement implementation flow and could be the result of non-optimal XDC constraints or non-optimal design architecture
Related violations: <none>

TIMING-16#480 Warning
Large setup violation  
There is a large setup violation of -4.542 ns between u_fcbrt_core/S_Square_c_Reg_Prev_reg[2]/C (clocked by clk) and u_fcbrt_core/S_Square_c_Reg_reg[5]/D (clocked by clk). Large setup violations at the end of those stages might be difficult to fix during the post-placement implementation flow and could be the result of non-optimal XDC constraints or non-optimal design architecture
Related violations: <none>

TIMING-16#481 Warning
Large setup violation  
There is a large setup violation of -4.565 ns between u_fcbrt_core/S_Square_c_Reg_Prev_reg[2]/C (clocked by clk) and u_fcbrt_core/SM_Reg_reg[41]/D (clocked by clk). Large setup violations at the end of those stages might be difficult to fix during the post-placement implementation flow and could be the result of non-optimal XDC constraints or non-optimal design architecture
Related violations: <none>

TIMING-16#482 Warning
Large setup violation  
There is a large setup violation of -4.575 ns between u_fcbrt_core/S_Square_c_Reg_Prev_reg[2]/C (clocked by clk) and u_fcbrt_core/SM_Reg_reg[42]/D (clocked by clk). Large setup violations at the end of those stages might be difficult to fix during the post-placement implementation flow and could be the result of non-optimal XDC constraints or non-optimal design architecture
Related violations: <none>

TIMING-16#483 Warning
Large setup violation  
There is a large setup violation of -4.616 ns between u_fcbrt_core/S_Square_c_Reg_Prev_reg[2]/C (clocked by clk) and u_fcbrt_core/S_Square_c_Reg_reg[99]/D (clocked by clk). Large setup violations at the end of those stages might be difficult to fix during the post-placement implementation flow and could be the result of non-optimal XDC constraints or non-optimal design architecture
Related violations: <none>

TIMING-16#484 Warning
Large setup violation  
There is a large setup violation of -4.626 ns between u_fcbrt_core/S_Square_c_Reg_Prev_reg[2]/C (clocked by clk) and u_fcbrt_core/SM_Reg_reg[44]/D (clocked by clk). Large setup violations at the end of those stages might be difficult to fix during the post-placement implementation flow and could be the result of non-optimal XDC constraints or non-optimal design architecture
Related violations: <none>

TIMING-16#485 Warning
Large setup violation  
There is a large setup violation of -4.638 ns between u_fcbrt_core/S_Square_c_Reg_Prev_reg[2]/C (clocked by clk) and u_fcbrt_core/SM_Reg_reg[38]/D (clocked by clk). Large setup violations at the end of those stages might be difficult to fix during the post-placement implementation flow and could be the result of non-optimal XDC constraints or non-optimal design architecture
Related violations: <none>

TIMING-16#486 Warning
Large setup violation  
There is a large setup violation of -4.642 ns between u_fcbrt_core/S_Square_c_Reg_Prev_reg[2]/C (clocked by clk) and u_fcbrt_core/SM_Reg_reg[23]/D (clocked by clk). Large setup violations at the end of those stages might be difficult to fix during the post-placement implementation flow and could be the result of non-optimal XDC constraints or non-optimal design architecture
Related violations: <none>

TIMING-16#487 Warning
Large setup violation  
There is a large setup violation of -4.658 ns between u_fcbrt_core/S_Square_c_Reg_Prev_reg[2]/C (clocked by clk) and u_fcbrt_core/SM_Reg_reg[25]/D (clocked by clk). Large setup violations at the end of those stages might be difficult to fix during the post-placement implementation flow and could be the result of non-optimal XDC constraints or non-optimal design architecture
Related violations: <none>

TIMING-16#488 Warning
Large setup violation  
There is a large setup violation of -4.660 ns between u_fcbrt_preprocess/start_P_reg/C (clocked by clk) and u_fcbrt_core/SM_Reg_reg[54]/D (clocked by clk). Large setup violations at the end of those stages might be difficult to fix during the post-placement implementation flow and could be the result of non-optimal XDC constraints or non-optimal design architecture
Related violations: <none>

TIMING-16#489 Warning
Large setup violation  
There is a large setup violation of -4.688 ns between u_fcbrt_core/S_Square_c_Reg_Prev_reg[2]/C (clocked by clk) and u_fcbrt_core/S_Square_s_Reg_reg[4]/D (clocked by clk). Large setup violations at the end of those stages might be difficult to fix during the post-placement implementation flow and could be the result of non-optimal XDC constraints or non-optimal design architecture
Related violations: <none>

TIMING-16#490 Warning
Large setup violation  
There is a large setup violation of -4.702 ns between u_fcbrt_preprocess/start_P_reg/C (clocked by clk) and u_fcbrt_core/S_Square_s_Reg_reg[112]/D (clocked by clk). Large setup violations at the end of those stages might be difficult to fix during the post-placement implementation flow and could be the result of non-optimal XDC constraints or non-optimal design architecture
Related violations: <none>

TIMING-16#491 Warning
Large setup violation  
There is a large setup violation of -4.711 ns between u_fcbrt_preprocess/start_P_reg/C (clocked by clk) and u_fcbrt_core/SM_Reg_reg[53]/D (clocked by clk). Large setup violations at the end of those stages might be difficult to fix during the post-placement implementation flow and could be the result of non-optimal XDC constraints or non-optimal design architecture
Related violations: <none>

TIMING-16#492 Warning
Large setup violation  
There is a large setup violation of -4.726 ns between u_fcbrt_preprocess/start_P_reg/C (clocked by clk) and u_fcbrt_core/S_Reg_reg[55]/D (clocked by clk). Large setup violations at the end of those stages might be difficult to fix during the post-placement implementation flow and could be the result of non-optimal XDC constraints or non-optimal design architecture
Related violations: <none>

TIMING-16#493 Warning
Large setup violation  
There is a large setup violation of -4.731 ns between u_fcbrt_core/S_Square_c_Reg_Prev_reg[2]/C (clocked by clk) and u_fcbrt_core/S_Reg_reg[18]/D (clocked by clk). Large setup violations at the end of those stages might be difficult to fix during the post-placement implementation flow and could be the result of non-optimal XDC constraints or non-optimal design architecture
Related violations: <none>

TIMING-16#494 Warning
Large setup violation  
There is a large setup violation of -4.747 ns between u_fcbrt_core/S_Square_c_Reg_Prev_reg[2]/C (clocked by clk) and u_fcbrt_core/SM_Reg_reg[46]/D (clocked by clk). Large setup violations at the end of those stages might be difficult to fix during the post-placement implementation flow and could be the result of non-optimal XDC constraints or non-optimal design architecture
Related violations: <none>

TIMING-16#495 Warning
Large setup violation  
There is a large setup violation of -4.753 ns between u_fcbrt_core/S_Square_c_Reg_Prev_reg[2]/C (clocked by clk) and u_fcbrt_core/S_Square_s_Reg_reg[1]/D (clocked by clk). Large setup violations at the end of those stages might be difficult to fix during the post-placement implementation flow and could be the result of non-optimal XDC constraints or non-optimal design architecture
Related violations: <none>

TIMING-16#496 Warning
Large setup violation  
There is a large setup violation of -4.775 ns between u_fcbrt_core/S_Square_c_Reg_Prev_reg[2]/C (clocked by clk) and u_fcbrt_core/S_Square_s_Reg_reg[3]/D (clocked by clk). Large setup violations at the end of those stages might be difficult to fix during the post-placement implementation flow and could be the result of non-optimal XDC constraints or non-optimal design architecture
Related violations: <none>

TIMING-16#497 Warning
Large setup violation  
There is a large setup violation of -4.789 ns between u_fcbrt_core/S_Square_c_Reg_Prev_reg[2]/C (clocked by clk) and u_fcbrt_core/SM_Reg_reg[34]/D (clocked by clk). Large setup violations at the end of those stages might be difficult to fix during the post-placement implementation flow and could be the result of non-optimal XDC constraints or non-optimal design architecture
Related violations: <none>

TIMING-16#498 Warning
Large setup violation  
There is a large setup violation of -4.825 ns between u_fcbrt_preprocess/start_P_reg/C (clocked by clk) and u_fcbrt_core/SM_Reg_reg[56]/D (clocked by clk). Large setup violations at the end of those stages might be difficult to fix during the post-placement implementation flow and could be the result of non-optimal XDC constraints or non-optimal design architecture
Related violations: <none>

TIMING-16#499 Warning
Large setup violation  
There is a large setup violation of -4.836 ns between u_fcbrt_core/S_Square_c_Reg_Prev_reg[2]/C (clocked by clk) and u_fcbrt_core/SM_Reg_reg[36]/D (clocked by clk). Large setup violations at the end of those stages might be difficult to fix during the post-placement implementation flow and could be the result of non-optimal XDC constraints or non-optimal design architecture
Related violations: <none>

TIMING-16#500 Warning
Large setup violation  
There is a large setup violation of -4.895 ns between u_fcbrt_core/S_Square_c_Reg_Prev_reg[2]/C (clocked by clk) and u_fcbrt_core/S_Square_c_Reg_reg[6]/D (clocked by clk). Large setup violations at the end of those stages might be difficult to fix during the post-placement implementation flow and could be the result of non-optimal XDC constraints or non-optimal design architecture
Related violations: <none>

TIMING-16#501 Warning
Large setup violation  
There is a large setup violation of -4.899 ns between u_fcbrt_core/S_Square_c_Reg_Prev_reg[2]/C (clocked by clk) and u_fcbrt_core/S_Square_c_Reg_reg[12]/D (clocked by clk). Large setup violations at the end of those stages might be difficult to fix during the post-placement implementation flow and could be the result of non-optimal XDC constraints or non-optimal design architecture
Related violations: <none>

TIMING-16#502 Warning
Large setup violation  
There is a large setup violation of -4.900 ns between u_fcbrt_preprocess/start_P_reg/C (clocked by clk) and u_fcbrt_core/S_Reg_reg[56]/D (clocked by clk). Large setup violations at the end of those stages might be difficult to fix during the post-placement implementation flow and could be the result of non-optimal XDC constraints or non-optimal design architecture
Related violations: <none>

TIMING-16#503 Warning
Large setup violation  
There is a large setup violation of -4.905 ns between u_fcbrt_core/S_Square_c_Reg_Prev_reg[2]/C (clocked by clk) and u_fcbrt_core/S_Square_s_Reg_reg[76]/D (clocked by clk). Large setup violations at the end of those stages might be difficult to fix during the post-placement implementation flow and could be the result of non-optimal XDC constraints or non-optimal design architecture
Related violations: <none>

TIMING-16#504 Warning
Large setup violation  
There is a large setup violation of -4.907 ns between u_fcbrt_preprocess/start_P_reg/C (clocked by clk) and u_fcbrt_core/SM_Reg_reg[55]/D (clocked by clk). Large setup violations at the end of those stages might be difficult to fix during the post-placement implementation flow and could be the result of non-optimal XDC constraints or non-optimal design architecture
Related violations: <none>

TIMING-16#505 Warning
Large setup violation  
There is a large setup violation of -4.921 ns between u_fcbrt_core/S_Square_c_Reg_Prev_reg[2]/C (clocked by clk) and u_fcbrt_core/S_Square_s_Reg_reg[100]/D (clocked by clk). Large setup violations at the end of those stages might be difficult to fix during the post-placement implementation flow and could be the result of non-optimal XDC constraints or non-optimal design architecture
Related violations: <none>

TIMING-16#506 Warning
Large setup violation  
There is a large setup violation of -4.960 ns between u_fcbrt_core/S_Square_c_Reg_Prev_reg[2]/C (clocked by clk) and u_fcbrt_core/S_Square_c_Reg_reg[106]/D (clocked by clk). Large setup violations at the end of those stages might be difficult to fix during the post-placement implementation flow and could be the result of non-optimal XDC constraints or non-optimal design architecture
Related violations: <none>

TIMING-16#507 Warning
Large setup violation  
There is a large setup violation of -4.961 ns between u_fcbrt_core/S_Square_c_Reg_Prev_reg[2]/C (clocked by clk) and u_fcbrt_postprocess/fcbrt_result_Reg_reg[48]/D (clocked by clk). Large setup violations at the end of those stages might be difficult to fix during the post-placement implementation flow and could be the result of non-optimal XDC constraints or non-optimal design architecture
Related violations: <none>

TIMING-16#508 Warning
Large setup violation  
There is a large setup violation of -4.974 ns between u_fcbrt_preprocess/start_P_reg/C (clocked by clk) and u_fcbrt_core/S_Square_s_Reg_reg[101]/D (clocked by clk). Large setup violations at the end of those stages might be difficult to fix during the post-placement implementation flow and could be the result of non-optimal XDC constraints or non-optimal design architecture
Related violations: <none>

TIMING-16#509 Warning
Large setup violation  
There is a large setup violation of -4.980 ns between u_fcbrt_core/S_Square_c_Reg_Prev_reg[2]/C (clocked by clk) and u_fcbrt_core/Residual_s_Reg_reg[2]/D (clocked by clk). Large setup violations at the end of those stages might be difficult to fix during the post-placement implementation flow and could be the result of non-optimal XDC constraints or non-optimal design architecture
Related violations: <none>

TIMING-16#510 Warning
Large setup violation  
There is a large setup violation of -4.982 ns between u_fcbrt_core/S_Square_c_Reg_Prev_reg[2]/C (clocked by clk) and u_fcbrt_core/S_Square_c_Reg_reg[77]/D (clocked by clk). Large setup violations at the end of those stages might be difficult to fix during the post-placement implementation flow and could be the result of non-optimal XDC constraints or non-optimal design architecture
Related violations: <none>

TIMING-16#511 Warning
Large setup violation  
There is a large setup violation of -4.992 ns between u_fcbrt_core/S_Square_c_Reg_Prev_reg[2]/C (clocked by clk) and u_fcbrt_core/S_Square_c_Reg_reg[13]/D (clocked by clk). Large setup violations at the end of those stages might be difficult to fix during the post-placement implementation flow and could be the result of non-optimal XDC constraints or non-optimal design architecture
Related violations: <none>

TIMING-16#512 Warning
Large setup violation  
There is a large setup violation of -4.992 ns between u_fcbrt_core/S_Square_c_Reg_Prev_reg[2]/C (clocked by clk) and u_fcbrt_postprocess/fcbrt_result_Reg_reg[45]/D (clocked by clk). Large setup violations at the end of those stages might be difficult to fix during the post-placement implementation flow and could be the result of non-optimal XDC constraints or non-optimal design architecture
Related violations: <none>

TIMING-16#513 Warning
Large setup violation  
There is a large setup violation of -4.992 ns between u_fcbrt_core/S_Square_c_Reg_Prev_reg[2]/C (clocked by clk) and u_fcbrt_postprocess/fcbrt_result_Reg_reg[46]/D (clocked by clk). Large setup violations at the end of those stages might be difficult to fix during the post-placement implementation flow and could be the result of non-optimal XDC constraints or non-optimal design architecture
Related violations: <none>

TIMING-16#514 Warning
Large setup violation  
There is a large setup violation of -5.007 ns between u_fcbrt_core/S_Square_c_Reg_Prev_reg[2]/C (clocked by clk) and u_fcbrt_core/S_Square_s_Reg_reg[94]/D (clocked by clk). Large setup violations at the end of those stages might be difficult to fix during the post-placement implementation flow and could be the result of non-optimal XDC constraints or non-optimal design architecture
Related violations: <none>

TIMING-16#515 Warning
Large setup violation  
There is a large setup violation of -5.008 ns between u_fcbrt_core/S_Square_c_Reg_Prev_reg[2]/C (clocked by clk) and u_fcbrt_postprocess/fcbrt_result_Reg_reg[51]/D (clocked by clk). Large setup violations at the end of those stages might be difficult to fix during the post-placement implementation flow and could be the result of non-optimal XDC constraints or non-optimal design architecture
Related violations: <none>

TIMING-16#516 Warning
Large setup violation  
There is a large setup violation of -5.010 ns between u_fcbrt_core/S_Square_c_Reg_Prev_reg[2]/C (clocked by clk) and u_fcbrt_postprocess/fcbrt_result_Reg_reg[50]/D (clocked by clk). Large setup violations at the end of those stages might be difficult to fix during the post-placement implementation flow and could be the result of non-optimal XDC constraints or non-optimal design architecture
Related violations: <none>

TIMING-16#517 Warning
Large setup violation  
There is a large setup violation of -5.010 ns between u_fcbrt_preprocess/start_P_reg/C (clocked by clk) and u_fcbrt_core/S_Square_s_Reg_reg[111]/D (clocked by clk). Large setup violations at the end of those stages might be difficult to fix during the post-placement implementation flow and could be the result of non-optimal XDC constraints or non-optimal design architecture
Related violations: <none>

TIMING-16#518 Warning
Large setup violation  
There is a large setup violation of -5.010 ns between u_fcbrt_preprocess/start_P_reg/C (clocked by clk) and u_fcbrt_core/S_Square_s_Reg_reg[98]/D (clocked by clk). Large setup violations at the end of those stages might be difficult to fix during the post-placement implementation flow and could be the result of non-optimal XDC constraints or non-optimal design architecture
Related violations: <none>

TIMING-16#519 Warning
Large setup violation  
There is a large setup violation of -5.016 ns between u_fcbrt_preprocess/start_P_reg/C (clocked by clk) and u_fcbrt_core/S_Square_s_Reg_reg[110]/D (clocked by clk). Large setup violations at the end of those stages might be difficult to fix during the post-placement implementation flow and could be the result of non-optimal XDC constraints or non-optimal design architecture
Related violations: <none>

TIMING-16#520 Warning
Large setup violation  
There is a large setup violation of -5.020 ns between u_fcbrt_core/S_Square_c_Reg_Prev_reg[2]/C (clocked by clk) and u_fcbrt_core/S_Square_c_Reg_reg[100]/D (clocked by clk). Large setup violations at the end of those stages might be difficult to fix during the post-placement implementation flow and could be the result of non-optimal XDC constraints or non-optimal design architecture
Related violations: <none>

TIMING-16#521 Warning
Large setup violation  
There is a large setup violation of -5.030 ns between u_fcbrt_core/S_Square_c_Reg_Prev_reg[2]/C (clocked by clk) and u_fcbrt_postprocess/fcbrt_result_Reg_reg[47]/D (clocked by clk). Large setup violations at the end of those stages might be difficult to fix during the post-placement implementation flow and could be the result of non-optimal XDC constraints or non-optimal design architecture
Related violations: <none>

TIMING-16#522 Warning
Large setup violation  
There is a large setup violation of -5.037 ns between u_fcbrt_core/S_Square_c_Reg_Prev_reg[2]/C (clocked by clk) and u_fcbrt_core/S_Square_c_Reg_reg[102]/D (clocked by clk). Large setup violations at the end of those stages might be difficult to fix during the post-placement implementation flow and could be the result of non-optimal XDC constraints or non-optimal design architecture
Related violations: <none>

TIMING-16#523 Warning
Large setup violation  
There is a large setup violation of -5.048 ns between u_fcbrt_core/S_Square_c_Reg_Prev_reg[2]/C (clocked by clk) and u_fcbrt_postprocess/fcbrt_result_Reg_reg[49]/D (clocked by clk). Large setup violations at the end of those stages might be difficult to fix during the post-placement implementation flow and could be the result of non-optimal XDC constraints or non-optimal design architecture
Related violations: <none>

TIMING-16#524 Warning
Large setup violation  
There is a large setup violation of -5.049 ns between u_fcbrt_core/S_Square_c_Reg_Prev_reg[2]/C (clocked by clk) and u_fcbrt_core/S_Square_s_Reg_reg[92]/D (clocked by clk). Large setup violations at the end of those stages might be difficult to fix during the post-placement implementation flow and could be the result of non-optimal XDC constraints or non-optimal design architecture
Related violations: <none>

TIMING-16#525 Warning
Large setup violation  
There is a large setup violation of -5.065 ns between u_fcbrt_preprocess/start_P_reg/C (clocked by clk) and u_fcbrt_core/S_Square_s_Reg_reg[107]/D (clocked by clk). Large setup violations at the end of those stages might be difficult to fix during the post-placement implementation flow and could be the result of non-optimal XDC constraints or non-optimal design architecture
Related violations: <none>

TIMING-16#526 Warning
Large setup violation  
There is a large setup violation of -5.069 ns between u_fcbrt_core/S_Square_c_Reg_Prev_reg[2]/C (clocked by clk) and u_fcbrt_core/Residual_c_Reg_reg[3]/D (clocked by clk). Large setup violations at the end of those stages might be difficult to fix during the post-placement implementation flow and could be the result of non-optimal XDC constraints or non-optimal design architecture
Related violations: <none>

TIMING-16#527 Warning
Large setup violation  
There is a large setup violation of -5.070 ns between u_fcbrt_core/S_Square_c_Reg_Prev_reg[2]/C (clocked by clk) and u_fcbrt_core/S_Square_c_Reg_reg[20]/D (clocked by clk). Large setup violations at the end of those stages might be difficult to fix during the post-placement implementation flow and could be the result of non-optimal XDC constraints or non-optimal design architecture
Related violations: <none>

TIMING-16#528 Warning
Large setup violation  
There is a large setup violation of -5.070 ns between u_fcbrt_core/S_Square_c_Reg_Prev_reg[2]/C (clocked by clk) and u_fcbrt_postprocess/fcbrt_result_Reg_reg[43]/D (clocked by clk). Large setup violations at the end of those stages might be difficult to fix during the post-placement implementation flow and could be the result of non-optimal XDC constraints or non-optimal design architecture
Related violations: <none>

TIMING-16#529 Warning
Large setup violation  
There is a large setup violation of -5.070 ns between u_fcbrt_core/S_Square_c_Reg_Prev_reg[2]/C (clocked by clk) and u_fcbrt_postprocess/fcbrt_result_Reg_reg[44]/D (clocked by clk). Large setup violations at the end of those stages might be difficult to fix during the post-placement implementation flow and could be the result of non-optimal XDC constraints or non-optimal design architecture
Related violations: <none>

TIMING-16#530 Warning
Large setup violation  
There is a large setup violation of -5.072 ns between u_fcbrt_core/S_Square_c_Reg_Prev_reg[2]/C (clocked by clk) and u_fcbrt_core/S_Square_s_Reg_reg[12]/D (clocked by clk). Large setup violations at the end of those stages might be difficult to fix during the post-placement implementation flow and could be the result of non-optimal XDC constraints or non-optimal design architecture
Related violations: <none>

TIMING-16#531 Warning
Large setup violation  
There is a large setup violation of -5.087 ns between u_fcbrt_core/S_Square_c_Reg_Prev_reg[2]/C (clocked by clk) and u_fcbrt_core/S_Square_c_Reg_reg[10]/D (clocked by clk). Large setup violations at the end of those stages might be difficult to fix during the post-placement implementation flow and could be the result of non-optimal XDC constraints or non-optimal design architecture
Related violations: <none>

TIMING-16#532 Warning
Large setup violation  
There is a large setup violation of -5.089 ns between u_fcbrt_core/S_Square_c_Reg_Prev_reg[2]/C (clocked by clk) and u_fcbrt_core/S_Square_c_Reg_reg[93]/D (clocked by clk). Large setup violations at the end of those stages might be difficult to fix during the post-placement implementation flow and could be the result of non-optimal XDC constraints or non-optimal design architecture
Related violations: <none>

TIMING-16#533 Warning
Large setup violation  
There is a large setup violation of -5.110 ns between u_fcbrt_core/S_Square_c_Reg_Prev_reg[2]/C (clocked by clk) and u_fcbrt_postprocess/fcbrt_result_Reg_reg[39]/D (clocked by clk). Large setup violations at the end of those stages might be difficult to fix during the post-placement implementation flow and could be the result of non-optimal XDC constraints or non-optimal design architecture
Related violations: <none>

TIMING-16#534 Warning
Large setup violation  
There is a large setup violation of -5.110 ns between u_fcbrt_core/S_Square_c_Reg_Prev_reg[2]/C (clocked by clk) and u_fcbrt_postprocess/fcbrt_result_Reg_reg[40]/D (clocked by clk). Large setup violations at the end of those stages might be difficult to fix during the post-placement implementation flow and could be the result of non-optimal XDC constraints or non-optimal design architecture
Related violations: <none>

TIMING-16#535 Warning
Large setup violation  
There is a large setup violation of -5.110 ns between u_fcbrt_core/S_Square_c_Reg_Prev_reg[2]/C (clocked by clk) and u_fcbrt_postprocess/fcbrt_result_Reg_reg[42]/D (clocked by clk). Large setup violations at the end of those stages might be difficult to fix during the post-placement implementation flow and could be the result of non-optimal XDC constraints or non-optimal design architecture
Related violations: <none>

TIMING-16#536 Warning
Large setup violation  
There is a large setup violation of -5.116 ns between u_fcbrt_core/S_Square_c_Reg_Prev_reg[2]/C (clocked by clk) and u_fcbrt_core/S_Square_s_Reg_reg[8]/D (clocked by clk). Large setup violations at the end of those stages might be difficult to fix during the post-placement implementation flow and could be the result of non-optimal XDC constraints or non-optimal design architecture
Related violations: <none>

TIMING-16#537 Warning
Large setup violation  
There is a large setup violation of -5.118 ns between u_fcbrt_core/S_Square_c_Reg_Prev_reg[2]/C (clocked by clk) and u_fcbrt_postprocess/fcbrt_result_Reg_reg[37]/D (clocked by clk). Large setup violations at the end of those stages might be difficult to fix during the post-placement implementation flow and could be the result of non-optimal XDC constraints or non-optimal design architecture
Related violations: <none>

TIMING-16#538 Warning
Large setup violation  
There is a large setup violation of -5.121 ns between u_fcbrt_core/S_Square_c_Reg_Prev_reg[2]/C (clocked by clk) and u_fcbrt_postprocess/fcbrt_result_Reg_reg[38]/D (clocked by clk). Large setup violations at the end of those stages might be difficult to fix during the post-placement implementation flow and could be the result of non-optimal XDC constraints or non-optimal design architecture
Related violations: <none>

TIMING-16#539 Warning
Large setup violation  
There is a large setup violation of -5.123 ns between u_fcbrt_core/S_Square_c_Reg_Prev_reg[2]/C (clocked by clk) and u_fcbrt_postprocess/fcbrt_result_Reg_reg[19]/D (clocked by clk). Large setup violations at the end of those stages might be difficult to fix during the post-placement implementation flow and could be the result of non-optimal XDC constraints or non-optimal design architecture
Related violations: <none>

TIMING-16#540 Warning
Large setup violation  
There is a large setup violation of -5.126 ns between u_fcbrt_preprocess/start_P_reg/C (clocked by clk) and u_fcbrt_core/S_Square_s_Reg_reg[108]/D (clocked by clk). Large setup violations at the end of those stages might be difficult to fix during the post-placement implementation flow and could be the result of non-optimal XDC constraints or non-optimal design architecture
Related violations: <none>

TIMING-16#541 Warning
Large setup violation  
There is a large setup violation of -5.128 ns between u_fcbrt_core/S_Square_c_Reg_Prev_reg[2]/C (clocked by clk) and u_fcbrt_core/S_Square_c_Reg_reg[18]/D (clocked by clk). Large setup violations at the end of those stages might be difficult to fix during the post-placement implementation flow and could be the result of non-optimal XDC constraints or non-optimal design architecture
Related violations: <none>

TIMING-16#542 Warning
Large setup violation  
There is a large setup violation of -5.128 ns between u_fcbrt_core/S_Square_c_Reg_Prev_reg[2]/C (clocked by clk) and u_fcbrt_postprocess/fcbrt_result_Reg_reg[17]/D (clocked by clk). Large setup violations at the end of those stages might be difficult to fix during the post-placement implementation flow and could be the result of non-optimal XDC constraints or non-optimal design architecture
Related violations: <none>

TIMING-16#543 Warning
Large setup violation  
There is a large setup violation of -5.128 ns between u_fcbrt_core/S_Square_c_Reg_Prev_reg[2]/C (clocked by clk) and u_fcbrt_postprocess/fcbrt_result_Reg_reg[18]/D (clocked by clk). Large setup violations at the end of those stages might be difficult to fix during the post-placement implementation flow and could be the result of non-optimal XDC constraints or non-optimal design architecture
Related violations: <none>

TIMING-16#544 Warning
Large setup violation  
There is a large setup violation of -5.131 ns between u_fcbrt_core/S_Square_c_Reg_Prev_reg[2]/C (clocked by clk) and u_fcbrt_core/S_Square_c_Reg_reg[103]/D (clocked by clk). Large setup violations at the end of those stages might be difficult to fix during the post-placement implementation flow and could be the result of non-optimal XDC constraints or non-optimal design architecture
Related violations: <none>

TIMING-16#545 Warning
Large setup violation  
There is a large setup violation of -5.136 ns between u_fcbrt_core/S_Square_c_Reg_Prev_reg[2]/C (clocked by clk) and u_fcbrt_core/S_Square_c_Reg_reg[89]/D (clocked by clk). Large setup violations at the end of those stages might be difficult to fix during the post-placement implementation flow and could be the result of non-optimal XDC constraints or non-optimal design architecture
Related violations: <none>

TIMING-16#546 Warning
Large setup violation  
There is a large setup violation of -5.143 ns between u_fcbrt_core/S_Square_c_Reg_Prev_reg[2]/C (clocked by clk) and u_fcbrt_core/S_Square_c_Reg_reg[9]/D (clocked by clk). Large setup violations at the end of those stages might be difficult to fix during the post-placement implementation flow and could be the result of non-optimal XDC constraints or non-optimal design architecture
Related violations: <none>

TIMING-16#547 Warning
Large setup violation  
There is a large setup violation of -5.146 ns between u_fcbrt_core/S_Square_c_Reg_Prev_reg[2]/C (clocked by clk) and u_fcbrt_core/S_Square_s_Reg_reg[99]/D (clocked by clk). Large setup violations at the end of those stages might be difficult to fix during the post-placement implementation flow and could be the result of non-optimal XDC constraints or non-optimal design architecture
Related violations: <none>

TIMING-16#548 Warning
Large setup violation  
There is a large setup violation of -5.148 ns between u_fcbrt_core/S_Square_c_Reg_Prev_reg[2]/C (clocked by clk) and u_fcbrt_postprocess/fcbrt_result_Reg_reg[41]/D (clocked by clk). Large setup violations at the end of those stages might be difficult to fix during the post-placement implementation flow and could be the result of non-optimal XDC constraints or non-optimal design architecture
Related violations: <none>

TIMING-16#549 Warning
Large setup violation  
There is a large setup violation of -5.150 ns between u_fcbrt_core/S_Square_c_Reg_Prev_reg[2]/C (clocked by clk) and u_fcbrt_core/S_Square_s_Reg_reg[90]/D (clocked by clk). Large setup violations at the end of those stages might be difficult to fix during the post-placement implementation flow and could be the result of non-optimal XDC constraints or non-optimal design architecture
Related violations: <none>

TIMING-16#550 Warning
Large setup violation  
There is a large setup violation of -5.156 ns between u_fcbrt_preprocess/start_P_reg/C (clocked by clk) and u_fcbrt_core/S_Square_s_Reg_reg[106]/D (clocked by clk). Large setup violations at the end of those stages might be difficult to fix during the post-placement implementation flow and could be the result of non-optimal XDC constraints or non-optimal design architecture
Related violations: <none>

TIMING-16#551 Warning
Large setup violation  
There is a large setup violation of -5.175 ns between u_fcbrt_core/S_Square_c_Reg_Prev_reg[2]/C (clocked by clk) and u_fcbrt_core/S_Square_c_Reg_reg[8]/D (clocked by clk). Large setup violations at the end of those stages might be difficult to fix during the post-placement implementation flow and could be the result of non-optimal XDC constraints or non-optimal design architecture
Related violations: <none>

TIMING-16#552 Warning
Large setup violation  
There is a large setup violation of -5.177 ns between u_fcbrt_core/S_Square_c_Reg_Prev_reg[2]/C (clocked by clk) and u_fcbrt_core/S_Square_c_Reg_reg[95]/D (clocked by clk). Large setup violations at the end of those stages might be difficult to fix during the post-placement implementation flow and could be the result of non-optimal XDC constraints or non-optimal design architecture
Related violations: <none>

TIMING-16#553 Warning
Large setup violation  
There is a large setup violation of -5.186 ns between u_fcbrt_core/S_Square_c_Reg_Prev_reg[2]/C (clocked by clk) and u_fcbrt_postprocess/fcbrt_result_Reg_reg[11]/D (clocked by clk). Large setup violations at the end of those stages might be difficult to fix during the post-placement implementation flow and could be the result of non-optimal XDC constraints or non-optimal design architecture
Related violations: <none>

TIMING-16#554 Warning
Large setup violation  
There is a large setup violation of -5.194 ns between u_fcbrt_core/S_Square_c_Reg_Prev_reg[2]/C (clocked by clk) and u_fcbrt_core/S_Square_s_Reg_reg[10]/D (clocked by clk). Large setup violations at the end of those stages might be difficult to fix during the post-placement implementation flow and could be the result of non-optimal XDC constraints or non-optimal design architecture
Related violations: <none>

TIMING-16#555 Warning
Large setup violation  
There is a large setup violation of -5.196 ns between u_fcbrt_core/S_Square_c_Reg_Prev_reg[2]/C (clocked by clk) and u_fcbrt_postprocess/fcbrt_result_Reg_reg[13]/D (clocked by clk). Large setup violations at the end of those stages might be difficult to fix during the post-placement implementation flow and could be the result of non-optimal XDC constraints or non-optimal design architecture
Related violations: <none>

TIMING-16#556 Warning
Large setup violation  
There is a large setup violation of -5.198 ns between u_fcbrt_core/S_Square_c_Reg_Prev_reg[2]/C (clocked by clk) and u_fcbrt_core/S_Square_c_Reg_reg[87]/D (clocked by clk). Large setup violations at the end of those stages might be difficult to fix during the post-placement implementation flow and could be the result of non-optimal XDC constraints or non-optimal design architecture
Related violations: <none>

TIMING-16#557 Warning
Large setup violation  
There is a large setup violation of -5.199 ns between u_fcbrt_core/S_Square_c_Reg_Prev_reg[2]/C (clocked by clk) and u_fcbrt_core/S_Square_s_Reg_reg[80]/D (clocked by clk). Large setup violations at the end of those stages might be difficult to fix during the post-placement implementation flow and could be the result of non-optimal XDC constraints or non-optimal design architecture
Related violations: <none>

TIMING-16#558 Warning
Large setup violation  
There is a large setup violation of -5.201 ns between u_fcbrt_core/S_Square_c_Reg_Prev_reg[2]/C (clocked by clk) and u_fcbrt_core/S_Square_c_Reg_reg[16]/D (clocked by clk). Large setup violations at the end of those stages might be difficult to fix during the post-placement implementation flow and could be the result of non-optimal XDC constraints or non-optimal design architecture
Related violations: <none>

TIMING-16#559 Warning
Large setup violation  
There is a large setup violation of -5.203 ns between u_fcbrt_core/S_Square_c_Reg_Prev_reg[2]/C (clocked by clk) and u_fcbrt_postprocess/fcbrt_result_Reg_reg[34]/D (clocked by clk). Large setup violations at the end of those stages might be difficult to fix during the post-placement implementation flow and could be the result of non-optimal XDC constraints or non-optimal design architecture
Related violations: <none>

TIMING-16#560 Warning
Large setup violation  
There is a large setup violation of -5.209 ns between u_fcbrt_core/S_Square_c_Reg_Prev_reg[2]/C (clocked by clk) and u_fcbrt_postprocess/fcbrt_result_Reg_reg[27]/D (clocked by clk). Large setup violations at the end of those stages might be difficult to fix during the post-placement implementation flow and could be the result of non-optimal XDC constraints or non-optimal design architecture
Related violations: <none>

TIMING-16#561 Warning
Large setup violation  
There is a large setup violation of -5.211 ns between u_fcbrt_core/S_Square_c_Reg_Prev_reg[2]/C (clocked by clk) and u_fcbrt_postprocess/fcbrt_result_Reg_reg[26]/D (clocked by clk). Large setup violations at the end of those stages might be difficult to fix during the post-placement implementation flow and could be the result of non-optimal XDC constraints or non-optimal design architecture
Related violations: <none>

TIMING-16#562 Warning
Large setup violation  
There is a large setup violation of -5.217 ns between u_fcbrt_core/S_Square_c_Reg_Prev_reg[2]/C (clocked by clk) and u_fcbrt_postprocess/fcbrt_result_Reg_reg[15]/D (clocked by clk). Large setup violations at the end of those stages might be difficult to fix during the post-placement implementation flow and could be the result of non-optimal XDC constraints or non-optimal design architecture
Related violations: <none>

TIMING-16#563 Warning
Large setup violation  
There is a large setup violation of -5.220 ns between u_fcbrt_core/S_Square_c_Reg_Prev_reg[2]/C (clocked by clk) and u_fcbrt_postprocess/fcbrt_result_Reg_reg[16]/D (clocked by clk). Large setup violations at the end of those stages might be difficult to fix during the post-placement implementation flow and could be the result of non-optimal XDC constraints or non-optimal design architecture
Related violations: <none>

TIMING-16#564 Warning
Large setup violation  
There is a large setup violation of -5.224 ns between u_fcbrt_core/S_Square_c_Reg_Prev_reg[2]/C (clocked by clk) and u_fcbrt_core/S_Square_c_Reg_reg[96]/D (clocked by clk). Large setup violations at the end of those stages might be difficult to fix during the post-placement implementation flow and could be the result of non-optimal XDC constraints or non-optimal design architecture
Related violations: <none>

TIMING-16#565 Warning
Large setup violation  
There is a large setup violation of -5.226 ns between u_fcbrt_core/S_Square_c_Reg_Prev_reg[2]/C (clocked by clk) and u_fcbrt_postprocess/fcbrt_result_Reg_reg[25]/D (clocked by clk). Large setup violations at the end of those stages might be difficult to fix during the post-placement implementation flow and could be the result of non-optimal XDC constraints or non-optimal design architecture
Related violations: <none>

TIMING-16#566 Warning
Large setup violation  
There is a large setup violation of -5.230 ns between u_fcbrt_core/S_Square_c_Reg_Prev_reg[2]/C (clocked by clk) and u_fcbrt_postprocess/fcbrt_result_Reg_reg[20]/D (clocked by clk). Large setup violations at the end of those stages might be difficult to fix during the post-placement implementation flow and could be the result of non-optimal XDC constraints or non-optimal design architecture
Related violations: <none>

TIMING-16#567 Warning
Large setup violation  
There is a large setup violation of -5.232 ns between u_fcbrt_core/S_Square_c_Reg_Prev_reg[2]/C (clocked by clk) and u_fcbrt_postprocess/fcbrt_result_Reg_reg[22]/D (clocked by clk). Large setup violations at the end of those stages might be difficult to fix during the post-placement implementation flow and could be the result of non-optimal XDC constraints or non-optimal design architecture
Related violations: <none>

TIMING-16#568 Warning
Large setup violation  
There is a large setup violation of -5.236 ns between u_fcbrt_core/S_Square_c_Reg_Prev_reg[2]/C (clocked by clk) and u_fcbrt_postprocess/fcbrt_result_Reg_reg[21]/D (clocked by clk). Large setup violations at the end of those stages might be difficult to fix during the post-placement implementation flow and could be the result of non-optimal XDC constraints or non-optimal design architecture
Related violations: <none>

TIMING-16#569 Warning
Large setup violation  
There is a large setup violation of -5.237 ns between u_fcbrt_core/S_Square_c_Reg_Prev_reg[2]/C (clocked by clk) and u_fcbrt_core/S_Square_c_Reg_reg[86]/D (clocked by clk). Large setup violations at the end of those stages might be difficult to fix during the post-placement implementation flow and could be the result of non-optimal XDC constraints or non-optimal design architecture
Related violations: <none>

TIMING-16#570 Warning
Large setup violation  
There is a large setup violation of -5.242 ns between u_fcbrt_core/S_Square_c_Reg_Prev_reg[2]/C (clocked by clk) and u_fcbrt_postprocess/fcbrt_result_Reg_reg[23]/D (clocked by clk). Large setup violations at the end of those stages might be difficult to fix during the post-placement implementation flow and could be the result of non-optimal XDC constraints or non-optimal design architecture
Related violations: <none>

TIMING-16#571 Warning
Large setup violation  
There is a large setup violation of -5.245 ns between u_fcbrt_core/S_Square_c_Reg_Prev_reg[2]/C (clocked by clk) and u_fcbrt_postprocess/fcbrt_result_Reg_reg[24]/D (clocked by clk). Large setup violations at the end of those stages might be difficult to fix during the post-placement implementation flow and could be the result of non-optimal XDC constraints or non-optimal design architecture
Related violations: <none>

TIMING-16#572 Warning
Large setup violation  
There is a large setup violation of -5.248 ns between u_fcbrt_core/S_Square_c_Reg_Prev_reg[2]/C (clocked by clk) and u_fcbrt_core/S_Square_s_Reg_reg[88]/D (clocked by clk). Large setup violations at the end of those stages might be difficult to fix during the post-placement implementation flow and could be the result of non-optimal XDC constraints or non-optimal design architecture
Related violations: <none>

TIMING-16#573 Warning
Large setup violation  
There is a large setup violation of -5.255 ns between u_fcbrt_core/S_Square_c_Reg_Prev_reg[2]/C (clocked by clk) and u_fcbrt_core/S_Square_c_Reg_reg[15]/D (clocked by clk). Large setup violations at the end of those stages might be difficult to fix during the post-placement implementation flow and could be the result of non-optimal XDC constraints or non-optimal design architecture
Related violations: <none>

TIMING-16#574 Warning
Large setup violation  
There is a large setup violation of -5.257 ns between u_fcbrt_core/S_Square_c_Reg_Prev_reg[2]/C (clocked by clk) and u_fcbrt_core/S_Square_s_Reg_reg[20]/D (clocked by clk). Large setup violations at the end of those stages might be difficult to fix during the post-placement implementation flow and could be the result of non-optimal XDC constraints or non-optimal design architecture
Related violations: <none>

TIMING-16#575 Warning
Large setup violation  
There is a large setup violation of -5.262 ns between u_fcbrt_core/S_Square_c_Reg_Prev_reg[2]/C (clocked by clk) and u_fcbrt_postprocess/fcbrt_result_Reg_reg[30]/D (clocked by clk). Large setup violations at the end of those stages might be difficult to fix during the post-placement implementation flow and could be the result of non-optimal XDC constraints or non-optimal design architecture
Related violations: <none>

TIMING-16#576 Warning
Large setup violation  
There is a large setup violation of -5.265 ns between u_fcbrt_core/S_Square_c_Reg_Prev_reg[2]/C (clocked by clk) and u_fcbrt_postprocess/fcbrt_result_Reg_reg[31]/D (clocked by clk). Large setup violations at the end of those stages might be difficult to fix during the post-placement implementation flow and could be the result of non-optimal XDC constraints or non-optimal design architecture
Related violations: <none>

TIMING-16#577 Warning
Large setup violation  
There is a large setup violation of -5.267 ns between u_fcbrt_core/S_Square_c_Reg_Prev_reg[2]/C (clocked by clk) and u_fcbrt_core/S_Square_s_Reg_reg[105]/D (clocked by clk). Large setup violations at the end of those stages might be difficult to fix during the post-placement implementation flow and could be the result of non-optimal XDC constraints or non-optimal design architecture
Related violations: <none>

TIMING-16#578 Warning
Large setup violation  
There is a large setup violation of -5.268 ns between u_fcbrt_core/S_Square_c_Reg_Prev_reg[2]/C (clocked by clk) and u_fcbrt_core/S_Square_c_Reg_reg[101]/D (clocked by clk). Large setup violations at the end of those stages might be difficult to fix during the post-placement implementation flow and could be the result of non-optimal XDC constraints or non-optimal design architecture
Related violations: <none>

TIMING-16#579 Warning
Large setup violation  
There is a large setup violation of -5.278 ns between u_fcbrt_core/S_Square_c_Reg_Prev_reg[2]/C (clocked by clk) and u_fcbrt_core/S_Square_c_Reg_reg[37]/D (clocked by clk). Large setup violations at the end of those stages might be difficult to fix during the post-placement implementation flow and could be the result of non-optimal XDC constraints or non-optimal design architecture
Related violations: <none>

TIMING-16#580 Warning
Large setup violation  
There is a large setup violation of -5.283 ns between u_fcbrt_core/S_Square_c_Reg_Prev_reg[2]/C (clocked by clk) and u_fcbrt_core/S_Square_c_Reg_reg[81]/D (clocked by clk). Large setup violations at the end of those stages might be difficult to fix during the post-placement implementation flow and could be the result of non-optimal XDC constraints or non-optimal design architecture
Related violations: <none>

TIMING-16#581 Warning
Large setup violation  
There is a large setup violation of -5.291 ns between u_fcbrt_core/S_Square_c_Reg_Prev_reg[2]/C (clocked by clk) and u_fcbrt_postprocess/fcbrt_result_Reg_reg[12]/D (clocked by clk). Large setup violations at the end of those stages might be difficult to fix during the post-placement implementation flow and could be the result of non-optimal XDC constraints or non-optimal design architecture
Related violations: <none>

TIMING-16#582 Warning
Large setup violation  
There is a large setup violation of -5.292 ns between u_fcbrt_core/S_Square_c_Reg_Prev_reg[2]/C (clocked by clk) and u_fcbrt_core/S_Square_c_Reg_reg[24]/D (clocked by clk). Large setup violations at the end of those stages might be difficult to fix during the post-placement implementation flow and could be the result of non-optimal XDC constraints or non-optimal design architecture
Related violations: <none>

TIMING-16#583 Warning
Large setup violation  
There is a large setup violation of -5.294 ns between u_fcbrt_core/S_Square_c_Reg_Prev_reg[2]/C (clocked by clk) and u_fcbrt_core/S_Square_s_Reg_reg[6]/D (clocked by clk). Large setup violations at the end of those stages might be difficult to fix during the post-placement implementation flow and could be the result of non-optimal XDC constraints or non-optimal design architecture
Related violations: <none>

TIMING-16#584 Warning
Large setup violation  
There is a large setup violation of -5.299 ns between u_fcbrt_core/S_Square_c_Reg_Prev_reg[2]/C (clocked by clk) and u_fcbrt_core/S_Square_c_Reg_reg[11]/D (clocked by clk). Large setup violations at the end of those stages might be difficult to fix during the post-placement implementation flow and could be the result of non-optimal XDC constraints or non-optimal design architecture
Related violations: <none>

TIMING-16#585 Warning
Large setup violation  
There is a large setup violation of -5.303 ns between u_fcbrt_core/S_Square_c_Reg_Prev_reg[2]/C (clocked by clk) and u_fcbrt_core/S_Square_c_Reg_reg[14]/D (clocked by clk). Large setup violations at the end of those stages might be difficult to fix during the post-placement implementation flow and could be the result of non-optimal XDC constraints or non-optimal design architecture
Related violations: <none>

TIMING-16#586 Warning
Large setup violation  
There is a large setup violation of -5.309 ns between u_fcbrt_core/S_Square_c_Reg_Prev_reg[2]/C (clocked by clk) and u_fcbrt_core/S_Square_c_Reg_reg[40]/D (clocked by clk). Large setup violations at the end of those stages might be difficult to fix during the post-placement implementation flow and could be the result of non-optimal XDC constraints or non-optimal design architecture
Related violations: <none>

TIMING-16#587 Warning
Large setup violation  
There is a large setup violation of -5.309 ns between u_fcbrt_core/S_Square_c_Reg_Prev_reg[2]/C (clocked by clk) and u_fcbrt_core/S_Square_c_Reg_reg[79]/D (clocked by clk). Large setup violations at the end of those stages might be difficult to fix during the post-placement implementation flow and could be the result of non-optimal XDC constraints or non-optimal design architecture
Related violations: <none>

TIMING-16#588 Warning
Large setup violation  
There is a large setup violation of -5.310 ns between u_fcbrt_core/S_Square_c_Reg_Prev_reg[2]/C (clocked by clk) and u_fcbrt_core/S_Square_s_Reg_reg[86]/D (clocked by clk). Large setup violations at the end of those stages might be difficult to fix during the post-placement implementation flow and could be the result of non-optimal XDC constraints or non-optimal design architecture
Related violations: <none>

TIMING-16#589 Warning
Large setup violation  
There is a large setup violation of -5.316 ns between u_fcbrt_core/S_Square_c_Reg_Prev_reg[2]/C (clocked by clk) and u_fcbrt_postprocess/fcbrt_result_Reg_reg[4]/D (clocked by clk). Large setup violations at the end of those stages might be difficult to fix during the post-placement implementation flow and could be the result of non-optimal XDC constraints or non-optimal design architecture
Related violations: <none>

TIMING-16#590 Warning
Large setup violation  
There is a large setup violation of -5.316 ns between u_fcbrt_core/S_Square_c_Reg_Prev_reg[2]/C (clocked by clk) and u_fcbrt_postprocess/fcbrt_result_Reg_reg[5]/D (clocked by clk). Large setup violations at the end of those stages might be difficult to fix during the post-placement implementation flow and could be the result of non-optimal XDC constraints or non-optimal design architecture
Related violations: <none>

TIMING-16#591 Warning
Large setup violation  
There is a large setup violation of -5.317 ns between u_fcbrt_core/S_Square_c_Reg_Prev_reg[2]/C (clocked by clk) and u_fcbrt_core/S_Square_c_Reg_reg[90]/D (clocked by clk). Large setup violations at the end of those stages might be difficult to fix during the post-placement implementation flow and could be the result of non-optimal XDC constraints or non-optimal design architecture
Related violations: <none>

TIMING-16#592 Warning
Large setup violation  
There is a large setup violation of -5.318 ns between u_fcbrt_core/S_Square_c_Reg_Prev_reg[2]/C (clocked by clk) and u_fcbrt_core/S_Square_s_Reg_reg[104]/D (clocked by clk). Large setup violations at the end of those stages might be difficult to fix during the post-placement implementation flow and could be the result of non-optimal XDC constraints or non-optimal design architecture
Related violations: <none>

TIMING-16#593 Warning
Large setup violation  
There is a large setup violation of -5.321 ns between u_fcbrt_core/S_Square_c_Reg_Prev_reg[2]/C (clocked by clk) and u_fcbrt_core/S_Square_c_Reg_reg[94]/D (clocked by clk). Large setup violations at the end of those stages might be difficult to fix during the post-placement implementation flow and could be the result of non-optimal XDC constraints or non-optimal design architecture
Related violations: <none>

TIMING-16#594 Warning
Large setup violation  
There is a large setup violation of -5.324 ns between u_fcbrt_core/S_Square_c_Reg_Prev_reg[2]/C (clocked by clk) and u_fcbrt_core/S_Square_s_Reg_reg[5]/D (clocked by clk). Large setup violations at the end of those stages might be difficult to fix during the post-placement implementation flow and could be the result of non-optimal XDC constraints or non-optimal design architecture
Related violations: <none>

TIMING-16#595 Warning
Large setup violation  
There is a large setup violation of -5.324 ns between u_fcbrt_core/S_Square_c_Reg_Prev_reg[2]/C (clocked by clk) and u_fcbrt_postprocess/fcbrt_result_Reg_reg[36]/D (clocked by clk). Large setup violations at the end of those stages might be difficult to fix during the post-placement implementation flow and could be the result of non-optimal XDC constraints or non-optimal design architecture
Related violations: <none>

TIMING-16#596 Warning
Large setup violation  
There is a large setup violation of -5.325 ns between u_fcbrt_core/S_Square_c_Reg_Prev_reg[2]/C (clocked by clk) and u_fcbrt_core/S_Square_c_Reg_reg[57]/D (clocked by clk). Large setup violations at the end of those stages might be difficult to fix during the post-placement implementation flow and could be the result of non-optimal XDC constraints or non-optimal design architecture
Related violations: <none>

TIMING-16#597 Warning
Large setup violation  
There is a large setup violation of -5.330 ns between u_fcbrt_core/S_Square_c_Reg_Prev_reg[2]/C (clocked by clk) and u_fcbrt_core/S_Square_c_Reg_reg[75]/D (clocked by clk). Large setup violations at the end of those stages might be difficult to fix during the post-placement implementation flow and could be the result of non-optimal XDC constraints or non-optimal design architecture
Related violations: <none>

TIMING-16#598 Warning
Large setup violation  
There is a large setup violation of -5.335 ns between u_fcbrt_core/S_Square_c_Reg_Prev_reg[2]/C (clocked by clk) and u_fcbrt_postprocess/fcbrt_result_Reg_reg[28]/D (clocked by clk). Large setup violations at the end of those stages might be difficult to fix during the post-placement implementation flow and could be the result of non-optimal XDC constraints or non-optimal design architecture
Related violations: <none>

TIMING-16#599 Warning
Large setup violation  
There is a large setup violation of -5.335 ns between u_fcbrt_core/S_Square_c_Reg_Prev_reg[2]/C (clocked by clk) and u_fcbrt_postprocess/fcbrt_result_Reg_reg[29]/D (clocked by clk). Large setup violations at the end of those stages might be difficult to fix during the post-placement implementation flow and could be the result of non-optimal XDC constraints or non-optimal design architecture
Related violations: <none>

TIMING-16#600 Warning
Large setup violation  
There is a large setup violation of -5.341 ns between u_fcbrt_core/S_Square_c_Reg_Prev_reg[2]/C (clocked by clk) and u_fcbrt_core/S_Square_c_Reg_reg[104]/D (clocked by clk). Large setup violations at the end of those stages might be difficult to fix during the post-placement implementation flow and could be the result of non-optimal XDC constraints or non-optimal design architecture
Related violations: <none>

TIMING-16#601 Warning
Large setup violation  
There is a large setup violation of -5.364 ns between u_fcbrt_core/S_Square_c_Reg_Prev_reg[2]/C (clocked by clk) and u_fcbrt_core/Residual_s_Reg_reg[3]/D (clocked by clk). Large setup violations at the end of those stages might be difficult to fix during the post-placement implementation flow and could be the result of non-optimal XDC constraints or non-optimal design architecture
Related violations: <none>

TIMING-16#602 Warning
Large setup violation  
There is a large setup violation of -5.365 ns between u_fcbrt_core/S_Square_c_Reg_Prev_reg[2]/C (clocked by clk) and u_fcbrt_postprocess/fcbrt_result_Reg_reg[3]/D (clocked by clk). Large setup violations at the end of those stages might be difficult to fix during the post-placement implementation flow and could be the result of non-optimal XDC constraints or non-optimal design architecture
Related violations: <none>

TIMING-16#603 Warning
Large setup violation  
There is a large setup violation of -5.366 ns between u_fcbrt_core/S_Square_c_Reg_Prev_reg[2]/C (clocked by clk) and u_fcbrt_core/S_Square_c_Reg_reg[17]/D (clocked by clk). Large setup violations at the end of those stages might be difficult to fix during the post-placement implementation flow and could be the result of non-optimal XDC constraints or non-optimal design architecture
Related violations: <none>

TIMING-16#604 Warning
Large setup violation  
There is a large setup violation of -5.368 ns between u_fcbrt_core/S_Square_c_Reg_Prev_reg[2]/C (clocked by clk) and u_fcbrt_core/S_Square_c_Reg_reg[92]/D (clocked by clk). Large setup violations at the end of those stages might be difficult to fix during the post-placement implementation flow and could be the result of non-optimal XDC constraints or non-optimal design architecture
Related violations: <none>

TIMING-16#605 Warning
Large setup violation  
There is a large setup violation of -5.368 ns between u_fcbrt_core/S_Square_c_Reg_Prev_reg[2]/C (clocked by clk) and u_fcbrt_postprocess/fcbrt_result_Reg_reg[2]/D (clocked by clk). Large setup violations at the end of those stages might be difficult to fix during the post-placement implementation flow and could be the result of non-optimal XDC constraints or non-optimal design architecture
Related violations: <none>

TIMING-16#606 Warning
Large setup violation  
There is a large setup violation of -5.370 ns between u_fcbrt_core/S_Square_c_Reg_Prev_reg[2]/C (clocked by clk) and u_fcbrt_core/Residual_c_Reg_reg[4]/D (clocked by clk). Large setup violations at the end of those stages might be difficult to fix during the post-placement implementation flow and could be the result of non-optimal XDC constraints or non-optimal design architecture
Related violations: <none>

TIMING-16#607 Warning
Large setup violation  
There is a large setup violation of -5.371 ns between u_fcbrt_core/S_Square_c_Reg_Prev_reg[2]/C (clocked by clk) and u_fcbrt_core/S_Square_s_Reg_reg[14]/D (clocked by clk). Large setup violations at the end of those stages might be difficult to fix during the post-placement implementation flow and could be the result of non-optimal XDC constraints or non-optimal design architecture
Related violations: <none>

TIMING-16#608 Warning
Large setup violation  
There is a large setup violation of -5.373 ns between u_fcbrt_core/S_Square_c_Reg_Prev_reg[2]/C (clocked by clk) and u_fcbrt_core/S_Square_c_Reg_reg[84]/D (clocked by clk). Large setup violations at the end of those stages might be difficult to fix during the post-placement implementation flow and could be the result of non-optimal XDC constraints or non-optimal design architecture
Related violations: <none>

TIMING-16#609 Warning
Large setup violation  
There is a large setup violation of -5.378 ns between u_fcbrt_core/S_Square_c_Reg_Prev_reg[2]/C (clocked by clk) and u_fcbrt_postprocess/fcbrt_result_Reg_reg[8]/D (clocked by clk). Large setup violations at the end of those stages might be difficult to fix during the post-placement implementation flow and could be the result of non-optimal XDC constraints or non-optimal design architecture
Related violations: <none>

TIMING-16#610 Warning
Large setup violation  
There is a large setup violation of -5.381 ns between u_fcbrt_core/S_Square_c_Reg_Prev_reg[2]/C (clocked by clk) and u_fcbrt_core/S_Square_c_Reg_reg[74]/D (clocked by clk). Large setup violations at the end of those stages might be difficult to fix during the post-placement implementation flow and could be the result of non-optimal XDC constraints or non-optimal design architecture
Related violations: <none>

TIMING-16#611 Warning
Large setup violation  
There is a large setup violation of -5.381 ns between u_fcbrt_core/S_Square_c_Reg_Prev_reg[2]/C (clocked by clk) and u_fcbrt_postprocess/fcbrt_result_Reg_reg[9]/D (clocked by clk). Large setup violations at the end of those stages might be difficult to fix during the post-placement implementation flow and could be the result of non-optimal XDC constraints or non-optimal design architecture
Related violations: <none>

TIMING-16#612 Warning
Large setup violation  
There is a large setup violation of -5.384 ns between u_fcbrt_core/S_Square_c_Reg_Prev_reg[2]/C (clocked by clk) and u_fcbrt_core/Residual_c_Reg_reg[110]/D (clocked by clk). Large setup violations at the end of those stages might be difficult to fix during the post-placement implementation flow and could be the result of non-optimal XDC constraints or non-optimal design architecture
Related violations: <none>

TIMING-16#613 Warning
Large setup violation  
There is a large setup violation of -5.384 ns between u_fcbrt_core/S_Square_c_Reg_Prev_reg[2]/C (clocked by clk) and u_fcbrt_core/S_Square_c_Reg_reg[97]/D (clocked by clk). Large setup violations at the end of those stages might be difficult to fix during the post-placement implementation flow and could be the result of non-optimal XDC constraints or non-optimal design architecture
Related violations: <none>

TIMING-16#614 Warning
Large setup violation  
There is a large setup violation of -5.393 ns between u_fcbrt_core/S_Square_c_Reg_Prev_reg[2]/C (clocked by clk) and u_fcbrt_core/S_Square_c_Reg_reg[91]/D (clocked by clk). Large setup violations at the end of those stages might be difficult to fix during the post-placement implementation flow and could be the result of non-optimal XDC constraints or non-optimal design architecture
Related violations: <none>

TIMING-16#615 Warning
Large setup violation  
There is a large setup violation of -5.396 ns between u_fcbrt_core/S_Square_c_Reg_Prev_reg[2]/C (clocked by clk) and u_fcbrt_postprocess/fcbrt_result_Reg_reg[7]/D (clocked by clk). Large setup violations at the end of those stages might be difficult to fix during the post-placement implementation flow and could be the result of non-optimal XDC constraints or non-optimal design architecture
Related violations: <none>

TIMING-16#616 Warning
Large setup violation  
There is a large setup violation of -5.396 ns between u_fcbrt_preprocess/start_P_reg/C (clocked by clk) and u_fcbrt_core/S_Square_s_Reg_reg[103]/D (clocked by clk). Large setup violations at the end of those stages might be difficult to fix during the post-placement implementation flow and could be the result of non-optimal XDC constraints or non-optimal design architecture
Related violations: <none>

TIMING-16#617 Warning
Large setup violation  
There is a large setup violation of -5.400 ns between u_fcbrt_core/S_Square_c_Reg_Prev_reg[2]/C (clocked by clk) and u_fcbrt_postprocess/fcbrt_result_Reg_reg[10]/D (clocked by clk). Large setup violations at the end of those stages might be difficult to fix during the post-placement implementation flow and could be the result of non-optimal XDC constraints or non-optimal design architecture
Related violations: <none>

TIMING-16#618 Warning
Large setup violation  
There is a large setup violation of -5.402 ns between u_fcbrt_core/S_Square_c_Reg_Prev_reg[2]/C (clocked by clk) and u_fcbrt_core/S_Square_c_Reg_reg[21]/D (clocked by clk). Large setup violations at the end of those stages might be difficult to fix during the post-placement implementation flow and could be the result of non-optimal XDC constraints or non-optimal design architecture
Related violations: <none>

TIMING-16#619 Warning
Large setup violation  
There is a large setup violation of -5.404 ns between u_fcbrt_core/S_Square_c_Reg_Prev_reg[2]/C (clocked by clk) and u_fcbrt_core/S_Square_s_Reg_reg[78]/D (clocked by clk). Large setup violations at the end of those stages might be difficult to fix during the post-placement implementation flow and could be the result of non-optimal XDC constraints or non-optimal design architecture
Related violations: <none>

TIMING-16#620 Warning
Large setup violation  
There is a large setup violation of -5.405 ns between u_fcbrt_core/S_Square_c_Reg_Prev_reg[2]/C (clocked by clk) and u_fcbrt_postprocess/fcbrt_result_Reg_reg[32]/D (clocked by clk). Large setup violations at the end of those stages might be difficult to fix during the post-placement implementation flow and could be the result of non-optimal XDC constraints or non-optimal design architecture
Related violations: <none>

TIMING-16#621 Warning
Large setup violation  
There is a large setup violation of -5.408 ns between u_fcbrt_core/S_Square_c_Reg_Prev_reg[2]/C (clocked by clk) and u_fcbrt_postprocess/fcbrt_result_Reg_reg[33]/D (clocked by clk). Large setup violations at the end of those stages might be difficult to fix during the post-placement implementation flow and could be the result of non-optimal XDC constraints or non-optimal design architecture
Related violations: <none>

TIMING-16#622 Warning
Large setup violation  
There is a large setup violation of -5.409 ns between u_fcbrt_core/S_Square_c_Reg_Prev_reg[2]/C (clocked by clk) and u_fcbrt_core/S_Square_c_Reg_reg[34]/D (clocked by clk). Large setup violations at the end of those stages might be difficult to fix during the post-placement implementation flow and could be the result of non-optimal XDC constraints or non-optimal design architecture
Related violations: <none>

TIMING-16#623 Warning
Large setup violation  
There is a large setup violation of -5.420 ns between u_fcbrt_core/S_Square_c_Reg_Prev_reg[2]/C (clocked by clk) and u_fcbrt_core/S_Square_c_Reg_reg[98]/D (clocked by clk). Large setup violations at the end of those stages might be difficult to fix during the post-placement implementation flow and could be the result of non-optimal XDC constraints or non-optimal design architecture
Related violations: <none>

TIMING-16#624 Warning
Large setup violation  
There is a large setup violation of -5.423 ns between u_fcbrt_core/S_Square_c_Reg_Prev_reg[2]/C (clocked by clk) and u_fcbrt_postprocess/fcbrt_result_Reg_reg[14]/D (clocked by clk). Large setup violations at the end of those stages might be difficult to fix during the post-placement implementation flow and could be the result of non-optimal XDC constraints or non-optimal design architecture
Related violations: <none>

TIMING-16#625 Warning
Large setup violation  
There is a large setup violation of -5.428 ns between u_fcbrt_core/S_Square_c_Reg_Prev_reg[2]/C (clocked by clk) and u_fcbrt_postprocess/fcbrt_result_Reg_reg[0]/D (clocked by clk). Large setup violations at the end of those stages might be difficult to fix during the post-placement implementation flow and could be the result of non-optimal XDC constraints or non-optimal design architecture
Related violations: <none>

TIMING-16#626 Warning
Large setup violation  
There is a large setup violation of -5.428 ns between u_fcbrt_core/S_Square_c_Reg_Prev_reg[2]/C (clocked by clk) and u_fcbrt_postprocess/fcbrt_result_Reg_reg[1]/D (clocked by clk). Large setup violations at the end of those stages might be difficult to fix during the post-placement implementation flow and could be the result of non-optimal XDC constraints or non-optimal design architecture
Related violations: <none>

TIMING-16#627 Warning
Large setup violation  
There is a large setup violation of -5.430 ns between u_fcbrt_core/S_Square_c_Reg_Prev_reg[2]/C (clocked by clk) and u_fcbrt_core/S_Square_c_Reg_reg[76]/D (clocked by clk). Large setup violations at the end of those stages might be difficult to fix during the post-placement implementation flow and could be the result of non-optimal XDC constraints or non-optimal design architecture
Related violations: <none>

TIMING-16#628 Warning
Large setup violation  
There is a large setup violation of -5.432 ns between u_fcbrt_core/S_Square_c_Reg_Prev_reg[2]/C (clocked by clk) and u_fcbrt_core/Residual_c_Reg_reg[111]/D (clocked by clk). Large setup violations at the end of those stages might be difficult to fix during the post-placement implementation flow and could be the result of non-optimal XDC constraints or non-optimal design architecture
Related violations: <none>

TIMING-16#629 Warning
Large setup violation  
There is a large setup violation of -5.438 ns between u_fcbrt_core/S_Square_c_Reg_Prev_reg[2]/C (clocked by clk) and u_fcbrt_postprocess/fcbrt_result_Reg_reg[6]/D (clocked by clk). Large setup violations at the end of those stages might be difficult to fix during the post-placement implementation flow and could be the result of non-optimal XDC constraints or non-optimal design architecture
Related violations: <none>

TIMING-16#630 Warning
Large setup violation  
There is a large setup violation of -5.442 ns between u_fcbrt_core/S_Square_c_Reg_Prev_reg[2]/C (clocked by clk) and u_fcbrt_core/S_Square_c_Reg_reg[35]/D (clocked by clk). Large setup violations at the end of those stages might be difficult to fix during the post-placement implementation flow and could be the result of non-optimal XDC constraints or non-optimal design architecture
Related violations: <none>

TIMING-16#631 Warning
Large setup violation  
There is a large setup violation of -5.463 ns between u_fcbrt_core/S_Square_c_Reg_Prev_reg[2]/C (clocked by clk) and u_fcbrt_core/S_Square_s_Reg_reg[16]/D (clocked by clk). Large setup violations at the end of those stages might be difficult to fix during the post-placement implementation flow and could be the result of non-optimal XDC constraints or non-optimal design architecture
Related violations: <none>

TIMING-16#632 Warning
Large setup violation  
There is a large setup violation of -5.466 ns between u_fcbrt_core/S_Square_c_Reg_Prev_reg[2]/C (clocked by clk) and u_fcbrt_core/S_Square_s_Reg_reg[73]/D (clocked by clk). Large setup violations at the end of those stages might be difficult to fix during the post-placement implementation flow and could be the result of non-optimal XDC constraints or non-optimal design architecture
Related violations: <none>

TIMING-16#633 Warning
Large setup violation  
There is a large setup violation of -5.469 ns between u_fcbrt_core/S_Square_c_Reg_Prev_reg[2]/C (clocked by clk) and u_fcbrt_core/S_Square_s_Reg_reg[11]/D (clocked by clk). Large setup violations at the end of those stages might be difficult to fix during the post-placement implementation flow and could be the result of non-optimal XDC constraints or non-optimal design architecture
Related violations: <none>

TIMING-16#634 Warning
Large setup violation  
There is a large setup violation of -5.470 ns between u_fcbrt_core/S_Square_c_Reg_Prev_reg[2]/C (clocked by clk) and u_fcbrt_core/S_Square_c_Reg_reg[36]/D (clocked by clk). Large setup violations at the end of those stages might be difficult to fix during the post-placement implementation flow and could be the result of non-optimal XDC constraints or non-optimal design architecture
Related violations: <none>

TIMING-16#635 Warning
Large setup violation  
There is a large setup violation of -5.471 ns between u_fcbrt_core/S_Square_c_Reg_Prev_reg[2]/C (clocked by clk) and u_fcbrt_core/S_Square_c_Reg_reg[7]/D (clocked by clk). Large setup violations at the end of those stages might be difficult to fix during the post-placement implementation flow and could be the result of non-optimal XDC constraints or non-optimal design architecture
Related violations: <none>

TIMING-16#636 Warning
Large setup violation  
There is a large setup violation of -5.471 ns between u_fcbrt_core/S_Square_c_Reg_Prev_reg[2]/C (clocked by clk) and u_fcbrt_core/S_Square_s_Reg_reg[40]/D (clocked by clk). Large setup violations at the end of those stages might be difficult to fix during the post-placement implementation flow and could be the result of non-optimal XDC constraints or non-optimal design architecture
Related violations: <none>

TIMING-16#637 Warning
Large setup violation  
There is a large setup violation of -5.477 ns between u_fcbrt_core/S_Square_c_Reg_Prev_reg[2]/C (clocked by clk) and u_fcbrt_core/S_Square_c_Reg_reg[105]/D (clocked by clk). Large setup violations at the end of those stages might be difficult to fix during the post-placement implementation flow and could be the result of non-optimal XDC constraints or non-optimal design architecture
Related violations: <none>

TIMING-16#638 Warning
Large setup violation  
There is a large setup violation of -5.483 ns between u_fcbrt_core/S_Square_c_Reg_Prev_reg[2]/C (clocked by clk) and u_fcbrt_core/S_Square_c_Reg_reg[39]/D (clocked by clk). Large setup violations at the end of those stages might be difficult to fix during the post-placement implementation flow and could be the result of non-optimal XDC constraints or non-optimal design architecture
Related violations: <none>

TIMING-16#639 Warning
Large setup violation  
There is a large setup violation of -5.499 ns between u_fcbrt_core/S_Square_c_Reg_Prev_reg[2]/C (clocked by clk) and u_fcbrt_core/S_Square_c_Reg_reg[78]/D (clocked by clk). Large setup violations at the end of those stages might be difficult to fix during the post-placement implementation flow and could be the result of non-optimal XDC constraints or non-optimal design architecture
Related violations: <none>

TIMING-16#640 Warning
Large setup violation  
There is a large setup violation of -5.509 ns between u_fcbrt_core/S_Square_c_Reg_Prev_reg[2]/C (clocked by clk) and u_fcbrt_core/S_Square_s_Reg_reg[36]/D (clocked by clk). Large setup violations at the end of those stages might be difficult to fix during the post-placement implementation flow and could be the result of non-optimal XDC constraints or non-optimal design architecture
Related violations: <none>

TIMING-16#641 Warning
Large setup violation  
There is a large setup violation of -5.510 ns between u_fcbrt_core/S_Square_c_Reg_Prev_reg[2]/C (clocked by clk) and u_fcbrt_core/S_Square_s_Reg_reg[82]/D (clocked by clk). Large setup violations at the end of those stages might be difficult to fix during the post-placement implementation flow and could be the result of non-optimal XDC constraints or non-optimal design architecture
Related violations: <none>

TIMING-16#642 Warning
Large setup violation  
There is a large setup violation of -5.512 ns between u_fcbrt_core/S_Square_c_Reg_Prev_reg[2]/C (clocked by clk) and u_fcbrt_postprocess/fcbrt_result_Reg_reg[35]/D (clocked by clk). Large setup violations at the end of those stages might be difficult to fix during the post-placement implementation flow and could be the result of non-optimal XDC constraints or non-optimal design architecture
Related violations: <none>

TIMING-16#643 Warning
Large setup violation  
There is a large setup violation of -5.521 ns between u_fcbrt_core/S_Square_c_Reg_Prev_reg[2]/C (clocked by clk) and u_fcbrt_core/S_Square_c_Reg_reg[28]/D (clocked by clk). Large setup violations at the end of those stages might be difficult to fix during the post-placement implementation flow and could be the result of non-optimal XDC constraints or non-optimal design architecture
Related violations: <none>

TIMING-16#644 Warning
Large setup violation  
There is a large setup violation of -5.527 ns between u_fcbrt_core/S_Square_c_Reg_Prev_reg[2]/C (clocked by clk) and u_fcbrt_core/S_Square_s_Reg_reg[84]/D (clocked by clk). Large setup violations at the end of those stages might be difficult to fix during the post-placement implementation flow and could be the result of non-optimal XDC constraints or non-optimal design architecture
Related violations: <none>

TIMING-16#645 Warning
Large setup violation  
There is a large setup violation of -5.530 ns between u_fcbrt_core/S_Square_c_Reg_Prev_reg[2]/C (clocked by clk) and u_fcbrt_core/S_Square_s_Reg_reg[33]/D (clocked by clk). Large setup violations at the end of those stages might be difficult to fix during the post-placement implementation flow and could be the result of non-optimal XDC constraints or non-optimal design architecture
Related violations: <none>

TIMING-16#646 Warning
Large setup violation  
There is a large setup violation of -5.531 ns between u_fcbrt_core/S_Square_c_Reg_Prev_reg[2]/C (clocked by clk) and u_fcbrt_core/S_Square_s_Reg_reg[74]/D (clocked by clk). Large setup violations at the end of those stages might be difficult to fix during the post-placement implementation flow and could be the result of non-optimal XDC constraints or non-optimal design architecture
Related violations: <none>

TIMING-16#647 Warning
Large setup violation  
There is a large setup violation of -5.532 ns between u_fcbrt_core/S_Square_c_Reg_Prev_reg[2]/C (clocked by clk) and u_fcbrt_core/Residual_c_Reg_reg[109]/D (clocked by clk). Large setup violations at the end of those stages might be difficult to fix during the post-placement implementation flow and could be the result of non-optimal XDC constraints or non-optimal design architecture
Related violations: <none>

TIMING-16#648 Warning
Large setup violation  
There is a large setup violation of -5.539 ns between u_fcbrt_core/S_Square_c_Reg_Prev_reg[2]/C (clocked by clk) and u_fcbrt_core/Residual_c_Reg_reg[112]/D (clocked by clk). Large setup violations at the end of those stages might be difficult to fix during the post-placement implementation flow and could be the result of non-optimal XDC constraints or non-optimal design architecture
Related violations: <none>

TIMING-16#649 Warning
Large setup violation  
There is a large setup violation of -5.548 ns between u_fcbrt_core/S_Square_c_Reg_Prev_reg[2]/C (clocked by clk) and u_fcbrt_core/S_Square_c_Reg_reg[82]/D (clocked by clk). Large setup violations at the end of those stages might be difficult to fix during the post-placement implementation flow and could be the result of non-optimal XDC constraints or non-optimal design architecture
Related violations: <none>

TIMING-16#650 Warning
Large setup violation  
There is a large setup violation of -5.549 ns between u_fcbrt_core/S_Square_c_Reg_Prev_reg[2]/C (clocked by clk) and u_fcbrt_core/S_Square_s_Reg_reg[9]/D (clocked by clk). Large setup violations at the end of those stages might be difficult to fix during the post-placement implementation flow and could be the result of non-optimal XDC constraints or non-optimal design architecture
Related violations: <none>

TIMING-16#651 Warning
Large setup violation  
There is a large setup violation of -5.556 ns between u_fcbrt_core/S_Square_c_Reg_Prev_reg[2]/C (clocked by clk) and u_fcbrt_core/S_Square_c_Reg_reg[80]/D (clocked by clk). Large setup violations at the end of those stages might be difficult to fix during the post-placement implementation flow and could be the result of non-optimal XDC constraints or non-optimal design architecture
Related violations: <none>

TIMING-16#652 Warning
Large setup violation  
There is a large setup violation of -5.558 ns between u_fcbrt_core/S_Square_c_Reg_Prev_reg[2]/C (clocked by clk) and u_fcbrt_core/Residual_c_Reg_reg[103]/D (clocked by clk). Large setup violations at the end of those stages might be difficult to fix during the post-placement implementation flow and could be the result of non-optimal XDC constraints or non-optimal design architecture
Related violations: <none>

TIMING-16#653 Warning
Large setup violation  
There is a large setup violation of -5.565 ns between u_fcbrt_core/S_Square_c_Reg_Prev_reg[2]/C (clocked by clk) and u_fcbrt_core/S_Square_c_Reg_reg[59]/D (clocked by clk). Large setup violations at the end of those stages might be difficult to fix during the post-placement implementation flow and could be the result of non-optimal XDC constraints or non-optimal design architecture
Related violations: <none>

TIMING-16#654 Warning
Large setup violation  
There is a large setup violation of -5.565 ns between u_fcbrt_core/S_Square_c_Reg_Prev_reg[2]/C (clocked by clk) and u_fcbrt_core/S_Square_s_Reg_reg[29]/D (clocked by clk). Large setup violations at the end of those stages might be difficult to fix during the post-placement implementation flow and could be the result of non-optimal XDC constraints or non-optimal design architecture
Related violations: <none>

TIMING-16#655 Warning
Large setup violation  
There is a large setup violation of -5.566 ns between u_fcbrt_core/S_Square_c_Reg_Prev_reg[2]/C (clocked by clk) and u_fcbrt_core/S_Square_s_Reg_reg[56]/D (clocked by clk). Large setup violations at the end of those stages might be difficult to fix during the post-placement implementation flow and could be the result of non-optimal XDC constraints or non-optimal design architecture
Related violations: <none>

TIMING-16#656 Warning
Large setup violation  
There is a large setup violation of -5.569 ns between u_fcbrt_core/S_Square_c_Reg_Prev_reg[2]/C (clocked by clk) and u_fcbrt_core/S_Square_s_Reg_reg[17]/D (clocked by clk). Large setup violations at the end of those stages might be difficult to fix during the post-placement implementation flow and could be the result of non-optimal XDC constraints or non-optimal design architecture
Related violations: <none>

TIMING-16#657 Warning
Large setup violation  
There is a large setup violation of -5.572 ns between u_fcbrt_core/S_Square_c_Reg_Prev_reg[2]/C (clocked by clk) and u_fcbrt_core/S_Square_s_Reg_reg[38]/D (clocked by clk). Large setup violations at the end of those stages might be difficult to fix during the post-placement implementation flow and could be the result of non-optimal XDC constraints or non-optimal design architecture
Related violations: <none>

TIMING-16#658 Warning
Large setup violation  
There is a large setup violation of -5.583 ns between u_fcbrt_core/S_Square_c_Reg_Prev_reg[2]/C (clocked by clk) and u_fcbrt_core/S_Square_c_Reg_reg[56]/D (clocked by clk). Large setup violations at the end of those stages might be difficult to fix during the post-placement implementation flow and could be the result of non-optimal XDC constraints or non-optimal design architecture
Related violations: <none>

TIMING-16#659 Warning
Large setup violation  
There is a large setup violation of -5.583 ns between u_fcbrt_core/S_Square_c_Reg_Prev_reg[2]/C (clocked by clk) and u_fcbrt_core/S_Square_s_Reg_reg[34]/D (clocked by clk). Large setup violations at the end of those stages might be difficult to fix during the post-placement implementation flow and could be the result of non-optimal XDC constraints or non-optimal design architecture
Related violations: <none>

TIMING-16#660 Warning
Large setup violation  
There is a large setup violation of -5.584 ns between u_fcbrt_core/S_Square_c_Reg_Prev_reg[2]/C (clocked by clk) and u_fcbrt_core/S_Square_c_Reg_reg[62]/D (clocked by clk). Large setup violations at the end of those stages might be difficult to fix during the post-placement implementation flow and could be the result of non-optimal XDC constraints or non-optimal design architecture
Related violations: <none>

TIMING-16#661 Warning
Large setup violation  
There is a large setup violation of -5.592 ns between u_fcbrt_core/S_Square_c_Reg_Prev_reg[2]/C (clocked by clk) and u_fcbrt_core/S_Square_s_Reg_reg[27]/D (clocked by clk). Large setup violations at the end of those stages might be difficult to fix during the post-placement implementation flow and could be the result of non-optimal XDC constraints or non-optimal design architecture
Related violations: <none>

TIMING-16#662 Warning
Large setup violation  
There is a large setup violation of -5.596 ns between u_fcbrt_core/S_Square_c_Reg_Prev_reg[2]/C (clocked by clk) and u_fcbrt_core/S_Square_s_Reg_reg[18]/D (clocked by clk). Large setup violations at the end of those stages might be difficult to fix during the post-placement implementation flow and could be the result of non-optimal XDC constraints or non-optimal design architecture
Related violations: <none>

TIMING-16#663 Warning
Large setup violation  
There is a large setup violation of -5.610 ns between u_fcbrt_core/S_Square_c_Reg_Prev_reg[2]/C (clocked by clk) and u_fcbrt_core/Residual_c_Reg_reg[116]/D (clocked by clk). Large setup violations at the end of those stages might be difficult to fix during the post-placement implementation flow and could be the result of non-optimal XDC constraints or non-optimal design architecture
Related violations: <none>

TIMING-16#664 Warning
Large setup violation  
There is a large setup violation of -5.611 ns between u_fcbrt_core/S_Square_c_Reg_Prev_reg[2]/C (clocked by clk) and u_fcbrt_core/S_Square_s_Reg_reg[7]/D (clocked by clk). Large setup violations at the end of those stages might be difficult to fix during the post-placement implementation flow and could be the result of non-optimal XDC constraints or non-optimal design architecture
Related violations: <none>

TIMING-16#665 Warning
Large setup violation  
There is a large setup violation of -5.614 ns between u_fcbrt_core/S_Square_c_Reg_Prev_reg[2]/C (clocked by clk) and u_fcbrt_core/Residual_c_Reg_reg[106]/D (clocked by clk). Large setup violations at the end of those stages might be difficult to fix during the post-placement implementation flow and could be the result of non-optimal XDC constraints or non-optimal design architecture
Related violations: <none>

TIMING-16#666 Warning
Large setup violation  
There is a large setup violation of -5.624 ns between u_fcbrt_core/S_Square_c_Reg_Prev_reg[2]/C (clocked by clk) and u_fcbrt_core/S_Square_c_Reg_reg[41]/D (clocked by clk). Large setup violations at the end of those stages might be difficult to fix during the post-placement implementation flow and could be the result of non-optimal XDC constraints or non-optimal design architecture
Related violations: <none>

TIMING-16#667 Warning
Large setup violation  
There is a large setup violation of -5.630 ns between u_fcbrt_core/S_Square_c_Reg_Prev_reg[2]/C (clocked by clk) and u_fcbrt_core/S_Square_c_Reg_reg[29]/D (clocked by clk). Large setup violations at the end of those stages might be difficult to fix during the post-placement implementation flow and could be the result of non-optimal XDC constraints or non-optimal design architecture
Related violations: <none>

TIMING-16#668 Warning
Large setup violation  
There is a large setup violation of -5.634 ns between u_fcbrt_core/S_Square_c_Reg_Prev_reg[2]/C (clocked by clk) and u_fcbrt_core/Residual_c_Reg_reg[104]/D (clocked by clk). Large setup violations at the end of those stages might be difficult to fix during the post-placement implementation flow and could be the result of non-optimal XDC constraints or non-optimal design architecture
Related violations: <none>

TIMING-16#669 Warning
Large setup violation  
There is a large setup violation of -5.634 ns between u_fcbrt_core/S_Square_c_Reg_Prev_reg[2]/C (clocked by clk) and u_fcbrt_core/S_Square_s_Reg_reg[19]/D (clocked by clk). Large setup violations at the end of those stages might be difficult to fix during the post-placement implementation flow and could be the result of non-optimal XDC constraints or non-optimal design architecture
Related violations: <none>

TIMING-16#670 Warning
Large setup violation  
There is a large setup violation of -5.640 ns between u_fcbrt_core/S_Square_c_Reg_Prev_reg[2]/C (clocked by clk) and u_fcbrt_core/Residual_c_Reg_reg[115]/D (clocked by clk). Large setup violations at the end of those stages might be difficult to fix during the post-placement implementation flow and could be the result of non-optimal XDC constraints or non-optimal design architecture
Related violations: <none>

TIMING-16#671 Warning
Large setup violation  
There is a large setup violation of -5.642 ns between u_fcbrt_core/S_Square_c_Reg_Prev_reg[2]/C (clocked by clk) and u_fcbrt_core/S_Square_s_Reg_reg[102]/D (clocked by clk). Large setup violations at the end of those stages might be difficult to fix during the post-placement implementation flow and could be the result of non-optimal XDC constraints or non-optimal design architecture
Related violations: <none>

TIMING-16#672 Warning
Large setup violation  
There is a large setup violation of -5.650 ns between u_fcbrt_preprocess/start_P_reg/C (clocked by clk) and u_fcbrt_core/S_Square_s_Reg_reg[109]/D (clocked by clk). Large setup violations at the end of those stages might be difficult to fix during the post-placement implementation flow and could be the result of non-optimal XDC constraints or non-optimal design architecture
Related violations: <none>

TIMING-16#673 Warning
Large setup violation  
There is a large setup violation of -5.652 ns between u_fcbrt_core/S_Square_c_Reg_Prev_reg[2]/C (clocked by clk) and u_fcbrt_core/S_Square_s_Reg_reg[60]/D (clocked by clk). Large setup violations at the end of those stages might be difficult to fix during the post-placement implementation flow and could be the result of non-optimal XDC constraints or non-optimal design architecture
Related violations: <none>

TIMING-16#674 Warning
Large setup violation  
There is a large setup violation of -5.653 ns between u_fcbrt_core/S_Square_c_Reg_Prev_reg[2]/C (clocked by clk) and u_fcbrt_core/S_Square_s_Reg_reg[44]/D (clocked by clk). Large setup violations at the end of those stages might be difficult to fix during the post-placement implementation flow and could be the result of non-optimal XDC constraints or non-optimal design architecture
Related violations: <none>

TIMING-16#675 Warning
Large setup violation  
There is a large setup violation of -5.659 ns between u_fcbrt_core/S_Square_c_Reg_Prev_reg[2]/C (clocked by clk) and u_fcbrt_core/S_Square_s_Reg_reg[96]/D (clocked by clk). Large setup violations at the end of those stages might be difficult to fix during the post-placement implementation flow and could be the result of non-optimal XDC constraints or non-optimal design architecture
Related violations: <none>

TIMING-16#676 Warning
Large setup violation  
There is a large setup violation of -5.674 ns between u_fcbrt_core/S_Square_c_Reg_Prev_reg[2]/C (clocked by clk) and u_fcbrt_core/S_Square_c_Reg_reg[64]/D (clocked by clk). Large setup violations at the end of those stages might be difficult to fix during the post-placement implementation flow and could be the result of non-optimal XDC constraints or non-optimal design architecture
Related violations: <none>

TIMING-16#677 Warning
Large setup violation  
There is a large setup violation of -5.678 ns between u_fcbrt_core/S_Square_c_Reg_Prev_reg[2]/C (clocked by clk) and u_fcbrt_core/S_Square_c_Reg_reg[85]/D (clocked by clk). Large setup violations at the end of those stages might be difficult to fix during the post-placement implementation flow and could be the result of non-optimal XDC constraints or non-optimal design architecture
Related violations: <none>

TIMING-16#678 Warning
Large setup violation  
There is a large setup violation of -5.680 ns between u_fcbrt_core/S_Square_c_Reg_Prev_reg[2]/C (clocked by clk) and u_fcbrt_core/S_Square_c_Reg_reg[61]/D (clocked by clk). Large setup violations at the end of those stages might be difficult to fix during the post-placement implementation flow and could be the result of non-optimal XDC constraints or non-optimal design architecture
Related violations: <none>

TIMING-16#679 Warning
Large setup violation  
There is a large setup violation of -5.683 ns between u_fcbrt_core/S_Square_c_Reg_Prev_reg[2]/C (clocked by clk) and u_fcbrt_core/S_Square_c_Reg_reg[42]/D (clocked by clk). Large setup violations at the end of those stages might be difficult to fix during the post-placement implementation flow and could be the result of non-optimal XDC constraints or non-optimal design architecture
Related violations: <none>

TIMING-16#680 Warning
Large setup violation  
There is a large setup violation of -5.688 ns between u_fcbrt_core/S_Square_c_Reg_Prev_reg[2]/C (clocked by clk) and u_fcbrt_core/S_Square_c_Reg_reg[22]/D (clocked by clk). Large setup violations at the end of those stages might be difficult to fix during the post-placement implementation flow and could be the result of non-optimal XDC constraints or non-optimal design architecture
Related violations: <none>

TIMING-16#681 Warning
Large setup violation  
There is a large setup violation of -5.688 ns between u_fcbrt_core/S_Square_c_Reg_Prev_reg[2]/C (clocked by clk) and u_fcbrt_core/S_Square_c_Reg_reg[30]/D (clocked by clk). Large setup violations at the end of those stages might be difficult to fix during the post-placement implementation flow and could be the result of non-optimal XDC constraints or non-optimal design architecture
Related violations: <none>

TIMING-16#682 Warning
Large setup violation  
There is a large setup violation of -5.690 ns between u_fcbrt_core/S_Square_c_Reg_Prev_reg[2]/C (clocked by clk) and u_fcbrt_core/S_Square_c_Reg_reg[19]/D (clocked by clk). Large setup violations at the end of those stages might be difficult to fix during the post-placement implementation flow and could be the result of non-optimal XDC constraints or non-optimal design architecture
Related violations: <none>

TIMING-16#683 Warning
Large setup violation  
There is a large setup violation of -5.690 ns between u_fcbrt_core/S_Square_c_Reg_Prev_reg[2]/C (clocked by clk) and u_fcbrt_core/S_Square_c_Reg_reg[45]/D (clocked by clk). Large setup violations at the end of those stages might be difficult to fix during the post-placement implementation flow and could be the result of non-optimal XDC constraints or non-optimal design architecture
Related violations: <none>

TIMING-16#684 Warning
Large setup violation  
There is a large setup violation of -5.694 ns between u_fcbrt_core/S_Square_c_Reg_Prev_reg[2]/C (clocked by clk) and u_fcbrt_core/Residual_c_Reg_reg[113]/D (clocked by clk). Large setup violations at the end of those stages might be difficult to fix during the post-placement implementation flow and could be the result of non-optimal XDC constraints or non-optimal design architecture
Related violations: <none>

TIMING-16#685 Warning
Large setup violation  
There is a large setup violation of -5.706 ns between u_fcbrt_core/S_Square_c_Reg_Prev_reg[2]/C (clocked by clk) and u_fcbrt_core/S_Square_s_Reg_reg[54]/D (clocked by clk). Large setup violations at the end of those stages might be difficult to fix during the post-placement implementation flow and could be the result of non-optimal XDC constraints or non-optimal design architecture
Related violations: <none>

TIMING-16#686 Warning
Large setup violation  
There is a large setup violation of -5.714 ns between u_fcbrt_core/S_Square_c_Reg_Prev_reg[2]/C (clocked by clk) and u_fcbrt_core/Residual_c_Reg_reg[107]/D (clocked by clk). Large setup violations at the end of those stages might be difficult to fix during the post-placement implementation flow and could be the result of non-optimal XDC constraints or non-optimal design architecture
Related violations: <none>

TIMING-16#687 Warning
Large setup violation  
There is a large setup violation of -5.721 ns between u_fcbrt_core/S_Square_c_Reg_Prev_reg[2]/C (clocked by clk) and u_fcbrt_core/S_Square_c_Reg_reg[38]/D (clocked by clk). Large setup violations at the end of those stages might be difficult to fix during the post-placement implementation flow and could be the result of non-optimal XDC constraints or non-optimal design architecture
Related violations: <none>

TIMING-16#688 Warning
Large setup violation  
There is a large setup violation of -5.725 ns between u_fcbrt_core/S_Square_c_Reg_Prev_reg[2]/C (clocked by clk) and u_fcbrt_core/S_Square_c_Reg_reg[83]/D (clocked by clk). Large setup violations at the end of those stages might be difficult to fix during the post-placement implementation flow and could be the result of non-optimal XDC constraints or non-optimal design architecture
Related violations: <none>

TIMING-16#689 Warning
Large setup violation  
There is a large setup violation of -5.726 ns between u_fcbrt_core/S_Square_c_Reg_Prev_reg[2]/C (clocked by clk) and u_fcbrt_core/S_Square_s_Reg_reg[58]/D (clocked by clk). Large setup violations at the end of those stages might be difficult to fix during the post-placement implementation flow and could be the result of non-optimal XDC constraints or non-optimal design architecture
Related violations: <none>

TIMING-16#690 Warning
Large setup violation  
There is a large setup violation of -5.736 ns between u_fcbrt_core/S_Square_c_Reg_Prev_reg[2]/C (clocked by clk) and u_fcbrt_core/S_Square_c_Reg_reg[26]/D (clocked by clk). Large setup violations at the end of those stages might be difficult to fix during the post-placement implementation flow and could be the result of non-optimal XDC constraints or non-optimal design architecture
Related violations: <none>

TIMING-16#691 Warning
Large setup violation  
There is a large setup violation of -5.736 ns between u_fcbrt_core/S_Square_c_Reg_Prev_reg[2]/C (clocked by clk) and u_fcbrt_core/S_Square_s_Reg_reg[66]/D (clocked by clk). Large setup violations at the end of those stages might be difficult to fix during the post-placement implementation flow and could be the result of non-optimal XDC constraints or non-optimal design architecture
Related violations: <none>

TIMING-16#692 Warning
Large setup violation  
There is a large setup violation of -5.738 ns between u_fcbrt_core/S_Square_c_Reg_Prev_reg[2]/C (clocked by clk) and u_fcbrt_core/S_Square_s_Reg_reg[13]/D (clocked by clk). Large setup violations at the end of those stages might be difficult to fix during the post-placement implementation flow and could be the result of non-optimal XDC constraints or non-optimal design architecture
Related violations: <none>

TIMING-16#693 Warning
Large setup violation  
There is a large setup violation of -5.751 ns between u_fcbrt_core/S_Square_c_Reg_Prev_reg[2]/C (clocked by clk) and u_fcbrt_core/Residual_c_Reg_reg[66]/D (clocked by clk). Large setup violations at the end of those stages might be difficult to fix during the post-placement implementation flow and could be the result of non-optimal XDC constraints or non-optimal design architecture
Related violations: <none>

TIMING-16#694 Warning
Large setup violation  
There is a large setup violation of -5.754 ns between u_fcbrt_core/S_Square_c_Reg_Prev_reg[2]/C (clocked by clk) and u_fcbrt_core/Residual_s_Reg_reg[65]/D (clocked by clk). Large setup violations at the end of those stages might be difficult to fix during the post-placement implementation flow and could be the result of non-optimal XDC constraints or non-optimal design architecture
Related violations: <none>

TIMING-16#695 Warning
Large setup violation  
There is a large setup violation of -5.757 ns between u_fcbrt_core/S_Square_c_Reg_Prev_reg[2]/C (clocked by clk) and u_fcbrt_core/Residual_c_Reg_reg[94]/D (clocked by clk). Large setup violations at the end of those stages might be difficult to fix during the post-placement implementation flow and could be the result of non-optimal XDC constraints or non-optimal design architecture
Related violations: <none>

TIMING-16#696 Warning
Large setup violation  
There is a large setup violation of -5.758 ns between u_fcbrt_core/S_Square_c_Reg_Prev_reg[2]/C (clocked by clk) and u_fcbrt_core/Residual_c_Reg_reg[105]/D (clocked by clk). Large setup violations at the end of those stages might be difficult to fix during the post-placement implementation flow and could be the result of non-optimal XDC constraints or non-optimal design architecture
Related violations: <none>

TIMING-16#697 Warning
Large setup violation  
There is a large setup violation of -5.760 ns between u_fcbrt_core/S_Square_c_Reg_Prev_reg[2]/C (clocked by clk) and u_fcbrt_core/S_Square_s_Reg_reg[52]/D (clocked by clk). Large setup violations at the end of those stages might be difficult to fix during the post-placement implementation flow and could be the result of non-optimal XDC constraints or non-optimal design architecture
Related violations: <none>

TIMING-16#698 Warning
Large setup violation  
There is a large setup violation of -5.767 ns between u_fcbrt_core/S_Square_c_Reg_Prev_reg[2]/C (clocked by clk) and u_fcbrt_core/Residual_c_Reg_reg[98]/D (clocked by clk). Large setup violations at the end of those stages might be difficult to fix during the post-placement implementation flow and could be the result of non-optimal XDC constraints or non-optimal design architecture
Related violations: <none>

TIMING-16#699 Warning
Large setup violation  
There is a large setup violation of -5.768 ns between u_fcbrt_core/S_Square_c_Reg_Prev_reg[2]/C (clocked by clk) and u_fcbrt_core/Residual_s_Reg_reg[93]/D (clocked by clk). Large setup violations at the end of those stages might be difficult to fix during the post-placement implementation flow and could be the result of non-optimal XDC constraints or non-optimal design architecture
Related violations: <none>

TIMING-16#700 Warning
Large setup violation  
There is a large setup violation of -5.775 ns between u_fcbrt_core/S_Square_c_Reg_Prev_reg[2]/C (clocked by clk) and u_fcbrt_core/S_Square_c_Reg_reg[55]/D (clocked by clk). Large setup violations at the end of those stages might be difficult to fix during the post-placement implementation flow and could be the result of non-optimal XDC constraints or non-optimal design architecture
Related violations: <none>

TIMING-16#701 Warning
Large setup violation  
There is a large setup violation of -5.777 ns between u_fcbrt_core/S_Square_c_Reg_Prev_reg[2]/C (clocked by clk) and u_fcbrt_core/S_Square_s_Reg_reg[28]/D (clocked by clk). Large setup violations at the end of those stages might be difficult to fix during the post-placement implementation flow and could be the result of non-optimal XDC constraints or non-optimal design architecture
Related violations: <none>

TIMING-16#702 Warning
Large setup violation  
There is a large setup violation of -5.778 ns between u_fcbrt_core/S_Square_c_Reg_Prev_reg[2]/C (clocked by clk) and u_fcbrt_core/Residual_s_Reg_reg[94]/D (clocked by clk). Large setup violations at the end of those stages might be difficult to fix during the post-placement implementation flow and could be the result of non-optimal XDC constraints or non-optimal design architecture
Related violations: <none>

TIMING-16#703 Warning
Large setup violation  
There is a large setup violation of -5.785 ns between u_fcbrt_core/S_Square_c_Reg_Prev_reg[2]/C (clocked by clk) and u_fcbrt_core/S_Square_c_Reg_reg[50]/D (clocked by clk). Large setup violations at the end of those stages might be difficult to fix during the post-placement implementation flow and could be the result of non-optimal XDC constraints or non-optimal design architecture
Related violations: <none>

TIMING-16#704 Warning
Large setup violation  
There is a large setup violation of -5.787 ns between u_fcbrt_core/S_Square_c_Reg_Prev_reg[2]/C (clocked by clk) and u_fcbrt_postprocess/fcbrt_result_Reg_reg[52]/D (clocked by clk). Large setup violations at the end of those stages might be difficult to fix during the post-placement implementation flow and could be the result of non-optimal XDC constraints or non-optimal design architecture
Related violations: <none>

TIMING-16#705 Warning
Large setup violation  
There is a large setup violation of -5.789 ns between u_fcbrt_core/S_Square_c_Reg_Prev_reg[2]/C (clocked by clk) and u_fcbrt_core/S_Square_c_Reg_reg[46]/D (clocked by clk). Large setup violations at the end of those stages might be difficult to fix during the post-placement implementation flow and could be the result of non-optimal XDC constraints or non-optimal design architecture
Related violations: <none>

TIMING-16#706 Warning
Large setup violation  
There is a large setup violation of -5.796 ns between u_fcbrt_core/S_Square_c_Reg_Prev_reg[2]/C (clocked by clk) and u_fcbrt_core/S_Square_c_Reg_reg[54]/D (clocked by clk). Large setup violations at the end of those stages might be difficult to fix during the post-placement implementation flow and could be the result of non-optimal XDC constraints or non-optimal design architecture
Related violations: <none>

TIMING-16#707 Warning
Large setup violation  
There is a large setup violation of -5.799 ns between u_fcbrt_core/S_Square_c_Reg_Prev_reg[2]/C (clocked by clk) and u_fcbrt_core/S_Square_c_Reg_reg[48]/D (clocked by clk). Large setup violations at the end of those stages might be difficult to fix during the post-placement implementation flow and could be the result of non-optimal XDC constraints or non-optimal design architecture
Related violations: <none>

TIMING-16#708 Warning
Large setup violation  
There is a large setup violation of -5.805 ns between u_fcbrt_core/S_Square_c_Reg_Prev_reg[2]/C (clocked by clk) and u_fcbrt_core/S_Square_c_Reg_reg[44]/D (clocked by clk). Large setup violations at the end of those stages might be difficult to fix during the post-placement implementation flow and could be the result of non-optimal XDC constraints or non-optimal design architecture
Related violations: <none>

TIMING-16#709 Warning
Large setup violation  
There is a large setup violation of -5.811 ns between u_fcbrt_core/S_Square_c_Reg_Prev_reg[2]/C (clocked by clk) and u_fcbrt_core/Residual_s_Reg_reg[64]/D (clocked by clk). Large setup violations at the end of those stages might be difficult to fix during the post-placement implementation flow and could be the result of non-optimal XDC constraints or non-optimal design architecture
Related violations: <none>

TIMING-16#710 Warning
Large setup violation  
There is a large setup violation of -5.816 ns between u_fcbrt_core/S_Square_c_Reg_Prev_reg[2]/C (clocked by clk) and u_fcbrt_core/S_Square_s_Reg_reg[15]/D (clocked by clk). Large setup violations at the end of those stages might be difficult to fix during the post-placement implementation flow and could be the result of non-optimal XDC constraints or non-optimal design architecture
Related violations: <none>

TIMING-16#711 Warning
Large setup violation  
There is a large setup violation of -5.823 ns between u_fcbrt_core/S_Square_c_Reg_Prev_reg[2]/C (clocked by clk) and u_fcbrt_core/Residual_c_Reg_reg[108]/D (clocked by clk). Large setup violations at the end of those stages might be difficult to fix during the post-placement implementation flow and could be the result of non-optimal XDC constraints or non-optimal design architecture
Related violations: <none>

TIMING-16#712 Warning
Large setup violation  
There is a large setup violation of -5.824 ns between u_fcbrt_core/S_Square_c_Reg_Prev_reg[2]/C (clocked by clk) and u_fcbrt_core/Residual_s_Reg_reg[95]/D (clocked by clk). Large setup violations at the end of those stages might be difficult to fix during the post-placement implementation flow and could be the result of non-optimal XDC constraints or non-optimal design architecture
Related violations: <none>

TIMING-16#713 Warning
Large setup violation  
There is a large setup violation of -5.824 ns between u_fcbrt_core/S_Square_c_Reg_Prev_reg[2]/C (clocked by clk) and u_fcbrt_core/S_Square_c_Reg_reg[67]/D (clocked by clk). Large setup violations at the end of those stages might be difficult to fix during the post-placement implementation flow and could be the result of non-optimal XDC constraints or non-optimal design architecture
Related violations: <none>

TIMING-16#714 Warning
Large setup violation  
There is a large setup violation of -5.825 ns between u_fcbrt_core/S_Square_c_Reg_Prev_reg[2]/C (clocked by clk) and u_fcbrt_core/Residual_c_Reg_reg[6]/D (clocked by clk). Large setup violations at the end of those stages might be difficult to fix during the post-placement implementation flow and could be the result of non-optimal XDC constraints or non-optimal design architecture
Related violations: <none>

TIMING-16#715 Warning
Large setup violation  
There is a large setup violation of -5.825 ns between u_fcbrt_core/S_Square_c_Reg_Prev_reg[2]/C (clocked by clk) and u_fcbrt_core/Residual_s_Reg_reg[67]/D (clocked by clk). Large setup violations at the end of those stages might be difficult to fix during the post-placement implementation flow and could be the result of non-optimal XDC constraints or non-optimal design architecture
Related violations: <none>

TIMING-16#716 Warning
Large setup violation  
There is a large setup violation of -5.826 ns between u_fcbrt_core/S_Square_c_Reg_Prev_reg[2]/C (clocked by clk) and u_fcbrt_core/S_Square_c_Reg_reg[25]/D (clocked by clk). Large setup violations at the end of those stages might be difficult to fix during the post-placement implementation flow and could be the result of non-optimal XDC constraints or non-optimal design architecture
Related violations: <none>

TIMING-16#717 Warning
Large setup violation  
There is a large setup violation of -5.830 ns between u_fcbrt_core/S_Square_c_Reg_Prev_reg[2]/C (clocked by clk) and u_fcbrt_core/Residual_c_Reg_reg[114]/D (clocked by clk). Large setup violations at the end of those stages might be difficult to fix during the post-placement implementation flow and could be the result of non-optimal XDC constraints or non-optimal design architecture
Related violations: <none>

TIMING-16#718 Warning
Large setup violation  
There is a large setup violation of -5.831 ns between u_fcbrt_core/S_Square_c_Reg_Prev_reg[2]/C (clocked by clk) and u_fcbrt_core/Residual_c_Reg_reg[101]/D (clocked by clk). Large setup violations at the end of those stages might be difficult to fix during the post-placement implementation flow and could be the result of non-optimal XDC constraints or non-optimal design architecture
Related violations: <none>

TIMING-16#719 Warning
Large setup violation  
There is a large setup violation of -5.832 ns between u_fcbrt_core/S_Square_c_Reg_Prev_reg[2]/C (clocked by clk) and u_fcbrt_core/Residual_c_Reg_reg[96]/D (clocked by clk). Large setup violations at the end of those stages might be difficult to fix during the post-placement implementation flow and could be the result of non-optimal XDC constraints or non-optimal design architecture
Related violations: <none>

TIMING-16#720 Warning
Large setup violation  
There is a large setup violation of -5.833 ns between u_fcbrt_core/S_Square_c_Reg_Prev_reg[2]/C (clocked by clk) and u_fcbrt_core/Residual_s_Reg_reg[8]/D (clocked by clk). Large setup violations at the end of those stages might be difficult to fix during the post-placement implementation flow and could be the result of non-optimal XDC constraints or non-optimal design architecture
Related violations: <none>

TIMING-16#721 Warning
Large setup violation  
There is a large setup violation of -5.833 ns between u_fcbrt_core/S_Square_c_Reg_Prev_reg[2]/C (clocked by clk) and u_fcbrt_core/Residual_s_Reg_reg[96]/D (clocked by clk). Large setup violations at the end of those stages might be difficult to fix during the post-placement implementation flow and could be the result of non-optimal XDC constraints or non-optimal design architecture
Related violations: <none>

TIMING-16#722 Warning
Large setup violation  
There is a large setup violation of -5.834 ns between u_fcbrt_core/S_Square_c_Reg_Prev_reg[2]/C (clocked by clk) and u_fcbrt_core/S_Square_c_Reg_reg[58]/D (clocked by clk). Large setup violations at the end of those stages might be difficult to fix during the post-placement implementation flow and could be the result of non-optimal XDC constraints or non-optimal design architecture
Related violations: <none>

TIMING-16#723 Warning
Large setup violation  
There is a large setup violation of -5.836 ns between u_fcbrt_core/S_Square_c_Reg_Prev_reg[2]/C (clocked by clk) and u_fcbrt_core/S_Square_c_Reg_reg[33]/D (clocked by clk). Large setup violations at the end of those stages might be difficult to fix during the post-placement implementation flow and could be the result of non-optimal XDC constraints or non-optimal design architecture
Related violations: <none>

TIMING-16#724 Warning
Large setup violation  
There is a large setup violation of -5.836 ns between u_fcbrt_core/S_Square_c_Reg_Prev_reg[2]/C (clocked by clk) and u_fcbrt_core/S_Square_s_Reg_reg[75]/D (clocked by clk). Large setup violations at the end of those stages might be difficult to fix during the post-placement implementation flow and could be the result of non-optimal XDC constraints or non-optimal design architecture
Related violations: <none>

TIMING-16#725 Warning
Large setup violation  
There is a large setup violation of -5.852 ns between u_fcbrt_core/S_Square_c_Reg_Prev_reg[2]/C (clocked by clk) and u_fcbrt_core/S_Square_c_Reg_reg[32]/D (clocked by clk). Large setup violations at the end of those stages might be difficult to fix during the post-placement implementation flow and could be the result of non-optimal XDC constraints or non-optimal design architecture
Related violations: <none>

TIMING-16#726 Warning
Large setup violation  
There is a large setup violation of -5.853 ns between u_fcbrt_core/S_Square_c_Reg_Prev_reg[2]/C (clocked by clk) and u_fcbrt_core/S_Square_c_Reg_reg[66]/D (clocked by clk). Large setup violations at the end of those stages might be difficult to fix during the post-placement implementation flow and could be the result of non-optimal XDC constraints or non-optimal design architecture
Related violations: <none>

TIMING-16#727 Warning
Large setup violation  
There is a large setup violation of -5.868 ns between u_fcbrt_core/S_Square_c_Reg_Prev_reg[2]/C (clocked by clk) and u_fcbrt_core/S_Square_s_Reg_reg[39]/D (clocked by clk). Large setup violations at the end of those stages might be difficult to fix during the post-placement implementation flow and could be the result of non-optimal XDC constraints or non-optimal design architecture
Related violations: <none>

TIMING-16#728 Warning
Large setup violation  
There is a large setup violation of -5.868 ns between u_fcbrt_core/S_Square_c_Reg_Prev_reg[2]/C (clocked by clk) and u_fcbrt_core/S_Square_s_Reg_reg[89]/D (clocked by clk). Large setup violations at the end of those stages might be difficult to fix during the post-placement implementation flow and could be the result of non-optimal XDC constraints or non-optimal design architecture
Related violations: <none>

TIMING-16#729 Warning
Large setup violation  
There is a large setup violation of -5.871 ns between u_fcbrt_core/S_Square_c_Reg_Prev_reg[2]/C (clocked by clk) and u_fcbrt_core/Residual_s_Reg_reg[89]/D (clocked by clk). Large setup violations at the end of those stages might be difficult to fix during the post-placement implementation flow and could be the result of non-optimal XDC constraints or non-optimal design architecture
Related violations: <none>

TIMING-16#730 Warning
Large setup violation  
There is a large setup violation of -5.874 ns between u_fcbrt_core/S_Square_c_Reg_Prev_reg[2]/C (clocked by clk) and u_fcbrt_core/S_Square_s_Reg_reg[50]/D (clocked by clk). Large setup violations at the end of those stages might be difficult to fix during the post-placement implementation flow and could be the result of non-optimal XDC constraints or non-optimal design architecture
Related violations: <none>

TIMING-16#731 Warning
Large setup violation  
There is a large setup violation of -5.875 ns between u_fcbrt_core/S_Square_c_Reg_Prev_reg[2]/C (clocked by clk) and u_fcbrt_core/S_Square_s_Reg_reg[22]/D (clocked by clk). Large setup violations at the end of those stages might be difficult to fix during the post-placement implementation flow and could be the result of non-optimal XDC constraints or non-optimal design architecture
Related violations: <none>

TIMING-16#732 Warning
Large setup violation  
There is a large setup violation of -5.881 ns between u_fcbrt_core/S_Square_c_Reg_Prev_reg[2]/C (clocked by clk) and u_fcbrt_core/S_Square_s_Reg_reg[85]/D (clocked by clk). Large setup violations at the end of those stages might be difficult to fix during the post-placement implementation flow and could be the result of non-optimal XDC constraints or non-optimal design architecture
Related violations: <none>

TIMING-16#733 Warning
Large setup violation  
There is a large setup violation of -5.882 ns between u_fcbrt_core/S_Square_c_Reg_Prev_reg[2]/C (clocked by clk) and u_fcbrt_core/Residual_c_Reg_reg[85]/D (clocked by clk). Large setup violations at the end of those stages might be difficult to fix during the post-placement implementation flow and could be the result of non-optimal XDC constraints or non-optimal design architecture
Related violations: <none>

TIMING-16#734 Warning
Large setup violation  
There is a large setup violation of -5.882 ns between u_fcbrt_core/S_Square_c_Reg_Prev_reg[2]/C (clocked by clk) and u_fcbrt_core/Residual_c_Reg_reg[95]/D (clocked by clk). Large setup violations at the end of those stages might be difficult to fix during the post-placement implementation flow and could be the result of non-optimal XDC constraints or non-optimal design architecture
Related violations: <none>

TIMING-16#735 Warning
Large setup violation  
There is a large setup violation of -5.887 ns between u_fcbrt_core/S_Square_c_Reg_Prev_reg[2]/C (clocked by clk) and u_fcbrt_core/Residual_c_Reg_reg[69]/D (clocked by clk). Large setup violations at the end of those stages might be difficult to fix during the post-placement implementation flow and could be the result of non-optimal XDC constraints or non-optimal design architecture
Related violations: <none>

TIMING-16#736 Warning
Large setup violation  
There is a large setup violation of -5.889 ns between u_fcbrt_core/S_Square_c_Reg_Prev_reg[2]/C (clocked by clk) and u_fcbrt_core/S_Square_s_Reg_reg[23]/D (clocked by clk). Large setup violations at the end of those stages might be difficult to fix during the post-placement implementation flow and could be the result of non-optimal XDC constraints or non-optimal design architecture
Related violations: <none>

TIMING-16#737 Warning
Large setup violation  
There is a large setup violation of -5.891 ns between u_fcbrt_core/S_Square_c_Reg_Prev_reg[2]/C (clocked by clk) and u_fcbrt_core/Residual_s_Reg_reg[88]/D (clocked by clk). Large setup violations at the end of those stages might be difficult to fix during the post-placement implementation flow and could be the result of non-optimal XDC constraints or non-optimal design architecture
Related violations: <none>

TIMING-16#738 Warning
Large setup violation  
There is a large setup violation of -5.894 ns between u_fcbrt_core/S_Square_c_Reg_Prev_reg[2]/C (clocked by clk) and u_fcbrt_core/Residual_c_Reg_reg[100]/D (clocked by clk). Large setup violations at the end of those stages might be difficult to fix during the post-placement implementation flow and could be the result of non-optimal XDC constraints or non-optimal design architecture
Related violations: <none>

TIMING-16#739 Warning
Large setup violation  
There is a large setup violation of -5.895 ns between u_fcbrt_core/S_Square_c_Reg_Prev_reg[2]/C (clocked by clk) and u_fcbrt_core/S_Square_s_Reg_reg[95]/D (clocked by clk). Large setup violations at the end of those stages might be difficult to fix during the post-placement implementation flow and could be the result of non-optimal XDC constraints or non-optimal design architecture
Related violations: <none>

TIMING-16#740 Warning
Large setup violation  
There is a large setup violation of -5.899 ns between u_fcbrt_core/S_Square_c_Reg_Prev_reg[2]/C (clocked by clk) and u_fcbrt_core/S_Square_s_Reg_reg[32]/D (clocked by clk). Large setup violations at the end of those stages might be difficult to fix during the post-placement implementation flow and could be the result of non-optimal XDC constraints or non-optimal design architecture
Related violations: <none>

TIMING-16#741 Warning
Large setup violation  
There is a large setup violation of -5.903 ns between u_fcbrt_core/S_Square_c_Reg_Prev_reg[2]/C (clocked by clk) and u_fcbrt_core/Residual_c_Reg_reg[63]/D (clocked by clk). Large setup violations at the end of those stages might be difficult to fix during the post-placement implementation flow and could be the result of non-optimal XDC constraints or non-optimal design architecture
Related violations: <none>

TIMING-16#742 Warning
Large setup violation  
There is a large setup violation of -5.904 ns between u_fcbrt_core/S_Square_c_Reg_Prev_reg[2]/C (clocked by clk) and u_fcbrt_core/Residual_c_Reg_reg[7]/D (clocked by clk). Large setup violations at the end of those stages might be difficult to fix during the post-placement implementation flow and could be the result of non-optimal XDC constraints or non-optimal design architecture
Related violations: <none>

TIMING-16#743 Warning
Large setup violation  
There is a large setup violation of -5.905 ns between u_fcbrt_core/S_Square_c_Reg_Prev_reg[2]/C (clocked by clk) and u_fcbrt_core/S_Square_c_Reg_reg[63]/D (clocked by clk). Large setup violations at the end of those stages might be difficult to fix during the post-placement implementation flow and could be the result of non-optimal XDC constraints or non-optimal design architecture
Related violations: <none>

TIMING-16#744 Warning
Large setup violation  
There is a large setup violation of -5.906 ns between u_fcbrt_core/S_Square_c_Reg_Prev_reg[2]/C (clocked by clk) and u_fcbrt_core/Residual_c_Reg_reg[90]/D (clocked by clk). Large setup violations at the end of those stages might be difficult to fix during the post-placement implementation flow and could be the result of non-optimal XDC constraints or non-optimal design architecture
Related violations: <none>

TIMING-16#745 Warning
Large setup violation  
There is a large setup violation of -5.907 ns between u_fcbrt_core/S_Square_c_Reg_Prev_reg[2]/C (clocked by clk) and u_fcbrt_core/Residual_s_Reg_reg[5]/D (clocked by clk). Large setup violations at the end of those stages might be difficult to fix during the post-placement implementation flow and could be the result of non-optimal XDC constraints or non-optimal design architecture
Related violations: <none>

TIMING-16#746 Warning
Large setup violation  
There is a large setup violation of -5.911 ns between u_fcbrt_core/S_Square_c_Reg_Prev_reg[2]/C (clocked by clk) and u_fcbrt_core/S_Square_c_Reg_reg[52]/D (clocked by clk). Large setup violations at the end of those stages might be difficult to fix during the post-placement implementation flow and could be the result of non-optimal XDC constraints or non-optimal design architecture
Related violations: <none>

TIMING-16#747 Warning
Large setup violation  
There is a large setup violation of -5.911 ns between u_fcbrt_core/S_Square_c_Reg_Prev_reg[2]/C (clocked by clk) and u_fcbrt_core/S_Square_s_Reg_reg[93]/D (clocked by clk). Large setup violations at the end of those stages might be difficult to fix during the post-placement implementation flow and could be the result of non-optimal XDC constraints or non-optimal design architecture
Related violations: <none>

TIMING-16#748 Warning
Large setup violation  
There is a large setup violation of -5.912 ns between u_fcbrt_core/S_Square_c_Reg_Prev_reg[2]/C (clocked by clk) and u_fcbrt_core/Residual_c_Reg_reg[9]/D (clocked by clk). Large setup violations at the end of those stages might be difficult to fix during the post-placement implementation flow and could be the result of non-optimal XDC constraints or non-optimal design architecture
Related violations: <none>

TIMING-16#749 Warning
Large setup violation  
There is a large setup violation of -5.922 ns between u_fcbrt_core/S_Square_c_Reg_Prev_reg[2]/C (clocked by clk) and u_fcbrt_core/S_Square_c_Reg_reg[53]/D (clocked by clk). Large setup violations at the end of those stages might be difficult to fix during the post-placement implementation flow and could be the result of non-optimal XDC constraints or non-optimal design architecture
Related violations: <none>

TIMING-16#750 Warning
Large setup violation  
There is a large setup violation of -5.922 ns between u_fcbrt_core/S_Square_c_Reg_Prev_reg[2]/C (clocked by clk) and u_fcbrt_core/S_Square_c_Reg_reg[88]/D (clocked by clk). Large setup violations at the end of those stages might be difficult to fix during the post-placement implementation flow and could be the result of non-optimal XDC constraints or non-optimal design architecture
Related violations: <none>

TIMING-16#751 Warning
Large setup violation  
There is a large setup violation of -5.928 ns between u_fcbrt_core/S_Square_c_Reg_Prev_reg[2]/C (clocked by clk) and u_fcbrt_core/Residual_c_Reg_reg[8]/D (clocked by clk). Large setup violations at the end of those stages might be difficult to fix during the post-placement implementation flow and could be the result of non-optimal XDC constraints or non-optimal design architecture
Related violations: <none>

TIMING-16#752 Warning
Large setup violation  
There is a large setup violation of -5.929 ns between u_fcbrt_core/S_Square_c_Reg_Prev_reg[2]/C (clocked by clk) and u_fcbrt_core/Residual_s_Reg_reg[84]/D (clocked by clk). Large setup violations at the end of those stages might be difficult to fix during the post-placement implementation flow and could be the result of non-optimal XDC constraints or non-optimal design architecture
Related violations: <none>

TIMING-16#753 Warning
Large setup violation  
There is a large setup violation of -5.931 ns between u_fcbrt_core/S_Square_c_Reg_Prev_reg[2]/C (clocked by clk) and u_fcbrt_core/Residual_s_Reg_reg[12]/D (clocked by clk). Large setup violations at the end of those stages might be difficult to fix during the post-placement implementation flow and could be the result of non-optimal XDC constraints or non-optimal design architecture
Related violations: <none>

TIMING-16#754 Warning
Large setup violation  
There is a large setup violation of -5.931 ns between u_fcbrt_preprocess/start_P_reg/C (clocked by clk) and u_fcbrt_core/Residual_s_Reg_reg[99]/D (clocked by clk). Large setup violations at the end of those stages might be difficult to fix during the post-placement implementation flow and could be the result of non-optimal XDC constraints or non-optimal design architecture
Related violations: <none>

TIMING-16#755 Warning
Large setup violation  
There is a large setup violation of -5.933 ns between u_fcbrt_core/S_Square_c_Reg_Prev_reg[2]/C (clocked by clk) and u_fcbrt_core/Residual_c_Reg_reg[79]/D (clocked by clk). Large setup violations at the end of those stages might be difficult to fix during the post-placement implementation flow and could be the result of non-optimal XDC constraints or non-optimal design architecture
Related violations: <none>

TIMING-16#756 Warning
Large setup violation  
There is a large setup violation of -5.933 ns between u_fcbrt_core/S_Square_c_Reg_Prev_reg[2]/C (clocked by clk) and u_fcbrt_core/Residual_s_Reg_reg[100]/D (clocked by clk). Large setup violations at the end of those stages might be difficult to fix during the post-placement implementation flow and could be the result of non-optimal XDC constraints or non-optimal design architecture
Related violations: <none>

TIMING-16#757 Warning
Large setup violation  
There is a large setup violation of -5.937 ns between u_fcbrt_core/S_Square_c_Reg_Prev_reg[2]/C (clocked by clk) and u_fcbrt_core/S_Square_s_Reg_reg[46]/D (clocked by clk). Large setup violations at the end of those stages might be difficult to fix during the post-placement implementation flow and could be the result of non-optimal XDC constraints or non-optimal design architecture
Related violations: <none>

TIMING-16#758 Warning
Large setup violation  
There is a large setup violation of -5.938 ns between u_fcbrt_core/S_Square_c_Reg_Prev_reg[2]/C (clocked by clk) and u_fcbrt_core/Residual_c_Reg_reg[34]/D (clocked by clk). Large setup violations at the end of those stages might be difficult to fix during the post-placement implementation flow and could be the result of non-optimal XDC constraints or non-optimal design architecture
Related violations: <none>

TIMING-16#759 Warning
Large setup violation  
There is a large setup violation of -5.938 ns between u_fcbrt_core/S_Square_c_Reg_Prev_reg[2]/C (clocked by clk) and u_fcbrt_core/S_Square_s_Reg_reg[70]/D (clocked by clk). Large setup violations at the end of those stages might be difficult to fix during the post-placement implementation flow and could be the result of non-optimal XDC constraints or non-optimal design architecture
Related violations: <none>

TIMING-16#760 Warning
Large setup violation  
There is a large setup violation of -5.941 ns between u_fcbrt_core/S_Square_c_Reg_Prev_reg[2]/C (clocked by clk) and u_fcbrt_core/S_Square_s_Reg_reg[72]/D (clocked by clk). Large setup violations at the end of those stages might be difficult to fix during the post-placement implementation flow and could be the result of non-optimal XDC constraints or non-optimal design architecture
Related violations: <none>

TIMING-16#761 Warning
Large setup violation  
There is a large setup violation of -5.950 ns between u_fcbrt_core/S_Square_c_Reg_Prev_reg[2]/C (clocked by clk) and u_fcbrt_core/S_Square_c_Reg_reg[73]/D (clocked by clk). Large setup violations at the end of those stages might be difficult to fix during the post-placement implementation flow and could be the result of non-optimal XDC constraints or non-optimal design architecture
Related violations: <none>

TIMING-16#762 Warning
Large setup violation  
There is a large setup violation of -5.951 ns between u_fcbrt_core/S_Square_c_Reg_Prev_reg[2]/C (clocked by clk) and u_fcbrt_core/Residual_c_Reg_reg[13]/D (clocked by clk). Large setup violations at the end of those stages might be difficult to fix during the post-placement implementation flow and could be the result of non-optimal XDC constraints or non-optimal design architecture
Related violations: <none>

TIMING-16#763 Warning
Large setup violation  
There is a large setup violation of -5.952 ns between u_fcbrt_core/S_Square_c_Reg_Prev_reg[2]/C (clocked by clk) and u_fcbrt_core/S_Square_s_Reg_reg[30]/D (clocked by clk). Large setup violations at the end of those stages might be difficult to fix during the post-placement implementation flow and could be the result of non-optimal XDC constraints or non-optimal design architecture
Related violations: <none>

TIMING-16#764 Warning
Large setup violation  
There is a large setup violation of -5.953 ns between u_fcbrt_core/S_Square_c_Reg_Prev_reg[2]/C (clocked by clk) and u_fcbrt_core/Residual_c_Reg_reg[68]/D (clocked by clk). Large setup violations at the end of those stages might be difficult to fix during the post-placement implementation flow and could be the result of non-optimal XDC constraints or non-optimal design architecture
Related violations: <none>

TIMING-16#765 Warning
Large setup violation  
There is a large setup violation of -5.953 ns between u_fcbrt_core/S_Square_c_Reg_Prev_reg[2]/C (clocked by clk) and u_fcbrt_core/S_Square_c_Reg_reg[23]/D (clocked by clk). Large setup violations at the end of those stages might be difficult to fix during the post-placement implementation flow and could be the result of non-optimal XDC constraints or non-optimal design architecture
Related violations: <none>

TIMING-16#766 Warning
Large setup violation  
There is a large setup violation of -5.955 ns between u_fcbrt_core/S_Square_c_Reg_Prev_reg[2]/C (clocked by clk) and u_fcbrt_core/Residual_s_Reg_reg[97]/D (clocked by clk). Large setup violations at the end of those stages might be difficult to fix during the post-placement implementation flow and could be the result of non-optimal XDC constraints or non-optimal design architecture
Related violations: <none>

TIMING-16#767 Warning
Large setup violation  
There is a large setup violation of -5.957 ns between u_fcbrt_core/S_Square_c_Reg_Prev_reg[2]/C (clocked by clk) and u_fcbrt_core/Residual_c_Reg_reg[5]/D (clocked by clk). Large setup violations at the end of those stages might be difficult to fix during the post-placement implementation flow and could be the result of non-optimal XDC constraints or non-optimal design architecture
Related violations: <none>

TIMING-16#768 Warning
Large setup violation  
There is a large setup violation of -5.964 ns between u_fcbrt_core/S_Square_c_Reg_Prev_reg[2]/C (clocked by clk) and u_fcbrt_core/Residual_s_Reg_reg[68]/D (clocked by clk). Large setup violations at the end of those stages might be difficult to fix during the post-placement implementation flow and could be the result of non-optimal XDC constraints or non-optimal design architecture
Related violations: <none>

TIMING-16#769 Warning
Large setup violation  
There is a large setup violation of -5.967 ns between u_fcbrt_core/S_Square_c_Reg_Prev_reg[2]/C (clocked by clk) and u_fcbrt_core/Residual_s_Reg_reg[4]/D (clocked by clk). Large setup violations at the end of those stages might be difficult to fix during the post-placement implementation flow and could be the result of non-optimal XDC constraints or non-optimal design architecture
Related violations: <none>

TIMING-16#770 Warning
Large setup violation  
There is a large setup violation of -5.969 ns between u_fcbrt_core/S_Square_c_Reg_Prev_reg[2]/C (clocked by clk) and u_fcbrt_core/S_Square_c_Reg_reg[49]/D (clocked by clk). Large setup violations at the end of those stages might be difficult to fix during the post-placement implementation flow and could be the result of non-optimal XDC constraints or non-optimal design architecture
Related violations: <none>

TIMING-16#771 Warning
Large setup violation  
There is a large setup violation of -5.976 ns between u_fcbrt_core/S_Square_c_Reg_Prev_reg[2]/C (clocked by clk) and u_fcbrt_core/Residual_s_Reg_reg[98]/D (clocked by clk). Large setup violations at the end of those stages might be difficult to fix during the post-placement implementation flow and could be the result of non-optimal XDC constraints or non-optimal design architecture
Related violations: <none>

TIMING-16#772 Warning
Large setup violation  
There is a large setup violation of -5.979 ns between u_fcbrt_core/S_Square_c_Reg_Prev_reg[2]/C (clocked by clk) and u_fcbrt_core/Residual_c_Reg_reg[64]/D (clocked by clk). Large setup violations at the end of those stages might be difficult to fix during the post-placement implementation flow and could be the result of non-optimal XDC constraints or non-optimal design architecture
Related violations: <none>

TIMING-16#773 Warning
Large setup violation  
There is a large setup violation of -5.980 ns between u_fcbrt_core/S_Square_c_Reg_Prev_reg[2]/C (clocked by clk) and u_fcbrt_core/Residual_c_Reg_reg[81]/D (clocked by clk). Large setup violations at the end of those stages might be difficult to fix during the post-placement implementation flow and could be the result of non-optimal XDC constraints or non-optimal design architecture
Related violations: <none>

TIMING-16#774 Warning
Large setup violation  
There is a large setup violation of -5.981 ns between u_fcbrt_core/S_Square_c_Reg_Prev_reg[2]/C (clocked by clk) and u_fcbrt_core/Residual_s_Reg_reg[6]/D (clocked by clk). Large setup violations at the end of those stages might be difficult to fix during the post-placement implementation flow and could be the result of non-optimal XDC constraints or non-optimal design architecture
Related violations: <none>

TIMING-16#775 Warning
Large setup violation  
There is a large setup violation of -5.981 ns between u_fcbrt_core/S_Square_c_Reg_Prev_reg[2]/C (clocked by clk) and u_fcbrt_core/Residual_s_Reg_reg[75]/D (clocked by clk). Large setup violations at the end of those stages might be difficult to fix during the post-placement implementation flow and could be the result of non-optimal XDC constraints or non-optimal design architecture
Related violations: <none>

TIMING-16#776 Warning
Large setup violation  
There is a large setup violation of -5.981 ns between u_fcbrt_core/S_Square_c_Reg_Prev_reg[2]/C (clocked by clk) and u_fcbrt_core/Residual_s_Reg_reg[92]/D (clocked by clk). Large setup violations at the end of those stages might be difficult to fix during the post-placement implementation flow and could be the result of non-optimal XDC constraints or non-optimal design architecture
Related violations: <none>

TIMING-16#777 Warning
Large setup violation  
There is a large setup violation of -5.981 ns between u_fcbrt_core/S_Square_c_Reg_Prev_reg[2]/C (clocked by clk) and u_fcbrt_core/S_Square_c_Reg_reg[65]/D (clocked by clk). Large setup violations at the end of those stages might be difficult to fix during the post-placement implementation flow and could be the result of non-optimal XDC constraints or non-optimal design architecture
Related violations: <none>

TIMING-16#778 Warning
Large setup violation  
There is a large setup violation of -5.982 ns between u_fcbrt_core/S_Square_c_Reg_Prev_reg[2]/C (clocked by clk) and u_fcbrt_core/Residual_c_Reg_reg[99]/D (clocked by clk). Large setup violations at the end of those stages might be difficult to fix during the post-placement implementation flow and could be the result of non-optimal XDC constraints or non-optimal design architecture
Related violations: <none>

TIMING-16#779 Warning
Large setup violation  
There is a large setup violation of -5.987 ns between u_fcbrt_core/S_Square_c_Reg_Prev_reg[2]/C (clocked by clk) and u_fcbrt_core/Residual_c_Reg_reg[76]/D (clocked by clk). Large setup violations at the end of those stages might be difficult to fix during the post-placement implementation flow and could be the result of non-optimal XDC constraints or non-optimal design architecture
Related violations: <none>

TIMING-16#780 Warning
Large setup violation  
There is a large setup violation of -5.988 ns between u_fcbrt_core/S_Square_c_Reg_Prev_reg[2]/C (clocked by clk) and u_fcbrt_core/Residual_c_Reg_reg[97]/D (clocked by clk). Large setup violations at the end of those stages might be difficult to fix during the post-placement implementation flow and could be the result of non-optimal XDC constraints or non-optimal design architecture
Related violations: <none>

TIMING-16#781 Warning
Large setup violation  
There is a large setup violation of -5.989 ns between u_fcbrt_core/S_Square_c_Reg_Prev_reg[2]/C (clocked by clk) and u_fcbrt_core/S_Square_s_Reg_reg[81]/D (clocked by clk). Large setup violations at the end of those stages might be difficult to fix during the post-placement implementation flow and could be the result of non-optimal XDC constraints or non-optimal design architecture
Related violations: <none>

TIMING-16#782 Warning
Large setup violation  
There is a large setup violation of -5.991 ns between u_fcbrt_core/S_Square_c_Reg_Prev_reg[2]/C (clocked by clk) and u_fcbrt_core/S_Square_s_Reg_reg[97]/D (clocked by clk). Large setup violations at the end of those stages might be difficult to fix during the post-placement implementation flow and could be the result of non-optimal XDC constraints or non-optimal design architecture
Related violations: <none>

TIMING-16#783 Warning
Large setup violation  
There is a large setup violation of -5.993 ns between u_fcbrt_core/S_Square_c_Reg_Prev_reg[2]/C (clocked by clk) and u_fcbrt_core/Residual_c_Reg_reg[92]/D (clocked by clk). Large setup violations at the end of those stages might be difficult to fix during the post-placement implementation flow and could be the result of non-optimal XDC constraints or non-optimal design architecture
Related violations: <none>

TIMING-16#784 Warning
Large setup violation  
There is a large setup violation of -5.997 ns between u_fcbrt_core/S_Square_c_Reg_Prev_reg[2]/C (clocked by clk) and u_fcbrt_core/S_Square_c_Reg_reg[47]/D (clocked by clk). Large setup violations at the end of those stages might be difficult to fix during the post-placement implementation flow and could be the result of non-optimal XDC constraints or non-optimal design architecture
Related violations: <none>

TIMING-16#785 Warning
Large setup violation  
There is a large setup violation of -5.997 ns between u_fcbrt_core/S_Square_c_Reg_Prev_reg[2]/C (clocked by clk) and u_fcbrt_core/S_Square_s_Reg_reg[24]/D (clocked by clk). Large setup violations at the end of those stages might be difficult to fix during the post-placement implementation flow and could be the result of non-optimal XDC constraints or non-optimal design architecture
Related violations: <none>

TIMING-16#786 Warning
Large setup violation  
There is a large setup violation of -6.002 ns between u_fcbrt_core/S_Square_c_Reg_Prev_reg[2]/C (clocked by clk) and u_fcbrt_core/Residual_s_Reg_reg[78]/D (clocked by clk). Large setup violations at the end of those stages might be difficult to fix during the post-placement implementation flow and could be the result of non-optimal XDC constraints or non-optimal design architecture
Related violations: <none>

TIMING-16#787 Warning
Large setup violation  
There is a large setup violation of -6.003 ns between u_fcbrt_core/S_Square_c_Reg_Prev_reg[2]/C (clocked by clk) and u_fcbrt_core/S_Square_s_Reg_reg[83]/D (clocked by clk). Large setup violations at the end of those stages might be difficult to fix during the post-placement implementation flow and could be the result of non-optimal XDC constraints or non-optimal design architecture
Related violations: <none>

TIMING-16#788 Warning
Large setup violation  
There is a large setup violation of -6.004 ns between u_fcbrt_preprocess/start_P_reg/C (clocked by clk) and u_fcbrt_core/Residual_s_Reg_reg[101]/D (clocked by clk). Large setup violations at the end of those stages might be difficult to fix during the post-placement implementation flow and could be the result of non-optimal XDC constraints or non-optimal design architecture
Related violations: <none>

TIMING-16#789 Warning
Large setup violation  
There is a large setup violation of -6.006 ns between u_fcbrt_core/S_Square_c_Reg_Prev_reg[2]/C (clocked by clk) and u_fcbrt_core/Residual_s_Reg_reg[7]/D (clocked by clk). Large setup violations at the end of those stages might be difficult to fix during the post-placement implementation flow and could be the result of non-optimal XDC constraints or non-optimal design architecture
Related violations: <none>

TIMING-16#790 Warning
Large setup violation  
There is a large setup violation of -6.007 ns between u_fcbrt_core/S_Square_c_Reg_Prev_reg[2]/C (clocked by clk) and u_fcbrt_core/S_Square_s_Reg_reg[42]/D (clocked by clk). Large setup violations at the end of those stages might be difficult to fix during the post-placement implementation flow and could be the result of non-optimal XDC constraints or non-optimal design architecture
Related violations: <none>

TIMING-16#791 Warning
Large setup violation  
There is a large setup violation of -6.009 ns between u_fcbrt_core/S_Square_c_Reg_Prev_reg[2]/C (clocked by clk) and u_fcbrt_core/Residual_c_Reg_reg[89]/D (clocked by clk). Large setup violations at the end of those stages might be difficult to fix during the post-placement implementation flow and could be the result of non-optimal XDC constraints or non-optimal design architecture
Related violations: <none>

TIMING-16#792 Warning
Large setup violation  
There is a large setup violation of -6.009 ns between u_fcbrt_preprocess/start_P_reg/C (clocked by clk) and u_fcbrt_core/Residual_s_Reg_reg[104]/D (clocked by clk). Large setup violations at the end of those stages might be difficult to fix during the post-placement implementation flow and could be the result of non-optimal XDC constraints or non-optimal design architecture
Related violations: <none>

TIMING-16#793 Warning
Large setup violation  
There is a large setup violation of -6.011 ns between u_fcbrt_core/S_Square_c_Reg_Prev_reg[2]/C (clocked by clk) and u_fcbrt_core/Residual_c_Reg_reg[102]/D (clocked by clk). Large setup violations at the end of those stages might be difficult to fix during the post-placement implementation flow and could be the result of non-optimal XDC constraints or non-optimal design architecture
Related violations: <none>

TIMING-16#794 Warning
Large setup violation  
There is a large setup violation of -6.011 ns between u_fcbrt_core/S_Square_c_Reg_Prev_reg[2]/C (clocked by clk) and u_fcbrt_core/Residual_c_Reg_reg[59]/D (clocked by clk). Large setup violations at the end of those stages might be difficult to fix during the post-placement implementation flow and could be the result of non-optimal XDC constraints or non-optimal design architecture
Related violations: <none>

TIMING-16#795 Warning
Large setup violation  
There is a large setup violation of -6.015 ns between u_fcbrt_core/S_Square_c_Reg_Prev_reg[2]/C (clocked by clk) and u_fcbrt_core/S_Square_s_Reg_reg[48]/D (clocked by clk). Large setup violations at the end of those stages might be difficult to fix during the post-placement implementation flow and could be the result of non-optimal XDC constraints or non-optimal design architecture
Related violations: <none>

TIMING-16#796 Warning
Large setup violation  
There is a large setup violation of -6.019 ns between u_fcbrt_core/S_Square_c_Reg_Prev_reg[2]/C (clocked by clk) and u_fcbrt_core/Residual_s_Reg_reg[83]/D (clocked by clk). Large setup violations at the end of those stages might be difficult to fix during the post-placement implementation flow and could be the result of non-optimal XDC constraints or non-optimal design architecture
Related violations: <none>

TIMING-16#797 Warning
Large setup violation  
There is a large setup violation of -6.025 ns between u_fcbrt_core/S_Square_c_Reg_Prev_reg[2]/C (clocked by clk) and u_fcbrt_core/Residual_c_Reg_reg[84]/D (clocked by clk). Large setup violations at the end of those stages might be difficult to fix during the post-placement implementation flow and could be the result of non-optimal XDC constraints or non-optimal design architecture
Related violations: <none>

TIMING-16#798 Warning
Large setup violation  
There is a large setup violation of -6.032 ns between u_fcbrt_core/S_Square_c_Reg_Prev_reg[2]/C (clocked by clk) and u_fcbrt_core/S_Square_c_Reg_reg[60]/D (clocked by clk). Large setup violations at the end of those stages might be difficult to fix during the post-placement implementation flow and could be the result of non-optimal XDC constraints or non-optimal design architecture
Related violations: <none>

TIMING-16#799 Warning
Large setup violation  
There is a large setup violation of -6.032 ns between u_fcbrt_core/S_Square_c_Reg_Prev_reg[2]/C (clocked by clk) and u_fcbrt_postprocess/fcbrt_result_Reg_reg[54]/D (clocked by clk). Large setup violations at the end of those stages might be difficult to fix during the post-placement implementation flow and could be the result of non-optimal XDC constraints or non-optimal design architecture
Related violations: <none>

TIMING-16#800 Warning
Large setup violation  
There is a large setup violation of -6.040 ns between u_fcbrt_core/S_Square_c_Reg_Prev_reg[2]/C (clocked by clk) and u_fcbrt_core/Residual_c_Reg_reg[73]/D (clocked by clk). Large setup violations at the end of those stages might be difficult to fix during the post-placement implementation flow and could be the result of non-optimal XDC constraints or non-optimal design architecture
Related violations: <none>

TIMING-16#801 Warning
Large setup violation  
There is a large setup violation of -6.040 ns between u_fcbrt_core/S_Square_c_Reg_Prev_reg[2]/C (clocked by clk) and u_fcbrt_core/Residual_s_Reg_reg[63]/D (clocked by clk). Large setup violations at the end of those stages might be difficult to fix during the post-placement implementation flow and could be the result of non-optimal XDC constraints or non-optimal design architecture
Related violations: <none>

TIMING-16#802 Warning
Large setup violation  
There is a large setup violation of -6.041 ns between u_fcbrt_core/S_Square_c_Reg_Prev_reg[2]/C (clocked by clk) and u_fcbrt_core/Residual_c_Reg_reg[29]/D (clocked by clk). Large setup violations at the end of those stages might be difficult to fix during the post-placement implementation flow and could be the result of non-optimal XDC constraints or non-optimal design architecture
Related violations: <none>

TIMING-16#803 Warning
Large setup violation  
There is a large setup violation of -6.048 ns between u_fcbrt_core/S_Square_c_Reg_Prev_reg[2]/C (clocked by clk) and u_fcbrt_postprocess/fcbrt_result_Reg_reg[55]/D (clocked by clk). Large setup violations at the end of those stages might be difficult to fix during the post-placement implementation flow and could be the result of non-optimal XDC constraints or non-optimal design architecture
Related violations: <none>

TIMING-16#804 Warning
Large setup violation  
There is a large setup violation of -6.050 ns between u_fcbrt_core/S_Square_c_Reg_Prev_reg[2]/C (clocked by clk) and u_fcbrt_core/Residual_c_Reg_reg[28]/D (clocked by clk). Large setup violations at the end of those stages might be difficult to fix during the post-placement implementation flow and could be the result of non-optimal XDC constraints or non-optimal design architecture
Related violations: <none>

TIMING-16#805 Warning
Large setup violation  
There is a large setup violation of -6.050 ns between u_fcbrt_preprocess/start_P_reg/C (clocked by clk) and u_fcbrt_core/Residual_s_Reg_reg[105]/D (clocked by clk). Large setup violations at the end of those stages might be difficult to fix during the post-placement implementation flow and could be the result of non-optimal XDC constraints or non-optimal design architecture
Related violations: <none>

TIMING-16#806 Warning
Large setup violation  
There is a large setup violation of -6.051 ns between u_fcbrt_core/S_Square_c_Reg_Prev_reg[2]/C (clocked by clk) and u_fcbrt_core/Residual_s_Reg_reg[62]/D (clocked by clk). Large setup violations at the end of those stages might be difficult to fix during the post-placement implementation flow and could be the result of non-optimal XDC constraints or non-optimal design architecture
Related violations: <none>

TIMING-16#807 Warning
Large setup violation  
There is a large setup violation of -6.053 ns between u_fcbrt_core/S_Square_c_Reg_Prev_reg[2]/C (clocked by clk) and u_fcbrt_core/Residual_c_Reg_reg[87]/D (clocked by clk). Large setup violations at the end of those stages might be difficult to fix during the post-placement implementation flow and could be the result of non-optimal XDC constraints or non-optimal design architecture
Related violations: <none>

TIMING-16#808 Warning
Large setup violation  
There is a large setup violation of -6.053 ns between u_fcbrt_core/S_Square_c_Reg_Prev_reg[2]/C (clocked by clk) and u_fcbrt_core/Residual_s_Reg_reg[86]/D (clocked by clk). Large setup violations at the end of those stages might be difficult to fix during the post-placement implementation flow and could be the result of non-optimal XDC constraints or non-optimal design architecture
Related violations: <none>

TIMING-16#809 Warning
Large setup violation  
There is a large setup violation of -6.054 ns between u_fcbrt_core/S_Square_c_Reg_Prev_reg[2]/C (clocked by clk) and u_fcbrt_core/Residual_c_Reg_reg[33]/D (clocked by clk). Large setup violations at the end of those stages might be difficult to fix during the post-placement implementation flow and could be the result of non-optimal XDC constraints or non-optimal design architecture
Related violations: <none>

TIMING-16#810 Warning
Large setup violation  
There is a large setup violation of -6.056 ns between u_fcbrt_core/S_Square_c_Reg_Prev_reg[2]/C (clocked by clk) and u_fcbrt_core/Residual_s_Reg_reg[32]/D (clocked by clk). Large setup violations at the end of those stages might be difficult to fix during the post-placement implementation flow and could be the result of non-optimal XDC constraints or non-optimal design architecture
Related violations: <none>

TIMING-16#811 Warning
Large setup violation  
There is a large setup violation of -6.056 ns between u_fcbrt_core/S_Square_c_Reg_Prev_reg[2]/C (clocked by clk) and u_fcbrt_core/S_Square_s_Reg_reg[91]/D (clocked by clk). Large setup violations at the end of those stages might be difficult to fix during the post-placement implementation flow and could be the result of non-optimal XDC constraints or non-optimal design architecture
Related violations: <none>

TIMING-16#812 Warning
Large setup violation  
There is a large setup violation of -6.060 ns between u_fcbrt_core/S_Square_c_Reg_Prev_reg[2]/C (clocked by clk) and u_fcbrt_core/Residual_s_Reg_reg[28]/D (clocked by clk). Large setup violations at the end of those stages might be difficult to fix during the post-placement implementation flow and could be the result of non-optimal XDC constraints or non-optimal design architecture
Related violations: <none>

TIMING-16#813 Warning
Large setup violation  
There is a large setup violation of -6.062 ns between u_fcbrt_core/S_Square_c_Reg_Prev_reg[2]/C (clocked by clk) and u_fcbrt_core/Residual_s_Reg_reg[87]/D (clocked by clk). Large setup violations at the end of those stages might be difficult to fix during the post-placement implementation flow and could be the result of non-optimal XDC constraints or non-optimal design architecture
Related violations: <none>

TIMING-16#814 Warning
Large setup violation  
There is a large setup violation of -6.062 ns between u_fcbrt_core/S_Square_c_Reg_Prev_reg[2]/C (clocked by clk) and u_fcbrt_core/S_Square_c_Reg_reg[51]/D (clocked by clk). Large setup violations at the end of those stages might be difficult to fix during the post-placement implementation flow and could be the result of non-optimal XDC constraints or non-optimal design architecture
Related violations: <none>

TIMING-16#815 Warning
Large setup violation  
There is a large setup violation of -6.062 ns between u_fcbrt_core/S_Square_c_Reg_Prev_reg[2]/C (clocked by clk) and u_fcbrt_core/S_Square_s_Reg_reg[31]/D (clocked by clk). Large setup violations at the end of those stages might be difficult to fix during the post-placement implementation flow and could be the result of non-optimal XDC constraints or non-optimal design architecture
Related violations: <none>

TIMING-16#816 Warning
Large setup violation  
There is a large setup violation of -6.066 ns between u_fcbrt_core/S_Square_c_Reg_Prev_reg[2]/C (clocked by clk) and u_fcbrt_core/S_Square_s_Reg_reg[62]/D (clocked by clk). Large setup violations at the end of those stages might be difficult to fix during the post-placement implementation flow and could be the result of non-optimal XDC constraints or non-optimal design architecture
Related violations: <none>

TIMING-16#817 Warning
Large setup violation  
There is a large setup violation of -6.067 ns between u_fcbrt_core/S_Square_c_Reg_Prev_reg[2]/C (clocked by clk) and u_fcbrt_core/S_Square_s_Reg_reg[77]/D (clocked by clk). Large setup violations at the end of those stages might be difficult to fix during the post-placement implementation flow and could be the result of non-optimal XDC constraints or non-optimal design architecture
Related violations: <none>

TIMING-16#818 Warning
Large setup violation  
There is a large setup violation of -6.068 ns between u_fcbrt_core/S_Square_c_Reg_Prev_reg[2]/C (clocked by clk) and u_fcbrt_core/Residual_c_Reg_reg[88]/D (clocked by clk). Large setup violations at the end of those stages might be difficult to fix during the post-placement implementation flow and could be the result of non-optimal XDC constraints or non-optimal design architecture
Related violations: <none>

TIMING-16#819 Warning
Large setup violation  
There is a large setup violation of -6.069 ns between u_fcbrt_core/S_Square_c_Reg_Prev_reg[2]/C (clocked by clk) and u_fcbrt_core/S_Square_c_Reg_reg[31]/D (clocked by clk). Large setup violations at the end of those stages might be difficult to fix during the post-placement implementation flow and could be the result of non-optimal XDC constraints or non-optimal design architecture
Related violations: <none>

TIMING-16#820 Warning
Large setup violation  
There is a large setup violation of -6.084 ns between u_fcbrt_core/S_Square_c_Reg_Prev_reg[2]/C (clocked by clk) and u_fcbrt_core/Residual_s_Reg_reg[85]/D (clocked by clk). Large setup violations at the end of those stages might be difficult to fix during the post-placement implementation flow and could be the result of non-optimal XDC constraints or non-optimal design architecture
Related violations: <none>

TIMING-16#821 Warning
Large setup violation  
There is a large setup violation of -6.085 ns between u_fcbrt_core/S_Square_c_Reg_Prev_reg[2]/C (clocked by clk) and u_fcbrt_core/Residual_c_Reg_reg[58]/D (clocked by clk). Large setup violations at the end of those stages might be difficult to fix during the post-placement implementation flow and could be the result of non-optimal XDC constraints or non-optimal design architecture
Related violations: <none>

TIMING-16#822 Warning
Large setup violation  
There is a large setup violation of -6.086 ns between u_fcbrt_core/S_Square_c_Reg_Prev_reg[2]/C (clocked by clk) and u_fcbrt_core/Residual_c_Reg_reg[86]/D (clocked by clk). Large setup violations at the end of those stages might be difficult to fix during the post-placement implementation flow and could be the result of non-optimal XDC constraints or non-optimal design architecture
Related violations: <none>

TIMING-16#823 Warning
Large setup violation  
There is a large setup violation of -6.095 ns between u_fcbrt_core/S_Square_c_Reg_Prev_reg[2]/C (clocked by clk) and u_fcbrt_core/Residual_s_Reg_reg[21]/D (clocked by clk). Large setup violations at the end of those stages might be difficult to fix during the post-placement implementation flow and could be the result of non-optimal XDC constraints or non-optimal design architecture
Related violations: <none>

TIMING-16#824 Warning
Large setup violation  
There is a large setup violation of -6.095 ns between u_fcbrt_core/S_Square_c_Reg_Prev_reg[2]/C (clocked by clk) and u_fcbrt_core/Residual_s_Reg_reg[33]/D (clocked by clk). Large setup violations at the end of those stages might be difficult to fix during the post-placement implementation flow and could be the result of non-optimal XDC constraints or non-optimal design architecture
Related violations: <none>

TIMING-16#825 Warning
Large setup violation  
There is a large setup violation of -6.098 ns between u_fcbrt_core/S_Square_c_Reg_Prev_reg[2]/C (clocked by clk) and u_fcbrt_core/S_Square_s_Reg_reg[67]/D (clocked by clk). Large setup violations at the end of those stages might be difficult to fix during the post-placement implementation flow and could be the result of non-optimal XDC constraints or non-optimal design architecture
Related violations: <none>

TIMING-16#826 Warning
Large setup violation  
There is a large setup violation of -6.103 ns between u_fcbrt_core/S_Square_c_Reg_Prev_reg[2]/C (clocked by clk) and u_fcbrt_core/Residual_s_Reg_reg[35]/D (clocked by clk). Large setup violations at the end of those stages might be difficult to fix during the post-placement implementation flow and could be the result of non-optimal XDC constraints or non-optimal design architecture
Related violations: <none>

TIMING-16#827 Warning
Large setup violation  
There is a large setup violation of -6.106 ns between u_fcbrt_core/S_Square_c_Reg_Prev_reg[2]/C (clocked by clk) and u_fcbrt_core/S_Square_s_Reg_reg[68]/D (clocked by clk). Large setup violations at the end of those stages might be difficult to fix during the post-placement implementation flow and could be the result of non-optimal XDC constraints or non-optimal design architecture
Related violations: <none>

TIMING-16#828 Warning
Large setup violation  
There is a large setup violation of -6.109 ns between u_fcbrt_core/S_Square_c_Reg_Prev_reg[2]/C (clocked by clk) and u_fcbrt_postprocess/fcbrt_result_Reg_reg[53]/D (clocked by clk). Large setup violations at the end of those stages might be difficult to fix during the post-placement implementation flow and could be the result of non-optimal XDC constraints or non-optimal design architecture
Related violations: <none>

TIMING-16#829 Warning
Large setup violation  
There is a large setup violation of -6.111 ns between u_fcbrt_core/S_Square_c_Reg_Prev_reg[2]/C (clocked by clk) and u_fcbrt_core/S_Square_s_Reg_reg[64]/D (clocked by clk). Large setup violations at the end of those stages might be difficult to fix during the post-placement implementation flow and could be the result of non-optimal XDC constraints or non-optimal design architecture
Related violations: <none>

TIMING-16#830 Warning
Large setup violation  
There is a large setup violation of -6.112 ns between u_fcbrt_core/S_Square_c_Reg_Prev_reg[2]/C (clocked by clk) and u_fcbrt_core/Residual_s_Reg_reg[58]/D (clocked by clk). Large setup violations at the end of those stages might be difficult to fix during the post-placement implementation flow and could be the result of non-optimal XDC constraints or non-optimal design architecture
Related violations: <none>

TIMING-16#831 Warning
Large setup violation  
There is a large setup violation of -6.116 ns between u_fcbrt_core/S_Square_c_Reg_Prev_reg[2]/C (clocked by clk) and u_fcbrt_core/Residual_s_Reg_reg[74]/D (clocked by clk). Large setup violations at the end of those stages might be difficult to fix during the post-placement implementation flow and could be the result of non-optimal XDC constraints or non-optimal design architecture
Related violations: <none>

TIMING-16#832 Warning
Large setup violation  
There is a large setup violation of -6.118 ns between u_fcbrt_core/S_Square_c_Reg_Prev_reg[2]/C (clocked by clk) and u_fcbrt_core/Residual_c_Reg_reg[75]/D (clocked by clk). Large setup violations at the end of those stages might be difficult to fix during the post-placement implementation flow and could be the result of non-optimal XDC constraints or non-optimal design architecture
Related violations: <none>

TIMING-16#833 Warning
Large setup violation  
There is a large setup violation of -6.118 ns between u_fcbrt_core/S_Square_c_Reg_Prev_reg[2]/C (clocked by clk) and u_fcbrt_core/Residual_s_Reg_reg[34]/D (clocked by clk). Large setup violations at the end of those stages might be difficult to fix during the post-placement implementation flow and could be the result of non-optimal XDC constraints or non-optimal design architecture
Related violations: <none>

TIMING-16#834 Warning
Large setup violation  
There is a large setup violation of -6.119 ns between u_fcbrt_core/S_Square_c_Reg_Prev_reg[2]/C (clocked by clk) and u_fcbrt_core/Residual_c_Reg_reg[35]/D (clocked by clk). Large setup violations at the end of those stages might be difficult to fix during the post-placement implementation flow and could be the result of non-optimal XDC constraints or non-optimal design architecture
Related violations: <none>

TIMING-16#835 Warning
Large setup violation  
There is a large setup violation of -6.126 ns between u_fcbrt_core/S_Square_c_Reg_Prev_reg[2]/C (clocked by clk) and u_fcbrt_core/Residual_s_Reg_reg[44]/D (clocked by clk). Large setup violations at the end of those stages might be difficult to fix during the post-placement implementation flow and could be the result of non-optimal XDC constraints or non-optimal design architecture
Related violations: <none>

TIMING-16#836 Warning
Large setup violation  
There is a large setup violation of -6.127 ns between u_fcbrt_core/S_Square_c_Reg_Prev_reg[2]/C (clocked by clk) and u_fcbrt_core/S_Square_c_Reg_reg[27]/D (clocked by clk). Large setup violations at the end of those stages might be difficult to fix during the post-placement implementation flow and could be the result of non-optimal XDC constraints or non-optimal design architecture
Related violations: <none>

TIMING-16#837 Warning
Large setup violation  
There is a large setup violation of -6.129 ns between u_fcbrt_core/S_Square_c_Reg_Prev_reg[2]/C (clocked by clk) and u_fcbrt_core/Residual_s_Reg_reg[66]/D (clocked by clk). Large setup violations at the end of those stages might be difficult to fix during the post-placement implementation flow and could be the result of non-optimal XDC constraints or non-optimal design architecture
Related violations: <none>

TIMING-16#838 Warning
Large setup violation  
There is a large setup violation of -6.132 ns between u_fcbrt_core/S_Square_c_Reg_Prev_reg[2]/C (clocked by clk) and u_fcbrt_core/Residual_c_Reg_reg[67]/D (clocked by clk). Large setup violations at the end of those stages might be difficult to fix during the post-placement implementation flow and could be the result of non-optimal XDC constraints or non-optimal design architecture
Related violations: <none>

TIMING-16#839 Warning
Large setup violation  
There is a large setup violation of -6.134 ns between u_fcbrt_core/S_Square_c_Reg_Prev_reg[2]/C (clocked by clk) and u_fcbrt_core/S_Square_s_Reg_reg[41]/D (clocked by clk). Large setup violations at the end of those stages might be difficult to fix during the post-placement implementation flow and could be the result of non-optimal XDC constraints or non-optimal design architecture
Related violations: <none>

TIMING-16#840 Warning
Large setup violation  
There is a large setup violation of -6.135 ns between u_fcbrt_core/S_Square_c_Reg_Prev_reg[2]/C (clocked by clk) and u_fcbrt_core/Residual_s_Reg_reg[79]/D (clocked by clk). Large setup violations at the end of those stages might be difficult to fix during the post-placement implementation flow and could be the result of non-optimal XDC constraints or non-optimal design architecture
Related violations: <none>

TIMING-16#841 Warning
Large setup violation  
There is a large setup violation of -6.136 ns between u_fcbrt_core/S_Square_c_Reg_Prev_reg[2]/C (clocked by clk) and u_fcbrt_core/Residual_s_Reg_reg[31]/D (clocked by clk). Large setup violations at the end of those stages might be difficult to fix during the post-placement implementation flow and could be the result of non-optimal XDC constraints or non-optimal design architecture
Related violations: <none>

TIMING-16#842 Warning
Large setup violation  
There is a large setup violation of -6.136 ns between u_fcbrt_core/S_Square_c_Reg_Prev_reg[2]/C (clocked by clk) and u_fcbrt_core/S_Square_c_Reg_reg[69]/D (clocked by clk). Large setup violations at the end of those stages might be difficult to fix during the post-placement implementation flow and could be the result of non-optimal XDC constraints or non-optimal design architecture
Related violations: <none>

TIMING-16#843 Warning
Large setup violation  
There is a large setup violation of -6.139 ns between u_fcbrt_core/S_Square_c_Reg_Prev_reg[2]/C (clocked by clk) and u_fcbrt_core/S_Square_c_Reg_reg[71]/D (clocked by clk). Large setup violations at the end of those stages might be difficult to fix during the post-placement implementation flow and could be the result of non-optimal XDC constraints or non-optimal design architecture
Related violations: <none>

TIMING-16#844 Warning
Large setup violation  
There is a large setup violation of -6.140 ns between u_fcbrt_core/S_Square_c_Reg_Prev_reg[2]/C (clocked by clk) and u_fcbrt_core/Residual_c_Reg_reg[21]/D (clocked by clk). Large setup violations at the end of those stages might be difficult to fix during the post-placement implementation flow and could be the result of non-optimal XDC constraints or non-optimal design architecture
Related violations: <none>

TIMING-16#845 Warning
Large setup violation  
There is a large setup violation of -6.140 ns between u_fcbrt_core/S_Square_c_Reg_Prev_reg[2]/C (clocked by clk) and u_fcbrt_core/Residual_c_Reg_reg[30]/D (clocked by clk). Large setup violations at the end of those stages might be difficult to fix during the post-placement implementation flow and could be the result of non-optimal XDC constraints or non-optimal design architecture
Related violations: <none>

TIMING-16#846 Warning
Large setup violation  
There is a large setup violation of -6.141 ns between u_fcbrt_core/S_Square_c_Reg_Prev_reg[2]/C (clocked by clk) and u_fcbrt_core/Residual_c_Reg_reg[93]/D (clocked by clk). Large setup violations at the end of those stages might be difficult to fix during the post-placement implementation flow and could be the result of non-optimal XDC constraints or non-optimal design architecture
Related violations: <none>

TIMING-16#847 Warning
Large setup violation  
There is a large setup violation of -6.141 ns between u_fcbrt_core/S_Square_c_Reg_Prev_reg[2]/C (clocked by clk) and u_fcbrt_core/S_Square_c_Reg_reg[68]/D (clocked by clk). Large setup violations at the end of those stages might be difficult to fix during the post-placement implementation flow and could be the result of non-optimal XDC constraints or non-optimal design architecture
Related violations: <none>

TIMING-16#848 Warning
Large setup violation  
There is a large setup violation of -6.142 ns between u_fcbrt_core/S_Square_c_Reg_Prev_reg[2]/C (clocked by clk) and u_fcbrt_core/Residual_c_Reg_reg[49]/D (clocked by clk). Large setup violations at the end of those stages might be difficult to fix during the post-placement implementation flow and could be the result of non-optimal XDC constraints or non-optimal design architecture
Related violations: <none>

TIMING-16#849 Warning
Large setup violation  
There is a large setup violation of -6.149 ns between u_fcbrt_core/S_Square_c_Reg_Prev_reg[2]/C (clocked by clk) and u_fcbrt_core/Residual_c_Reg_reg[72]/D (clocked by clk). Large setup violations at the end of those stages might be difficult to fix during the post-placement implementation flow and could be the result of non-optimal XDC constraints or non-optimal design architecture
Related violations: <none>

TIMING-16#850 Warning
Large setup violation  
There is a large setup violation of -6.149 ns between u_fcbrt_core/S_Square_c_Reg_Prev_reg[2]/C (clocked by clk) and u_fcbrt_core/Residual_s_Reg_reg[81]/D (clocked by clk). Large setup violations at the end of those stages might be difficult to fix during the post-placement implementation flow and could be the result of non-optimal XDC constraints or non-optimal design architecture
Related violations: <none>

TIMING-16#851 Warning
Large setup violation  
There is a large setup violation of -6.150 ns between u_fcbrt_core/S_Square_c_Reg_Prev_reg[2]/C (clocked by clk) and u_fcbrt_core/S_Square_s_Reg_reg[35]/D (clocked by clk). Large setup violations at the end of those stages might be difficult to fix during the post-placement implementation flow and could be the result of non-optimal XDC constraints or non-optimal design architecture
Related violations: <none>

TIMING-16#852 Warning
Large setup violation  
There is a large setup violation of -6.151 ns between u_fcbrt_core/S_Square_c_Reg_Prev_reg[2]/C (clocked by clk) and u_fcbrt_core/Residual_c_Reg_reg[41]/D (clocked by clk). Large setup violations at the end of those stages might be difficult to fix during the post-placement implementation flow and could be the result of non-optimal XDC constraints or non-optimal design architecture
Related violations: <none>

TIMING-16#853 Warning
Large setup violation  
There is a large setup violation of -6.151 ns between u_fcbrt_core/S_Square_c_Reg_Prev_reg[2]/C (clocked by clk) and u_fcbrt_core/Residual_s_Reg_reg[9]/D (clocked by clk). Large setup violations at the end of those stages might be difficult to fix during the post-placement implementation flow and could be the result of non-optimal XDC constraints or non-optimal design architecture
Related violations: <none>

TIMING-16#854 Warning
Large setup violation  
There is a large setup violation of -6.151 ns between u_fcbrt_core/S_Square_c_Reg_Prev_reg[2]/C (clocked by clk) and u_fcbrt_core/S_Square_s_Reg_reg[79]/D (clocked by clk). Large setup violations at the end of those stages might be difficult to fix during the post-placement implementation flow and could be the result of non-optimal XDC constraints or non-optimal design architecture
Related violations: <none>

TIMING-16#855 Warning
Large setup violation  
There is a large setup violation of -6.154 ns between u_fcbrt_core/S_Square_c_Reg_Prev_reg[2]/C (clocked by clk) and u_fcbrt_core/S_Square_s_Reg_reg[61]/D (clocked by clk). Large setup violations at the end of those stages might be difficult to fix during the post-placement implementation flow and could be the result of non-optimal XDC constraints or non-optimal design architecture
Related violations: <none>

TIMING-16#856 Warning
Large setup violation  
There is a large setup violation of -6.155 ns between u_fcbrt_core/S_Square_c_Reg_Prev_reg[2]/C (clocked by clk) and u_fcbrt_core/Residual_s_Reg_reg[27]/D (clocked by clk). Large setup violations at the end of those stages might be difficult to fix during the post-placement implementation flow and could be the result of non-optimal XDC constraints or non-optimal design architecture
Related violations: <none>

TIMING-16#857 Warning
Large setup violation  
There is a large setup violation of -6.155 ns between u_fcbrt_core/S_Square_c_Reg_Prev_reg[2]/C (clocked by clk) and u_fcbrt_core/S_Square_s_Reg_reg[55]/D (clocked by clk). Large setup violations at the end of those stages might be difficult to fix during the post-placement implementation flow and could be the result of non-optimal XDC constraints or non-optimal design architecture
Related violations: <none>

TIMING-16#858 Warning
Large setup violation  
There is a large setup violation of -6.157 ns between u_fcbrt_core/S_Square_c_Reg_Prev_reg[2]/C (clocked by clk) and u_fcbrt_core/Residual_s_Reg_reg[57]/D (clocked by clk). Large setup violations at the end of those stages might be difficult to fix during the post-placement implementation flow and could be the result of non-optimal XDC constraints or non-optimal design architecture
Related violations: <none>

TIMING-16#859 Warning
Large setup violation  
There is a large setup violation of -6.158 ns between u_fcbrt_core/S_Square_c_Reg_Prev_reg[2]/C (clocked by clk) and u_fcbrt_core/Residual_s_Reg_reg[50]/D (clocked by clk). Large setup violations at the end of those stages might be difficult to fix during the post-placement implementation flow and could be the result of non-optimal XDC constraints or non-optimal design architecture
Related violations: <none>

TIMING-16#860 Warning
Large setup violation  
There is a large setup violation of -6.160 ns between u_fcbrt_core/S_Square_c_Reg_Prev_reg[2]/C (clocked by clk) and u_fcbrt_core/Residual_c_Reg_reg[51]/D (clocked by clk). Large setup violations at the end of those stages might be difficult to fix during the post-placement implementation flow and could be the result of non-optimal XDC constraints or non-optimal design architecture
Related violations: <none>

TIMING-16#861 Warning
Large setup violation  
There is a large setup violation of -6.160 ns between u_fcbrt_core/S_Square_c_Reg_Prev_reg[2]/C (clocked by clk) and u_fcbrt_core/Residual_c_Reg_reg[80]/D (clocked by clk). Large setup violations at the end of those stages might be difficult to fix during the post-placement implementation flow and could be the result of non-optimal XDC constraints or non-optimal design architecture
Related violations: <none>

TIMING-16#862 Warning
Large setup violation  
There is a large setup violation of -6.160 ns between u_fcbrt_core/S_Square_c_Reg_Prev_reg[2]/C (clocked by clk) and u_fcbrt_core/Residual_s_Reg_reg[69]/D (clocked by clk). Large setup violations at the end of those stages might be difficult to fix during the post-placement implementation flow and could be the result of non-optimal XDC constraints or non-optimal design architecture
Related violations: <none>

TIMING-16#863 Warning
Large setup violation  
There is a large setup violation of -6.165 ns between u_fcbrt_core/S_Square_c_Reg_Prev_reg[2]/C (clocked by clk) and u_fcbrt_core/Residual_c_Reg_reg[18]/D (clocked by clk). Large setup violations at the end of those stages might be difficult to fix during the post-placement implementation flow and could be the result of non-optimal XDC constraints or non-optimal design architecture
Related violations: <none>

TIMING-16#864 Warning
Large setup violation  
There is a large setup violation of -6.167 ns between u_fcbrt_core/S_Square_c_Reg_Prev_reg[2]/C (clocked by clk) and u_fcbrt_core/Residual_c_Reg_reg[23]/D (clocked by clk). Large setup violations at the end of those stages might be difficult to fix during the post-placement implementation flow and could be the result of non-optimal XDC constraints or non-optimal design architecture
Related violations: <none>

TIMING-16#865 Warning
Large setup violation  
There is a large setup violation of -6.168 ns between u_fcbrt_core/S_Square_c_Reg_Prev_reg[2]/C (clocked by clk) and u_fcbrt_core/Residual_s_Reg_reg[82]/D (clocked by clk). Large setup violations at the end of those stages might be difficult to fix during the post-placement implementation flow and could be the result of non-optimal XDC constraints or non-optimal design architecture
Related violations: <none>

TIMING-16#866 Warning
Large setup violation  
There is a large setup violation of -6.169 ns between u_fcbrt_core/S_Square_c_Reg_Prev_reg[2]/C (clocked by clk) and u_fcbrt_core/Residual_s_Reg_reg[17]/D (clocked by clk). Large setup violations at the end of those stages might be difficult to fix during the post-placement implementation flow and could be the result of non-optimal XDC constraints or non-optimal design architecture
Related violations: <none>

TIMING-16#867 Warning
Large setup violation  
There is a large setup violation of -6.170 ns between u_fcbrt_core/S_Square_c_Reg_Prev_reg[2]/C (clocked by clk) and u_fcbrt_core/Residual_c_Reg_reg[50]/D (clocked by clk). Large setup violations at the end of those stages might be difficult to fix during the post-placement implementation flow and could be the result of non-optimal XDC constraints or non-optimal design architecture
Related violations: <none>

TIMING-16#868 Warning
Large setup violation  
There is a large setup violation of -6.170 ns between u_fcbrt_core/S_Square_c_Reg_Prev_reg[2]/C (clocked by clk) and u_fcbrt_core/Residual_c_Reg_reg[78]/D (clocked by clk). Large setup violations at the end of those stages might be difficult to fix during the post-placement implementation flow and could be the result of non-optimal XDC constraints or non-optimal design architecture
Related violations: <none>

TIMING-16#869 Warning
Large setup violation  
There is a large setup violation of -6.170 ns between u_fcbrt_core/S_Square_c_Reg_Prev_reg[2]/C (clocked by clk) and u_fcbrt_core/Residual_s_Reg_reg[77]/D (clocked by clk). Large setup violations at the end of those stages might be difficult to fix during the post-placement implementation flow and could be the result of non-optimal XDC constraints or non-optimal design architecture
Related violations: <none>

TIMING-16#870 Warning
Large setup violation  
There is a large setup violation of -6.177 ns between u_fcbrt_core/S_Square_c_Reg_Prev_reg[2]/C (clocked by clk) and u_fcbrt_core/Residual_s_Reg_reg[20]/D (clocked by clk). Large setup violations at the end of those stages might be difficult to fix during the post-placement implementation flow and could be the result of non-optimal XDC constraints or non-optimal design architecture
Related violations: <none>

TIMING-16#871 Warning
Large setup violation  
There is a large setup violation of -6.177 ns between u_fcbrt_core/S_Square_c_Reg_Prev_reg[2]/C (clocked by clk) and u_fcbrt_core/Residual_s_Reg_reg[55]/D (clocked by clk). Large setup violations at the end of those stages might be difficult to fix during the post-placement implementation flow and could be the result of non-optimal XDC constraints or non-optimal design architecture
Related violations: <none>

TIMING-16#872 Warning
Large setup violation  
There is a large setup violation of -6.178 ns between u_fcbrt_core/S_Square_c_Reg_Prev_reg[2]/C (clocked by clk) and u_fcbrt_core/S_Square_s_Reg_reg[25]/D (clocked by clk). Large setup violations at the end of those stages might be difficult to fix during the post-placement implementation flow and could be the result of non-optimal XDC constraints or non-optimal design architecture
Related violations: <none>

TIMING-16#873 Warning
Large setup violation  
There is a large setup violation of -6.182 ns between u_fcbrt_core/S_Square_c_Reg_Prev_reg[2]/C (clocked by clk) and u_fcbrt_core/Residual_c_Reg_reg[19]/D (clocked by clk). Large setup violations at the end of those stages might be difficult to fix during the post-placement implementation flow and could be the result of non-optimal XDC constraints or non-optimal design architecture
Related violations: <none>

TIMING-16#874 Warning
Large setup violation  
There is a large setup violation of -6.183 ns between u_fcbrt_core/S_Square_c_Reg_Prev_reg[2]/C (clocked by clk) and u_fcbrt_core/Residual_c_Reg_reg[65]/D (clocked by clk). Large setup violations at the end of those stages might be difficult to fix during the post-placement implementation flow and could be the result of non-optimal XDC constraints or non-optimal design architecture
Related violations: <none>

TIMING-16#875 Warning
Large setup violation  
There is a large setup violation of -6.186 ns between u_fcbrt_core/S_Square_c_Reg_Prev_reg[2]/C (clocked by clk) and u_fcbrt_core/Residual_s_Reg_reg[61]/D (clocked by clk). Large setup violations at the end of those stages might be difficult to fix during the post-placement implementation flow and could be the result of non-optimal XDC constraints or non-optimal design architecture
Related violations: <none>

TIMING-16#876 Warning
Large setup violation  
There is a large setup violation of -6.188 ns between u_fcbrt_core/S_Square_c_Reg_Prev_reg[2]/C (clocked by clk) and u_fcbrt_core/Residual_c_Reg_reg[62]/D (clocked by clk). Large setup violations at the end of those stages might be difficult to fix during the post-placement implementation flow and could be the result of non-optimal XDC constraints or non-optimal design architecture
Related violations: <none>

TIMING-16#877 Warning
Large setup violation  
There is a large setup violation of -6.189 ns between u_fcbrt_core/S_Square_c_Reg_Prev_reg[2]/C (clocked by clk) and u_fcbrt_core/Residual_s_Reg_reg[40]/D (clocked by clk). Large setup violations at the end of those stages might be difficult to fix during the post-placement implementation flow and could be the result of non-optimal XDC constraints or non-optimal design architecture
Related violations: <none>

TIMING-16#878 Warning
Large setup violation  
There is a large setup violation of -6.189 ns between u_fcbrt_core/S_Square_c_Reg_Prev_reg[2]/C (clocked by clk) and u_fcbrt_core/Residual_s_Reg_reg[60]/D (clocked by clk). Large setup violations at the end of those stages might be difficult to fix during the post-placement implementation flow and could be the result of non-optimal XDC constraints or non-optimal design architecture
Related violations: <none>

TIMING-16#879 Warning
Large setup violation  
There is a large setup violation of -6.190 ns between u_fcbrt_core/S_Square_c_Reg_Prev_reg[2]/C (clocked by clk) and u_fcbrt_core/Residual_c_Reg_reg[54]/D (clocked by clk). Large setup violations at the end of those stages might be difficult to fix during the post-placement implementation flow and could be the result of non-optimal XDC constraints or non-optimal design architecture
Related violations: <none>

TIMING-16#880 Warning
Large setup violation  
There is a large setup violation of -6.190 ns between u_fcbrt_core/S_Square_c_Reg_Prev_reg[2]/C (clocked by clk) and u_fcbrt_core/Residual_s_Reg_reg[53]/D (clocked by clk). Large setup violations at the end of those stages might be difficult to fix during the post-placement implementation flow and could be the result of non-optimal XDC constraints or non-optimal design architecture
Related violations: <none>

TIMING-16#881 Warning
Large setup violation  
There is a large setup violation of -6.198 ns between u_fcbrt_core/S_Square_c_Reg_Prev_reg[2]/C (clocked by clk) and u_fcbrt_core/Residual_c_Reg_reg[40]/D (clocked by clk). Large setup violations at the end of those stages might be difficult to fix during the post-placement implementation flow and could be the result of non-optimal XDC constraints or non-optimal design architecture
Related violations: <none>

TIMING-16#882 Warning
Large setup violation  
There is a large setup violation of -6.202 ns between u_fcbrt_core/S_Square_c_Reg_Prev_reg[2]/C (clocked by clk) and u_fcbrt_core/Residual_s_Reg_reg[51]/D (clocked by clk). Large setup violations at the end of those stages might be difficult to fix during the post-placement implementation flow and could be the result of non-optimal XDC constraints or non-optimal design architecture
Related violations: <none>

TIMING-16#883 Warning
Large setup violation  
There is a large setup violation of -6.207 ns between u_fcbrt_core/S_Square_c_Reg_Prev_reg[2]/C (clocked by clk) and u_fcbrt_core/Residual_c_Reg_reg[77]/D (clocked by clk). Large setup violations at the end of those stages might be difficult to fix during the post-placement implementation flow and could be the result of non-optimal XDC constraints or non-optimal design architecture
Related violations: <none>

TIMING-16#884 Warning
Large setup violation  
There is a large setup violation of -6.207 ns between u_fcbrt_core/S_Square_c_Reg_Prev_reg[2]/C (clocked by clk) and u_fcbrt_postprocess/fcbrt_result_Reg_reg[60]/D (clocked by clk). Large setup violations at the end of those stages might be difficult to fix during the post-placement implementation flow and could be the result of non-optimal XDC constraints or non-optimal design architecture
Related violations: <none>

TIMING-16#885 Warning
Large setup violation  
There is a large setup violation of -6.208 ns between u_fcbrt_core/S_Square_c_Reg_Prev_reg[2]/C (clocked by clk) and u_fcbrt_core/Residual_c_Reg_reg[42]/D (clocked by clk). Large setup violations at the end of those stages might be difficult to fix during the post-placement implementation flow and could be the result of non-optimal XDC constraints or non-optimal design architecture
Related violations: <none>

TIMING-16#886 Warning
Large setup violation  
There is a large setup violation of -6.211 ns between u_fcbrt_core/S_Square_c_Reg_Prev_reg[2]/C (clocked by clk) and u_fcbrt_core/Residual_c_Reg_reg[32]/D (clocked by clk). Large setup violations at the end of those stages might be difficult to fix during the post-placement implementation flow and could be the result of non-optimal XDC constraints or non-optimal design architecture
Related violations: <none>

TIMING-16#887 Warning
Large setup violation  
There is a large setup violation of -6.213 ns between u_fcbrt_core/S_Square_c_Reg_Prev_reg[2]/C (clocked by clk) and u_fcbrt_core/Residual_s_Reg_reg[48]/D (clocked by clk). Large setup violations at the end of those stages might be difficult to fix during the post-placement implementation flow and could be the result of non-optimal XDC constraints or non-optimal design architecture
Related violations: <none>

TIMING-16#888 Warning
Large setup violation  
There is a large setup violation of -6.213 ns between u_fcbrt_core/S_Square_c_Reg_Prev_reg[2]/C (clocked by clk) and u_fcbrt_postprocess/fcbrt_result_Reg_reg[56]/D (clocked by clk). Large setup violations at the end of those stages might be difficult to fix during the post-placement implementation flow and could be the result of non-optimal XDC constraints or non-optimal design architecture
Related violations: <none>

TIMING-16#889 Warning
Large setup violation  
There is a large setup violation of -6.217 ns between u_fcbrt_core/S_Square_c_Reg_Prev_reg[2]/C (clocked by clk) and u_fcbrt_core/Residual_c_Reg_reg[45]/D (clocked by clk). Large setup violations at the end of those stages might be difficult to fix during the post-placement implementation flow and could be the result of non-optimal XDC constraints or non-optimal design architecture
Related violations: <none>

TIMING-16#890 Warning
Large setup violation  
There is a large setup violation of -6.221 ns between u_fcbrt_core/S_Square_c_Reg_Prev_reg[2]/C (clocked by clk) and u_fcbrt_core/Residual_c_Reg_reg[20]/D (clocked by clk). Large setup violations at the end of those stages might be difficult to fix during the post-placement implementation flow and could be the result of non-optimal XDC constraints or non-optimal design architecture
Related violations: <none>

TIMING-16#891 Warning
Large setup violation  
There is a large setup violation of -6.222 ns between u_fcbrt_core/S_Square_c_Reg_Prev_reg[2]/C (clocked by clk) and u_fcbrt_core/Residual_c_Reg_reg[31]/D (clocked by clk). Large setup violations at the end of those stages might be difficult to fix during the post-placement implementation flow and could be the result of non-optimal XDC constraints or non-optimal design architecture
Related violations: <none>

TIMING-16#892 Warning
Large setup violation  
There is a large setup violation of -6.222 ns between u_fcbrt_core/S_Square_c_Reg_Prev_reg[2]/C (clocked by clk) and u_fcbrt_core/Residual_c_Reg_reg[36]/D (clocked by clk). Large setup violations at the end of those stages might be difficult to fix during the post-placement implementation flow and could be the result of non-optimal XDC constraints or non-optimal design architecture
Related violations: <none>

TIMING-16#893 Warning
Large setup violation  
There is a large setup violation of -6.222 ns between u_fcbrt_core/S_Square_c_Reg_Prev_reg[2]/C (clocked by clk) and u_fcbrt_core/Residual_c_Reg_reg[57]/D (clocked by clk). Large setup violations at the end of those stages might be difficult to fix during the post-placement implementation flow and could be the result of non-optimal XDC constraints or non-optimal design architecture
Related violations: <none>

TIMING-16#894 Warning
Large setup violation  
There is a large setup violation of -6.223 ns between u_fcbrt_core/S_Square_c_Reg_Prev_reg[2]/C (clocked by clk) and u_fcbrt_core/Residual_s_Reg_reg[59]/D (clocked by clk). Large setup violations at the end of those stages might be difficult to fix during the post-placement implementation flow and could be the result of non-optimal XDC constraints or non-optimal design architecture
Related violations: <none>

TIMING-16#895 Warning
Large setup violation  
There is a large setup violation of -6.224 ns between u_fcbrt_core/S_Square_c_Reg_Prev_reg[2]/C (clocked by clk) and u_fcbrt_core/Residual_c_Reg_reg[60]/D (clocked by clk). Large setup violations at the end of those stages might be difficult to fix during the post-placement implementation flow and could be the result of non-optimal XDC constraints or non-optimal design architecture
Related violations: <none>

TIMING-16#896 Warning
Large setup violation  
There is a large setup violation of -6.226 ns between u_fcbrt_core/S_Square_c_Reg_Prev_reg[2]/C (clocked by clk) and u_fcbrt_core/Residual_c_Reg_reg[53]/D (clocked by clk). Large setup violations at the end of those stages might be difficult to fix during the post-placement implementation flow and could be the result of non-optimal XDC constraints or non-optimal design architecture
Related violations: <none>

TIMING-16#897 Warning
Large setup violation  
There is a large setup violation of -6.228 ns between u_fcbrt_core/S_Square_c_Reg_Prev_reg[2]/C (clocked by clk) and u_fcbrt_core/S_Square_s_Reg_reg[21]/D (clocked by clk). Large setup violations at the end of those stages might be difficult to fix during the post-placement implementation flow and could be the result of non-optimal XDC constraints or non-optimal design architecture
Related violations: <none>

TIMING-16#898 Warning
Large setup violation  
There is a large setup violation of -6.228 ns between u_fcbrt_core/S_Square_c_Reg_Prev_reg[2]/C (clocked by clk) and u_fcbrt_core/S_Square_s_Reg_reg[26]/D (clocked by clk). Large setup violations at the end of those stages might be difficult to fix during the post-placement implementation flow and could be the result of non-optimal XDC constraints or non-optimal design architecture
Related violations: <none>

TIMING-16#899 Warning
Large setup violation  
There is a large setup violation of -6.229 ns between u_fcbrt_core/S_Square_c_Reg_Prev_reg[2]/C (clocked by clk) and u_fcbrt_core/Residual_s_Reg_reg[11]/D (clocked by clk). Large setup violations at the end of those stages might be difficult to fix during the post-placement implementation flow and could be the result of non-optimal XDC constraints or non-optimal design architecture
Related violations: <none>

TIMING-16#900 Warning
Large setup violation  
There is a large setup violation of -6.229 ns between u_fcbrt_core/S_Square_c_Reg_Prev_reg[2]/C (clocked by clk) and u_fcbrt_core/Residual_s_Reg_reg[52]/D (clocked by clk). Large setup violations at the end of those stages might be difficult to fix during the post-placement implementation flow and could be the result of non-optimal XDC constraints or non-optimal design architecture
Related violations: <none>

TIMING-16#901 Warning
Large setup violation  
There is a large setup violation of -6.230 ns between u_fcbrt_core/S_Square_c_Reg_Prev_reg[2]/C (clocked by clk) and u_fcbrt_core/Residual_s_Reg_reg[38]/D (clocked by clk). Large setup violations at the end of those stages might be difficult to fix during the post-placement implementation flow and could be the result of non-optimal XDC constraints or non-optimal design architecture
Related violations: <none>

TIMING-16#902 Warning
Large setup violation  
There is a large setup violation of -6.230 ns between u_fcbrt_core/S_Square_c_Reg_Prev_reg[2]/C (clocked by clk) and u_fcbrt_core/Residual_s_Reg_reg[90]/D (clocked by clk). Large setup violations at the end of those stages might be difficult to fix during the post-placement implementation flow and could be the result of non-optimal XDC constraints or non-optimal design architecture
Related violations: <none>

TIMING-16#903 Warning
Large setup violation  
There is a large setup violation of -6.233 ns between u_fcbrt_core/S_Square_c_Reg_Prev_reg[2]/C (clocked by clk) and u_fcbrt_core/Residual_c_Reg_reg[55]/D (clocked by clk). Large setup violations at the end of those stages might be difficult to fix during the post-placement implementation flow and could be the result of non-optimal XDC constraints or non-optimal design architecture
Related violations: <none>

TIMING-16#904 Warning
Large setup violation  
There is a large setup violation of -6.234 ns between u_fcbrt_core/S_Square_c_Reg_Prev_reg[2]/C (clocked by clk) and u_fcbrt_core/Residual_c_Reg_reg[52]/D (clocked by clk). Large setup violations at the end of those stages might be difficult to fix during the post-placement implementation flow and could be the result of non-optimal XDC constraints or non-optimal design architecture
Related violations: <none>

TIMING-16#905 Warning
Large setup violation  
There is a large setup violation of -6.234 ns between u_fcbrt_core/S_Square_c_Reg_Prev_reg[2]/C (clocked by clk) and u_fcbrt_core/Residual_c_Reg_reg[91]/D (clocked by clk). Large setup violations at the end of those stages might be difficult to fix during the post-placement implementation flow and could be the result of non-optimal XDC constraints or non-optimal design architecture
Related violations: <none>

TIMING-16#906 Warning
Large setup violation  
There is a large setup violation of -6.236 ns between u_fcbrt_core/S_Square_c_Reg_Prev_reg[2]/C (clocked by clk) and u_fcbrt_core/Residual_s_Reg_reg[56]/D (clocked by clk). Large setup violations at the end of those stages might be difficult to fix during the post-placement implementation flow and could be the result of non-optimal XDC constraints or non-optimal design architecture
Related violations: <none>

TIMING-16#907 Warning
Large setup violation  
There is a large setup violation of -6.236 ns between u_fcbrt_preprocess/start_P_reg/C (clocked by clk) and u_fcbrt_core/Residual_s_Reg_reg[103]/D (clocked by clk). Large setup violations at the end of those stages might be difficult to fix during the post-placement implementation flow and could be the result of non-optimal XDC constraints or non-optimal design architecture
Related violations: <none>

TIMING-16#908 Warning
Large setup violation  
There is a large setup violation of -6.237 ns between u_fcbrt_core/S_Square_c_Reg_Prev_reg[2]/C (clocked by clk) and u_fcbrt_core/Residual_s_Reg_reg[91]/D (clocked by clk). Large setup violations at the end of those stages might be difficult to fix during the post-placement implementation flow and could be the result of non-optimal XDC constraints or non-optimal design architecture
Related violations: <none>

TIMING-16#909 Warning
Large setup violation  
There is a large setup violation of -6.238 ns between u_fcbrt_core/S_Square_c_Reg_Prev_reg[2]/C (clocked by clk) and u_fcbrt_core/Residual_s_Reg_reg[47]/D (clocked by clk). Large setup violations at the end of those stages might be difficult to fix during the post-placement implementation flow and could be the result of non-optimal XDC constraints or non-optimal design architecture
Related violations: <none>

TIMING-16#910 Warning
Large setup violation  
There is a large setup violation of -6.239 ns between u_fcbrt_core/S_Square_c_Reg_Prev_reg[2]/C (clocked by clk) and u_fcbrt_core/Residual_c_Reg_reg[12]/D (clocked by clk). Large setup violations at the end of those stages might be difficult to fix during the post-placement implementation flow and could be the result of non-optimal XDC constraints or non-optimal design architecture
Related violations: <none>

TIMING-16#911 Warning
Large setup violation  
There is a large setup violation of -6.240 ns between u_fcbrt_core/S_Square_c_Reg_Prev_reg[2]/C (clocked by clk) and u_fcbrt_core/Residual_s_Reg_reg[54]/D (clocked by clk). Large setup violations at the end of those stages might be difficult to fix during the post-placement implementation flow and could be the result of non-optimal XDC constraints or non-optimal design architecture
Related violations: <none>

TIMING-16#912 Warning
Large setup violation  
There is a large setup violation of -6.241 ns between u_fcbrt_core/S_Square_c_Reg_Prev_reg[2]/C (clocked by clk) and u_fcbrt_core/Residual_c_Reg_reg[74]/D (clocked by clk). Large setup violations at the end of those stages might be difficult to fix during the post-placement implementation flow and could be the result of non-optimal XDC constraints or non-optimal design architecture
Related violations: <none>

TIMING-16#913 Warning
Large setup violation  
There is a large setup violation of -6.243 ns between u_fcbrt_core/S_Square_c_Reg_Prev_reg[2]/C (clocked by clk) and u_fcbrt_core/S_Square_s_Reg_reg[43]/D (clocked by clk). Large setup violations at the end of those stages might be difficult to fix during the post-placement implementation flow and could be the result of non-optimal XDC constraints or non-optimal design architecture
Related violations: <none>

TIMING-16#914 Warning
Large setup violation  
There is a large setup violation of -6.245 ns between u_fcbrt_core/S_Square_c_Reg_Prev_reg[2]/C (clocked by clk) and u_fcbrt_core/Residual_s_Reg_reg[14]/D (clocked by clk). Large setup violations at the end of those stages might be difficult to fix during the post-placement implementation flow and could be the result of non-optimal XDC constraints or non-optimal design architecture
Related violations: <none>

TIMING-16#915 Warning
Large setup violation  
There is a large setup violation of -6.248 ns between u_fcbrt_core/S_Square_c_Reg_Prev_reg[2]/C (clocked by clk) and u_fcbrt_postprocess/fcbrt_result_Reg_reg[62]/D (clocked by clk). Large setup violations at the end of those stages might be difficult to fix during the post-placement implementation flow and could be the result of non-optimal XDC constraints or non-optimal design architecture
Related violations: <none>

TIMING-16#916 Warning
Large setup violation  
There is a large setup violation of -6.251 ns between u_fcbrt_core/S_Square_c_Reg_Prev_reg[2]/C (clocked by clk) and u_fcbrt_core/Residual_s_Reg_reg[39]/D (clocked by clk). Large setup violations at the end of those stages might be difficult to fix during the post-placement implementation flow and could be the result of non-optimal XDC constraints or non-optimal design architecture
Related violations: <none>

TIMING-16#917 Warning
Large setup violation  
There is a large setup violation of -6.252 ns between u_fcbrt_core/S_Square_c_Reg_Prev_reg[2]/C (clocked by clk) and u_fcbrt_core/Residual_c_Reg_reg[15]/D (clocked by clk). Large setup violations at the end of those stages might be difficult to fix during the post-placement implementation flow and could be the result of non-optimal XDC constraints or non-optimal design architecture
Related violations: <none>

TIMING-16#918 Warning
Large setup violation  
There is a large setup violation of -6.252 ns between u_fcbrt_core/S_Square_c_Reg_Prev_reg[2]/C (clocked by clk) and u_fcbrt_core/Residual_s_Reg_reg[37]/D (clocked by clk). Large setup violations at the end of those stages might be difficult to fix during the post-placement implementation flow and could be the result of non-optimal XDC constraints or non-optimal design architecture
Related violations: <none>

TIMING-16#919 Warning
Large setup violation  
There is a large setup violation of -6.255 ns between u_fcbrt_core/S_Square_c_Reg_Prev_reg[2]/C (clocked by clk) and u_fcbrt_core/Residual_c_Reg_reg[37]/D (clocked by clk). Large setup violations at the end of those stages might be difficult to fix during the post-placement implementation flow and could be the result of non-optimal XDC constraints or non-optimal design architecture
Related violations: <none>

TIMING-16#920 Warning
Large setup violation  
There is a large setup violation of -6.256 ns between u_fcbrt_core/S_Square_c_Reg_Prev_reg[2]/C (clocked by clk) and u_fcbrt_core/Residual_s_Reg_reg[29]/D (clocked by clk). Large setup violations at the end of those stages might be difficult to fix during the post-placement implementation flow and could be the result of non-optimal XDC constraints or non-optimal design architecture
Related violations: <none>

TIMING-16#921 Warning
Large setup violation  
There is a large setup violation of -6.257 ns between u_fcbrt_core/S_Square_c_Reg_Prev_reg[2]/C (clocked by clk) and u_fcbrt_core/Residual_s_Reg_reg[13]/D (clocked by clk). Large setup violations at the end of those stages might be difficult to fix during the post-placement implementation flow and could be the result of non-optimal XDC constraints or non-optimal design architecture
Related violations: <none>

TIMING-16#922 Warning
Large setup violation  
There is a large setup violation of -6.260 ns between u_fcbrt_core/S_Square_c_Reg_Prev_reg[2]/C (clocked by clk) and u_fcbrt_core/Residual_s_Reg_reg[36]/D (clocked by clk). Large setup violations at the end of those stages might be difficult to fix during the post-placement implementation flow and could be the result of non-optimal XDC constraints or non-optimal design architecture
Related violations: <none>

TIMING-16#923 Warning
Large setup violation  
There is a large setup violation of -6.261 ns between u_fcbrt_core/S_Square_c_Reg_Prev_reg[2]/C (clocked by clk) and u_fcbrt_core/S_Square_s_Reg_reg[45]/D (clocked by clk). Large setup violations at the end of those stages might be difficult to fix during the post-placement implementation flow and could be the result of non-optimal XDC constraints or non-optimal design architecture
Related violations: <none>

TIMING-16#924 Warning
Large setup violation  
There is a large setup violation of -6.262 ns between u_fcbrt_core/S_Square_c_Reg_Prev_reg[2]/C (clocked by clk) and u_fcbrt_core/Residual_c_Reg_reg[26]/D (clocked by clk). Large setup violations at the end of those stages might be difficult to fix during the post-placement implementation flow and could be the result of non-optimal XDC constraints or non-optimal design architecture
Related violations: <none>

TIMING-16#925 Warning
Large setup violation  
There is a large setup violation of -6.265 ns between u_fcbrt_core/S_Square_c_Reg_Prev_reg[2]/C (clocked by clk) and u_fcbrt_core/Residual_c_Reg_reg[10]/D (clocked by clk). Large setup violations at the end of those stages might be difficult to fix during the post-placement implementation flow and could be the result of non-optimal XDC constraints or non-optimal design architecture
Related violations: <none>

TIMING-16#926 Warning
Large setup violation  
There is a large setup violation of -6.265 ns between u_fcbrt_core/S_Square_c_Reg_Prev_reg[2]/C (clocked by clk) and u_fcbrt_core/Residual_s_Reg_reg[41]/D (clocked by clk). Large setup violations at the end of those stages might be difficult to fix during the post-placement implementation flow and could be the result of non-optimal XDC constraints or non-optimal design architecture
Related violations: <none>

TIMING-16#927 Warning
Large setup violation  
There is a large setup violation of -6.267 ns between u_fcbrt_core/S_Square_c_Reg_Prev_reg[2]/C (clocked by clk) and u_fcbrt_core/Residual_s_Reg_reg[22]/D (clocked by clk). Large setup violations at the end of those stages might be difficult to fix during the post-placement implementation flow and could be the result of non-optimal XDC constraints or non-optimal design architecture
Related violations: <none>

TIMING-16#928 Warning
Large setup violation  
There is a large setup violation of -6.267 ns between u_fcbrt_preprocess/start_P_reg/C (clocked by clk) and u_fcbrt_core/Residual_s_Reg_reg[102]/D (clocked by clk). Large setup violations at the end of those stages might be difficult to fix during the post-placement implementation flow and could be the result of non-optimal XDC constraints or non-optimal design architecture
Related violations: <none>

TIMING-16#929 Warning
Large setup violation  
There is a large setup violation of -6.267 ns between u_fcbrt_preprocess/start_P_reg/C (clocked by clk) and u_fcbrt_core/Residual_s_Reg_reg[108]/D (clocked by clk). Large setup violations at the end of those stages might be difficult to fix during the post-placement implementation flow and could be the result of non-optimal XDC constraints or non-optimal design architecture
Related violations: <none>

TIMING-16#930 Warning
Large setup violation  
There is a large setup violation of -6.268 ns between u_fcbrt_core/S_Square_c_Reg_Prev_reg[2]/C (clocked by clk) and u_fcbrt_core/Residual_s_Reg_reg[46]/D (clocked by clk). Large setup violations at the end of those stages might be difficult to fix during the post-placement implementation flow and could be the result of non-optimal XDC constraints or non-optimal design architecture
Related violations: <none>

TIMING-16#931 Warning
Large setup violation  
There is a large setup violation of -6.272 ns between u_fcbrt_core/S_Square_c_Reg_Prev_reg[2]/C (clocked by clk) and u_fcbrt_postprocess/fcbrt_result_Reg_reg[58]/D (clocked by clk). Large setup violations at the end of those stages might be difficult to fix during the post-placement implementation flow and could be the result of non-optimal XDC constraints or non-optimal design architecture
Related violations: <none>

TIMING-16#932 Warning
Large setup violation  
There is a large setup violation of -6.274 ns between u_fcbrt_core/S_Square_c_Reg_Prev_reg[2]/C (clocked by clk) and u_fcbrt_core/S_Square_s_Reg_reg[63]/D (clocked by clk). Large setup violations at the end of those stages might be difficult to fix during the post-placement implementation flow and could be the result of non-optimal XDC constraints or non-optimal design architecture
Related violations: <none>

TIMING-16#933 Warning
Large setup violation  
There is a large setup violation of -6.282 ns between u_fcbrt_core/S_Square_c_Reg_Prev_reg[2]/C (clocked by clk) and u_fcbrt_core/Residual_s_Reg_reg[43]/D (clocked by clk). Large setup violations at the end of those stages might be difficult to fix during the post-placement implementation flow and could be the result of non-optimal XDC constraints or non-optimal design architecture
Related violations: <none>

TIMING-16#934 Warning
Large setup violation  
There is a large setup violation of -6.283 ns between u_fcbrt_core/S_Square_c_Reg_Prev_reg[2]/C (clocked by clk) and u_fcbrt_core/S_Square_s_Reg_reg[71]/D (clocked by clk). Large setup violations at the end of those stages might be difficult to fix during the post-placement implementation flow and could be the result of non-optimal XDC constraints or non-optimal design architecture
Related violations: <none>

TIMING-16#935 Warning
Large setup violation  
There is a large setup violation of -6.283 ns between u_fcbrt_preprocess/start_P_reg/C (clocked by clk) and u_fcbrt_core/Residual_s_Reg_reg[106]/D (clocked by clk). Large setup violations at the end of those stages might be difficult to fix during the post-placement implementation flow and could be the result of non-optimal XDC constraints or non-optimal design architecture
Related violations: <none>

TIMING-16#936 Warning
Large setup violation  
There is a large setup violation of -6.285 ns between u_fcbrt_core/S_Square_c_Reg_Prev_reg[2]/C (clocked by clk) and u_fcbrt_core/Residual_c_Reg_reg[39]/D (clocked by clk). Large setup violations at the end of those stages might be difficult to fix during the post-placement implementation flow and could be the result of non-optimal XDC constraints or non-optimal design architecture
Related violations: <none>

TIMING-16#937 Warning
Large setup violation  
There is a large setup violation of -6.288 ns between u_fcbrt_core/S_Square_c_Reg_Prev_reg[2]/C (clocked by clk) and u_fcbrt_core/Residual_c_Reg_reg[22]/D (clocked by clk). Large setup violations at the end of those stages might be difficult to fix during the post-placement implementation flow and could be the result of non-optimal XDC constraints or non-optimal design architecture
Related violations: <none>

TIMING-16#938 Warning
Large setup violation  
There is a large setup violation of -6.288 ns between u_fcbrt_core/S_Square_c_Reg_Prev_reg[2]/C (clocked by clk) and u_fcbrt_core/Residual_s_Reg_reg[49]/D (clocked by clk). Large setup violations at the end of those stages might be difficult to fix during the post-placement implementation flow and could be the result of non-optimal XDC constraints or non-optimal design architecture
Related violations: <none>

TIMING-16#939 Warning
Large setup violation  
There is a large setup violation of -6.290 ns between u_fcbrt_core/S_Square_c_Reg_Prev_reg[2]/C (clocked by clk) and u_fcbrt_core/S_Square_s_Reg_reg[49]/D (clocked by clk). Large setup violations at the end of those stages might be difficult to fix during the post-placement implementation flow and could be the result of non-optimal XDC constraints or non-optimal design architecture
Related violations: <none>

TIMING-16#940 Warning
Large setup violation  
There is a large setup violation of -6.291 ns between u_fcbrt_core/S_Square_c_Reg_Prev_reg[2]/C (clocked by clk) and u_fcbrt_core/Residual_c_Reg_reg[82]/D (clocked by clk). Large setup violations at the end of those stages might be difficult to fix during the post-placement implementation flow and could be the result of non-optimal XDC constraints or non-optimal design architecture
Related violations: <none>

TIMING-16#941 Warning
Large setup violation  
There is a large setup violation of -6.291 ns between u_fcbrt_core/S_Square_c_Reg_Prev_reg[2]/C (clocked by clk) and u_fcbrt_core/Residual_s_Reg_reg[25]/D (clocked by clk). Large setup violations at the end of those stages might be difficult to fix during the post-placement implementation flow and could be the result of non-optimal XDC constraints or non-optimal design architecture
Related violations: <none>

TIMING-16#942 Warning
Large setup violation  
There is a large setup violation of -6.292 ns between u_fcbrt_preprocess/start_P_reg/C (clocked by clk) and u_fcbrt_core/Residual_s_Reg_reg[109]/D (clocked by clk). Large setup violations at the end of those stages might be difficult to fix during the post-placement implementation flow and could be the result of non-optimal XDC constraints or non-optimal design architecture
Related violations: <none>

TIMING-16#943 Warning
Large setup violation  
There is a large setup violation of -6.294 ns between u_fcbrt_core/S_Square_c_Reg_Prev_reg[2]/C (clocked by clk) and u_fcbrt_core/S_Square_c_Reg_reg[72]/D (clocked by clk). Large setup violations at the end of those stages might be difficult to fix during the post-placement implementation flow and could be the result of non-optimal XDC constraints or non-optimal design architecture
Related violations: <none>

TIMING-16#944 Warning
Large setup violation  
There is a large setup violation of -6.297 ns between u_fcbrt_core/S_Square_c_Reg_Prev_reg[2]/C (clocked by clk) and u_fcbrt_core/Residual_c_Reg_reg[48]/D (clocked by clk). Large setup violations at the end of those stages might be difficult to fix during the post-placement implementation flow and could be the result of non-optimal XDC constraints or non-optimal design architecture
Related violations: <none>

TIMING-16#945 Warning
Large setup violation  
There is a large setup violation of -6.299 ns between u_fcbrt_core/S_Square_c_Reg_Prev_reg[2]/C (clocked by clk) and u_fcbrt_core/S_Square_s_Reg_reg[37]/D (clocked by clk). Large setup violations at the end of those stages might be difficult to fix during the post-placement implementation flow and could be the result of non-optimal XDC constraints or non-optimal design architecture
Related violations: <none>

TIMING-16#946 Warning
Large setup violation  
There is a large setup violation of -6.302 ns between u_fcbrt_core/S_Square_c_Reg_Prev_reg[2]/C (clocked by clk) and u_fcbrt_core/Residual_s_Reg_reg[45]/D (clocked by clk). Large setup violations at the end of those stages might be difficult to fix during the post-placement implementation flow and could be the result of non-optimal XDC constraints or non-optimal design architecture
Related violations: <none>

TIMING-16#947 Warning
Large setup violation  
There is a large setup violation of -6.303 ns between u_fcbrt_core/S_Square_c_Reg_Prev_reg[2]/C (clocked by clk) and u_fcbrt_core/Residual_c_Reg_reg[70]/D (clocked by clk). Large setup violations at the end of those stages might be difficult to fix during the post-placement implementation flow and could be the result of non-optimal XDC constraints or non-optimal design architecture
Related violations: <none>

TIMING-16#948 Warning
Large setup violation  
There is a large setup violation of -6.304 ns between u_fcbrt_core/S_Square_c_Reg_Prev_reg[2]/C (clocked by clk) and u_fcbrt_core/Residual_c_Reg_reg[38]/D (clocked by clk). Large setup violations at the end of those stages might be difficult to fix during the post-placement implementation flow and could be the result of non-optimal XDC constraints or non-optimal design architecture
Related violations: <none>

TIMING-16#949 Warning
Large setup violation  
There is a large setup violation of -6.304 ns between u_fcbrt_core/S_Square_c_Reg_Prev_reg[2]/C (clocked by clk) and u_fcbrt_core/Residual_s_Reg_reg[30]/D (clocked by clk). Large setup violations at the end of those stages might be difficult to fix during the post-placement implementation flow and could be the result of non-optimal XDC constraints or non-optimal design architecture
Related violations: <none>

TIMING-16#950 Warning
Large setup violation  
There is a large setup violation of -6.306 ns between u_fcbrt_core/S_Square_c_Reg_Prev_reg[2]/C (clocked by clk) and u_fcbrt_core/Residual_c_Reg_reg[46]/D (clocked by clk). Large setup violations at the end of those stages might be difficult to fix during the post-placement implementation flow and could be the result of non-optimal XDC constraints or non-optimal design architecture
Related violations: <none>

TIMING-16#951 Warning
Large setup violation  
There is a large setup violation of -6.310 ns between u_fcbrt_core/S_Square_c_Reg_Prev_reg[2]/C (clocked by clk) and u_fcbrt_core/S_Square_s_Reg_reg[65]/D (clocked by clk). Large setup violations at the end of those stages might be difficult to fix during the post-placement implementation flow and could be the result of non-optimal XDC constraints or non-optimal design architecture
Related violations: <none>

TIMING-16#952 Warning
Large setup violation  
There is a large setup violation of -6.311 ns between u_fcbrt_core/S_Square_c_Reg_Prev_reg[2]/C (clocked by clk) and u_fcbrt_core/S_Square_c_Reg_reg[70]/D (clocked by clk). Large setup violations at the end of those stages might be difficult to fix during the post-placement implementation flow and could be the result of non-optimal XDC constraints or non-optimal design architecture
Related violations: <none>

TIMING-16#953 Warning
Large setup violation  
There is a large setup violation of -6.314 ns between u_fcbrt_core/S_Square_c_Reg_Prev_reg[2]/C (clocked by clk) and u_fcbrt_core/S_Square_c_Reg_reg[43]/D (clocked by clk). Large setup violations at the end of those stages might be difficult to fix during the post-placement implementation flow and could be the result of non-optimal XDC constraints or non-optimal design architecture
Related violations: <none>

TIMING-16#954 Warning
Large setup violation  
There is a large setup violation of -6.321 ns between u_fcbrt_core/S_Square_c_Reg_Prev_reg[2]/C (clocked by clk) and u_fcbrt_core/Residual_s_Reg_reg[18]/D (clocked by clk). Large setup violations at the end of those stages might be difficult to fix during the post-placement implementation flow and could be the result of non-optimal XDC constraints or non-optimal design architecture
Related violations: <none>

TIMING-16#955 Warning
Large setup violation  
There is a large setup violation of -6.324 ns between u_fcbrt_core/S_Square_c_Reg_Prev_reg[2]/C (clocked by clk) and u_fcbrt_core/Residual_s_Reg_reg[70]/D (clocked by clk). Large setup violations at the end of those stages might be difficult to fix during the post-placement implementation flow and could be the result of non-optimal XDC constraints or non-optimal design architecture
Related violations: <none>

TIMING-16#956 Warning
Large setup violation  
There is a large setup violation of -6.327 ns between u_fcbrt_core/S_Square_c_Reg_Prev_reg[2]/C (clocked by clk) and u_fcbrt_core/Residual_s_Reg_reg[80]/D (clocked by clk). Large setup violations at the end of those stages might be difficult to fix during the post-placement implementation flow and could be the result of non-optimal XDC constraints or non-optimal design architecture
Related violations: <none>

TIMING-16#957 Warning
Large setup violation  
There is a large setup violation of -6.329 ns between u_fcbrt_core/S_Square_c_Reg_Prev_reg[2]/C (clocked by clk) and u_fcbrt_core/Residual_c_Reg_reg[47]/D (clocked by clk). Large setup violations at the end of those stages might be difficult to fix during the post-placement implementation flow and could be the result of non-optimal XDC constraints or non-optimal design architecture
Related violations: <none>

TIMING-16#958 Warning
Large setup violation  
There is a large setup violation of -6.331 ns between u_fcbrt_core/S_Square_c_Reg_Prev_reg[2]/C (clocked by clk) and u_fcbrt_core/Residual_s_Reg_reg[10]/D (clocked by clk). Large setup violations at the end of those stages might be difficult to fix during the post-placement implementation flow and could be the result of non-optimal XDC constraints or non-optimal design architecture
Related violations: <none>

TIMING-16#959 Warning
Large setup violation  
There is a large setup violation of -6.333 ns between u_fcbrt_core/S_Square_c_Reg_Prev_reg[2]/C (clocked by clk) and u_fcbrt_core/Residual_c_Reg_reg[25]/D (clocked by clk). Large setup violations at the end of those stages might be difficult to fix during the post-placement implementation flow and could be the result of non-optimal XDC constraints or non-optimal design architecture
Related violations: <none>

TIMING-16#960 Warning
Large setup violation  
There is a large setup violation of -6.336 ns between u_fcbrt_core/S_Square_c_Reg_Prev_reg[2]/C (clocked by clk) and u_fcbrt_core/Residual_s_Reg_reg[71]/D (clocked by clk). Large setup violations at the end of those stages might be difficult to fix during the post-placement implementation flow and could be the result of non-optimal XDC constraints or non-optimal design architecture
Related violations: <none>

TIMING-16#961 Warning
Large setup violation  
There is a large setup violation of -6.338 ns between u_fcbrt_core/S_Square_c_Reg_Prev_reg[2]/C (clocked by clk) and u_fcbrt_core/Residual_c_Reg_reg[56]/D (clocked by clk). Large setup violations at the end of those stages might be difficult to fix during the post-placement implementation flow and could be the result of non-optimal XDC constraints or non-optimal design architecture
Related violations: <none>

TIMING-16#962 Warning
Large setup violation  
There is a large setup violation of -6.338 ns between u_fcbrt_core/S_Square_c_Reg_Prev_reg[2]/C (clocked by clk) and u_fcbrt_core/Residual_s_Reg_reg[73]/D (clocked by clk). Large setup violations at the end of those stages might be difficult to fix during the post-placement implementation flow and could be the result of non-optimal XDC constraints or non-optimal design architecture
Related violations: <none>

TIMING-16#963 Warning
Large setup violation  
There is a large setup violation of -6.338 ns between u_fcbrt_core/S_Square_c_Reg_Prev_reg[2]/C (clocked by clk) and u_fcbrt_core/S_Square_s_Reg_reg[53]/D (clocked by clk). Large setup violations at the end of those stages might be difficult to fix during the post-placement implementation flow and could be the result of non-optimal XDC constraints or non-optimal design architecture
Related violations: <none>

TIMING-16#964 Warning
Large setup violation  
There is a large setup violation of -6.343 ns between u_fcbrt_core/S_Square_c_Reg_Prev_reg[2]/C (clocked by clk) and u_fcbrt_core/Residual_c_Reg_reg[17]/D (clocked by clk). Large setup violations at the end of those stages might be difficult to fix during the post-placement implementation flow and could be the result of non-optimal XDC constraints or non-optimal design architecture
Related violations: <none>

TIMING-16#965 Warning
Large setup violation  
There is a large setup violation of -6.346 ns between u_fcbrt_core/S_Square_c_Reg_Prev_reg[2]/C (clocked by clk) and u_fcbrt_core/Residual_s_Reg_reg[16]/D (clocked by clk). Large setup violations at the end of those stages might be difficult to fix during the post-placement implementation flow and could be the result of non-optimal XDC constraints or non-optimal design architecture
Related violations: <none>

TIMING-16#966 Warning
Large setup violation  
There is a large setup violation of -6.353 ns between u_fcbrt_core/S_Square_c_Reg_Prev_reg[2]/C (clocked by clk) and u_fcbrt_core/Residual_c_Reg_reg[83]/D (clocked by clk). Large setup violations at the end of those stages might be difficult to fix during the post-placement implementation flow and could be the result of non-optimal XDC constraints or non-optimal design architecture
Related violations: <none>

TIMING-16#967 Warning
Large setup violation  
There is a large setup violation of -6.353 ns between u_fcbrt_core/S_Square_c_Reg_Prev_reg[2]/C (clocked by clk) and u_fcbrt_core/S_Square_s_Reg_reg[47]/D (clocked by clk). Large setup violations at the end of those stages might be difficult to fix during the post-placement implementation flow and could be the result of non-optimal XDC constraints or non-optimal design architecture
Related violations: <none>

TIMING-16#968 Warning
Large setup violation  
There is a large setup violation of -6.353 ns between u_fcbrt_core/S_Square_c_Reg_Prev_reg[2]/C (clocked by clk) and u_fcbrt_core/S_Square_s_Reg_reg[87]/D (clocked by clk). Large setup violations at the end of those stages might be difficult to fix during the post-placement implementation flow and could be the result of non-optimal XDC constraints or non-optimal design architecture
Related violations: <none>

TIMING-16#969 Warning
Large setup violation  
There is a large setup violation of -6.353 ns between u_fcbrt_core/S_Square_c_Reg_Prev_reg[2]/C (clocked by clk) and u_fcbrt_postprocess/fcbrt_result_Reg_reg[59]/D (clocked by clk). Large setup violations at the end of those stages might be difficult to fix during the post-placement implementation flow and could be the result of non-optimal XDC constraints or non-optimal design architecture
Related violations: <none>

TIMING-16#970 Warning
Large setup violation  
There is a large setup violation of -6.357 ns between u_fcbrt_core/S_Square_c_Reg_Prev_reg[2]/C (clocked by clk) and u_fcbrt_core/S_Square_s_Reg_reg[51]/D (clocked by clk). Large setup violations at the end of those stages might be difficult to fix during the post-placement implementation flow and could be the result of non-optimal XDC constraints or non-optimal design architecture
Related violations: <none>

TIMING-16#971 Warning
Large setup violation  
There is a large setup violation of -6.368 ns between u_fcbrt_core/S_Square_c_Reg_Prev_reg[2]/C (clocked by clk) and u_fcbrt_postprocess/fcbrt_result_Reg_reg[61]/D (clocked by clk). Large setup violations at the end of those stages might be difficult to fix during the post-placement implementation flow and could be the result of non-optimal XDC constraints or non-optimal design architecture
Related violations: <none>

TIMING-16#972 Warning
Large setup violation  
There is a large setup violation of -6.369 ns between u_fcbrt_core/S_Square_c_Reg_Prev_reg[2]/C (clocked by clk) and u_fcbrt_core/Residual_c_Reg_reg[43]/D (clocked by clk). Large setup violations at the end of those stages might be difficult to fix during the post-placement implementation flow and could be the result of non-optimal XDC constraints or non-optimal design architecture
Related violations: <none>

TIMING-16#973 Warning
Large setup violation  
There is a large setup violation of -6.369 ns between u_fcbrt_core/S_Square_c_Reg_Prev_reg[2]/C (clocked by clk) and u_fcbrt_postprocess/fcbrt_result_Reg_reg[57]/D (clocked by clk). Large setup violations at the end of those stages might be difficult to fix during the post-placement implementation flow and could be the result of non-optimal XDC constraints or non-optimal design architecture
Related violations: <none>

TIMING-16#974 Warning
Large setup violation  
There is a large setup violation of -6.373 ns between u_fcbrt_core/S_Square_c_Reg_Prev_reg[2]/C (clocked by clk) and u_fcbrt_core/Residual_c_Reg_reg[16]/D (clocked by clk). Large setup violations at the end of those stages might be difficult to fix during the post-placement implementation flow and could be the result of non-optimal XDC constraints or non-optimal design architecture
Related violations: <none>

TIMING-16#975 Warning
Large setup violation  
There is a large setup violation of -6.373 ns between u_fcbrt_core/S_Square_c_Reg_Prev_reg[2]/C (clocked by clk) and u_fcbrt_core/Residual_s_Reg_reg[15]/D (clocked by clk). Large setup violations at the end of those stages might be difficult to fix during the post-placement implementation flow and could be the result of non-optimal XDC constraints or non-optimal design architecture
Related violations: <none>

TIMING-16#976 Warning
Large setup violation  
There is a large setup violation of -6.375 ns between u_fcbrt_core/S_Square_c_Reg_Prev_reg[2]/C (clocked by clk) and u_fcbrt_core/Residual_c_Reg_reg[61]/D (clocked by clk). Large setup violations at the end of those stages might be difficult to fix during the post-placement implementation flow and could be the result of non-optimal XDC constraints or non-optimal design architecture
Related violations: <none>

TIMING-16#977 Warning
Large setup violation  
There is a large setup violation of -6.379 ns between u_fcbrt_core/S_Square_c_Reg_Prev_reg[2]/C (clocked by clk) and u_fcbrt_core/Residual_s_Reg_reg[72]/D (clocked by clk). Large setup violations at the end of those stages might be difficult to fix during the post-placement implementation flow and could be the result of non-optimal XDC constraints or non-optimal design architecture
Related violations: <none>

TIMING-16#978 Warning
Large setup violation  
There is a large setup violation of -6.381 ns between u_fcbrt_core/S_Square_c_Reg_Prev_reg[2]/C (clocked by clk) and u_fcbrt_core/Residual_c_Reg_reg[14]/D (clocked by clk). Large setup violations at the end of those stages might be difficult to fix during the post-placement implementation flow and could be the result of non-optimal XDC constraints or non-optimal design architecture
Related violations: <none>

TIMING-16#979 Warning
Large setup violation  
There is a large setup violation of -6.385 ns between u_fcbrt_preprocess/start_P_reg/C (clocked by clk) and u_fcbrt_core/Residual_s_Reg_reg[107]/D (clocked by clk). Large setup violations at the end of those stages might be difficult to fix during the post-placement implementation flow and could be the result of non-optimal XDC constraints or non-optimal design architecture
Related violations: <none>

TIMING-16#980 Warning
Large setup violation  
There is a large setup violation of -6.388 ns between u_fcbrt_core/S_Square_c_Reg_Prev_reg[2]/C (clocked by clk) and u_fcbrt_core/Residual_s_Reg_reg[26]/D (clocked by clk). Large setup violations at the end of those stages might be difficult to fix during the post-placement implementation flow and could be the result of non-optimal XDC constraints or non-optimal design architecture
Related violations: <none>

TIMING-16#981 Warning
Large setup violation  
There is a large setup violation of -6.391 ns between u_fcbrt_preprocess/start_P_reg/C (clocked by clk) and u_fcbrt_core/Residual_s_Reg_reg[114]/D (clocked by clk). Large setup violations at the end of those stages might be difficult to fix during the post-placement implementation flow and could be the result of non-optimal XDC constraints or non-optimal design architecture
Related violations: <none>

TIMING-16#982 Warning
Large setup violation  
There is a large setup violation of -6.394 ns between u_fcbrt_core/S_Square_c_Reg_Prev_reg[2]/C (clocked by clk) and u_fcbrt_core/Residual_s_Reg_reg[76]/D (clocked by clk). Large setup violations at the end of those stages might be difficult to fix during the post-placement implementation flow and could be the result of non-optimal XDC constraints or non-optimal design architecture
Related violations: <none>

TIMING-16#983 Warning
Large setup violation  
There is a large setup violation of -6.402 ns between u_fcbrt_core/S_Square_c_Reg_Prev_reg[2]/C (clocked by clk) and u_fcbrt_core/Residual_s_Reg_reg[24]/D (clocked by clk). Large setup violations at the end of those stages might be difficult to fix during the post-placement implementation flow and could be the result of non-optimal XDC constraints or non-optimal design architecture
Related violations: <none>

TIMING-16#984 Warning
Large setup violation  
There is a large setup violation of -6.407 ns between u_fcbrt_core/S_Square_c_Reg_Prev_reg[2]/C (clocked by clk) and u_fcbrt_core/S_Square_s_Reg_reg[69]/D (clocked by clk). Large setup violations at the end of those stages might be difficult to fix during the post-placement implementation flow and could be the result of non-optimal XDC constraints or non-optimal design architecture
Related violations: <none>

TIMING-16#985 Warning
Large setup violation  
There is a large setup violation of -6.408 ns between u_fcbrt_core/S_Square_c_Reg_Prev_reg[2]/C (clocked by clk) and u_fcbrt_core/Residual_s_Reg_reg[19]/D (clocked by clk). Large setup violations at the end of those stages might be difficult to fix during the post-placement implementation flow and could be the result of non-optimal XDC constraints or non-optimal design architecture
Related violations: <none>

TIMING-16#986 Warning
Large setup violation  
There is a large setup violation of -6.423 ns between u_fcbrt_core/S_Square_c_Reg_Prev_reg[2]/C (clocked by clk) and u_fcbrt_core/S_Square_s_Reg_reg[57]/D (clocked by clk). Large setup violations at the end of those stages might be difficult to fix during the post-placement implementation flow and could be the result of non-optimal XDC constraints or non-optimal design architecture
Related violations: <none>

TIMING-16#987 Warning
Large setup violation  
There is a large setup violation of -6.435 ns between u_fcbrt_preprocess/start_P_reg/C (clocked by clk) and u_fcbrt_core/Residual_s_Reg_reg[110]/D (clocked by clk). Large setup violations at the end of those stages might be difficult to fix during the post-placement implementation flow and could be the result of non-optimal XDC constraints or non-optimal design architecture
Related violations: <none>

TIMING-16#988 Warning
Large setup violation  
There is a large setup violation of -6.451 ns between u_fcbrt_preprocess/start_P_reg/C (clocked by clk) and u_fcbrt_core/Residual_s_Reg_reg[115]/D (clocked by clk). Large setup violations at the end of those stages might be difficult to fix during the post-placement implementation flow and could be the result of non-optimal XDC constraints or non-optimal design architecture
Related violations: <none>

TIMING-16#989 Warning
Large setup violation  
There is a large setup violation of -6.452 ns between u_fcbrt_core/S_Square_c_Reg_Prev_reg[2]/C (clocked by clk) and u_fcbrt_core/Residual_c_Reg_reg[44]/D (clocked by clk). Large setup violations at the end of those stages might be difficult to fix during the post-placement implementation flow and could be the result of non-optimal XDC constraints or non-optimal design architecture
Related violations: <none>

TIMING-16#990 Warning
Large setup violation  
There is a large setup violation of -6.461 ns between u_fcbrt_core/S_Square_c_Reg_Prev_reg[2]/C (clocked by clk) and u_fcbrt_core/Residual_c_Reg_reg[27]/D (clocked by clk). Large setup violations at the end of those stages might be difficult to fix during the post-placement implementation flow and could be the result of non-optimal XDC constraints or non-optimal design architecture
Related violations: <none>

TIMING-16#991 Warning
Large setup violation  
There is a large setup violation of -6.464 ns between u_fcbrt_preprocess/start_P_reg/C (clocked by clk) and u_fcbrt_core/Residual_s_Reg_reg[112]/D (clocked by clk). Large setup violations at the end of those stages might be difficult to fix during the post-placement implementation flow and could be the result of non-optimal XDC constraints or non-optimal design architecture
Related violations: <none>

TIMING-16#992 Warning
Large setup violation  
There is a large setup violation of -6.468 ns between u_fcbrt_core/S_Square_c_Reg_Prev_reg[2]/C (clocked by clk) and u_fcbrt_core/Residual_c_Reg_reg[71]/D (clocked by clk). Large setup violations at the end of those stages might be difficult to fix during the post-placement implementation flow and could be the result of non-optimal XDC constraints or non-optimal design architecture
Related violations: <none>

TIMING-16#993 Warning
Large setup violation  
There is a large setup violation of -6.474 ns between u_fcbrt_core/S_Square_c_Reg_Prev_reg[2]/C (clocked by clk) and u_fcbrt_core/Residual_s_Reg_reg[42]/D (clocked by clk). Large setup violations at the end of those stages might be difficult to fix during the post-placement implementation flow and could be the result of non-optimal XDC constraints or non-optimal design architecture
Related violations: <none>

TIMING-16#994 Warning
Large setup violation  
There is a large setup violation of -6.479 ns between u_fcbrt_core/S_Square_c_Reg_Prev_reg[2]/C (clocked by clk) and u_fcbrt_core/S_Square_s_Reg_reg[59]/D (clocked by clk). Large setup violations at the end of those stages might be difficult to fix during the post-placement implementation flow and could be the result of non-optimal XDC constraints or non-optimal design architecture
Related violations: <none>

TIMING-16#995 Warning
Large setup violation  
There is a large setup violation of -6.497 ns between u_fcbrt_preprocess/start_P_reg/C (clocked by clk) and u_fcbrt_core/Residual_s_Reg_reg[113]/D (clocked by clk). Large setup violations at the end of those stages might be difficult to fix during the post-placement implementation flow and could be the result of non-optimal XDC constraints or non-optimal design architecture
Related violations: <none>

TIMING-16#996 Warning
Large setup violation  
There is a large setup violation of -6.498 ns between u_fcbrt_core/S_Square_c_Reg_Prev_reg[2]/C (clocked by clk) and u_fcbrt_core/Residual_c_Reg_reg[24]/D (clocked by clk). Large setup violations at the end of those stages might be difficult to fix during the post-placement implementation flow and could be the result of non-optimal XDC constraints or non-optimal design architecture
Related violations: <none>

TIMING-16#997 Warning
Large setup violation  
There is a large setup violation of -6.507 ns between u_fcbrt_preprocess/start_P_reg/C (clocked by clk) and u_fcbrt_core/Residual_s_Reg_reg[111]/D (clocked by clk). Large setup violations at the end of those stages might be difficult to fix during the post-placement implementation flow and could be the result of non-optimal XDC constraints or non-optimal design architecture
Related violations: <none>

TIMING-16#998 Warning
Large setup violation  
There is a large setup violation of -6.512 ns between u_fcbrt_core/S_Square_c_Reg_Prev_reg[2]/C (clocked by clk) and u_fcbrt_core/Residual_c_Reg_reg[11]/D (clocked by clk). Large setup violations at the end of those stages might be difficult to fix during the post-placement implementation flow and could be the result of non-optimal XDC constraints or non-optimal design architecture
Related violations: <none>

TIMING-16#999 Warning
Large setup violation  
There is a large setup violation of -6.536 ns between u_fcbrt_preprocess/start_P_reg/C (clocked by clk) and u_fcbrt_core/Residual_s_Reg_reg[116]/D (clocked by clk). Large setup violations at the end of those stages might be difficult to fix during the post-placement implementation flow and could be the result of non-optimal XDC constraints or non-optimal design architecture
Related violations: <none>

TIMING-16#1000 Warning
Large setup violation  
There is a large setup violation of -6.595 ns between u_fcbrt_core/S_Square_c_Reg_Prev_reg[2]/C (clocked by clk) and u_fcbrt_core/Residual_s_Reg_reg[23]/D (clocked by clk). Large setup violations at the end of those stages might be difficult to fix during the post-placement implementation flow and could be the result of non-optimal XDC constraints or non-optimal design architecture
Related violations: <none>

TIMING-18#1 Warning
Missing input or output delay  
An input delay is missing on fmt_sel_i relative to clock(s) clk
Related violations: <none>

TIMING-18#2 Warning
Missing input or output delay  
An input delay is missing on operand_i[0] relative to clock(s) clk
Related violations: <none>

TIMING-18#3 Warning
Missing input or output delay  
An input delay is missing on operand_i[10] relative to clock(s) clk
Related violations: <none>

TIMING-18#4 Warning
Missing input or output delay  
An input delay is missing on operand_i[11] relative to clock(s) clk
Related violations: <none>

TIMING-18#5 Warning
Missing input or output delay  
An input delay is missing on operand_i[12] relative to clock(s) clk
Related violations: <none>

TIMING-18#6 Warning
Missing input or output delay  
An input delay is missing on operand_i[13] relative to clock(s) clk
Related violations: <none>

TIMING-18#7 Warning
Missing input or output delay  
An input delay is missing on operand_i[14] relative to clock(s) clk
Related violations: <none>

TIMING-18#8 Warning
Missing input or output delay  
An input delay is missing on operand_i[15] relative to clock(s) clk
Related violations: <none>

TIMING-18#9 Warning
Missing input or output delay  
An input delay is missing on operand_i[16] relative to clock(s) clk
Related violations: <none>

TIMING-18#10 Warning
Missing input or output delay  
An input delay is missing on operand_i[17] relative to clock(s) clk
Related violations: <none>

TIMING-18#11 Warning
Missing input or output delay  
An input delay is missing on operand_i[18] relative to clock(s) clk
Related violations: <none>

TIMING-18#12 Warning
Missing input or output delay  
An input delay is missing on operand_i[19] relative to clock(s) clk
Related violations: <none>

TIMING-18#13 Warning
Missing input or output delay  
An input delay is missing on operand_i[1] relative to clock(s) clk
Related violations: <none>

TIMING-18#14 Warning
Missing input or output delay  
An input delay is missing on operand_i[20] relative to clock(s) clk
Related violations: <none>

TIMING-18#15 Warning
Missing input or output delay  
An input delay is missing on operand_i[21] relative to clock(s) clk
Related violations: <none>

TIMING-18#16 Warning
Missing input or output delay  
An input delay is missing on operand_i[22] relative to clock(s) clk
Related violations: <none>

TIMING-18#17 Warning
Missing input or output delay  
An input delay is missing on operand_i[23] relative to clock(s) clk
Related violations: <none>

TIMING-18#18 Warning
Missing input or output delay  
An input delay is missing on operand_i[24] relative to clock(s) clk
Related violations: <none>

TIMING-18#19 Warning
Missing input or output delay  
An input delay is missing on operand_i[25] relative to clock(s) clk
Related violations: <none>

TIMING-18#20 Warning
Missing input or output delay  
An input delay is missing on operand_i[26] relative to clock(s) clk
Related violations: <none>

TIMING-18#21 Warning
Missing input or output delay  
An input delay is missing on operand_i[27] relative to clock(s) clk
Related violations: <none>

TIMING-18#22 Warning
Missing input or output delay  
An input delay is missing on operand_i[28] relative to clock(s) clk
Related violations: <none>

TIMING-18#23 Warning
Missing input or output delay  
An input delay is missing on operand_i[29] relative to clock(s) clk
Related violations: <none>

TIMING-18#24 Warning
Missing input or output delay  
An input delay is missing on operand_i[2] relative to clock(s) clk
Related violations: <none>

TIMING-18#25 Warning
Missing input or output delay  
An input delay is missing on operand_i[30] relative to clock(s) clk
Related violations: <none>

TIMING-18#26 Warning
Missing input or output delay  
An input delay is missing on operand_i[31] relative to clock(s) clk
Related violations: <none>

TIMING-18#27 Warning
Missing input or output delay  
An input delay is missing on operand_i[32] relative to clock(s) clk
Related violations: <none>

TIMING-18#28 Warning
Missing input or output delay  
An input delay is missing on operand_i[33] relative to clock(s) clk
Related violations: <none>

TIMING-18#29 Warning
Missing input or output delay  
An input delay is missing on operand_i[34] relative to clock(s) clk
Related violations: <none>

TIMING-18#30 Warning
Missing input or output delay  
An input delay is missing on operand_i[35] relative to clock(s) clk
Related violations: <none>

TIMING-18#31 Warning
Missing input or output delay  
An input delay is missing on operand_i[36] relative to clock(s) clk
Related violations: <none>

TIMING-18#32 Warning
Missing input or output delay  
An input delay is missing on operand_i[37] relative to clock(s) clk
Related violations: <none>

TIMING-18#33 Warning
Missing input or output delay  
An input delay is missing on operand_i[38] relative to clock(s) clk
Related violations: <none>

TIMING-18#34 Warning
Missing input or output delay  
An input delay is missing on operand_i[39] relative to clock(s) clk
Related violations: <none>

TIMING-18#35 Warning
Missing input or output delay  
An input delay is missing on operand_i[3] relative to clock(s) clk
Related violations: <none>

TIMING-18#36 Warning
Missing input or output delay  
An input delay is missing on operand_i[40] relative to clock(s) clk
Related violations: <none>

TIMING-18#37 Warning
Missing input or output delay  
An input delay is missing on operand_i[41] relative to clock(s) clk
Related violations: <none>

TIMING-18#38 Warning
Missing input or output delay  
An input delay is missing on operand_i[42] relative to clock(s) clk
Related violations: <none>

TIMING-18#39 Warning
Missing input or output delay  
An input delay is missing on operand_i[43] relative to clock(s) clk
Related violations: <none>

TIMING-18#40 Warning
Missing input or output delay  
An input delay is missing on operand_i[44] relative to clock(s) clk
Related violations: <none>

TIMING-18#41 Warning
Missing input or output delay  
An input delay is missing on operand_i[45] relative to clock(s) clk
Related violations: <none>

TIMING-18#42 Warning
Missing input or output delay  
An input delay is missing on operand_i[46] relative to clock(s) clk
Related violations: <none>

TIMING-18#43 Warning
Missing input or output delay  
An input delay is missing on operand_i[47] relative to clock(s) clk
Related violations: <none>

TIMING-18#44 Warning
Missing input or output delay  
An input delay is missing on operand_i[48] relative to clock(s) clk
Related violations: <none>

TIMING-18#45 Warning
Missing input or output delay  
An input delay is missing on operand_i[49] relative to clock(s) clk
Related violations: <none>

TIMING-18#46 Warning
Missing input or output delay  
An input delay is missing on operand_i[4] relative to clock(s) clk
Related violations: <none>

TIMING-18#47 Warning
Missing input or output delay  
An input delay is missing on operand_i[50] relative to clock(s) clk
Related violations: <none>

TIMING-18#48 Warning
Missing input or output delay  
An input delay is missing on operand_i[51] relative to clock(s) clk
Related violations: <none>

TIMING-18#49 Warning
Missing input or output delay  
An input delay is missing on operand_i[52] relative to clock(s) clk
Related violations: <none>

TIMING-18#50 Warning
Missing input or output delay  
An input delay is missing on operand_i[53] relative to clock(s) clk
Related violations: <none>

TIMING-18#51 Warning
Missing input or output delay  
An input delay is missing on operand_i[54] relative to clock(s) clk
Related violations: <none>

TIMING-18#52 Warning
Missing input or output delay  
An input delay is missing on operand_i[55] relative to clock(s) clk
Related violations: <none>

TIMING-18#53 Warning
Missing input or output delay  
An input delay is missing on operand_i[56] relative to clock(s) clk
Related violations: <none>

TIMING-18#54 Warning
Missing input or output delay  
An input delay is missing on operand_i[57] relative to clock(s) clk
Related violations: <none>

TIMING-18#55 Warning
Missing input or output delay  
An input delay is missing on operand_i[58] relative to clock(s) clk
Related violations: <none>

TIMING-18#56 Warning
Missing input or output delay  
An input delay is missing on operand_i[59] relative to clock(s) clk
Related violations: <none>

TIMING-18#57 Warning
Missing input or output delay  
An input delay is missing on operand_i[5] relative to clock(s) clk
Related violations: <none>

TIMING-18#58 Warning
Missing input or output delay  
An input delay is missing on operand_i[60] relative to clock(s) clk
Related violations: <none>

TIMING-18#59 Warning
Missing input or output delay  
An input delay is missing on operand_i[61] relative to clock(s) clk
Related violations: <none>

TIMING-18#60 Warning
Missing input or output delay  
An input delay is missing on operand_i[62] relative to clock(s) clk
Related violations: <none>

TIMING-18#61 Warning
Missing input or output delay  
An input delay is missing on operand_i[63] relative to clock(s) clk
Related violations: <none>

TIMING-18#62 Warning
Missing input or output delay  
An input delay is missing on operand_i[6] relative to clock(s) clk
Related violations: <none>

TIMING-18#63 Warning
Missing input or output delay  
An input delay is missing on operand_i[7] relative to clock(s) clk
Related violations: <none>

TIMING-18#64 Warning
Missing input or output delay  
An input delay is missing on operand_i[8] relative to clock(s) clk
Related violations: <none>

TIMING-18#65 Warning
Missing input or output delay  
An input delay is missing on operand_i[9] relative to clock(s) clk
Related violations: <none>

TIMING-18#66 Warning
Missing input or output delay  
An input delay is missing on rst_ni relative to clock(s) clk
Related violations: <none>

TIMING-18#67 Warning
Missing input or output delay  
An input delay is missing on start_i relative to clock(s) clk
Related violations: <none>

TIMING-18#68 Warning
Missing input or output delay  
An output delay is missing on done_o relative to clock(s) clk
Related violations: <none>

TIMING-18#69 Warning
Missing input or output delay  
An output delay is missing on ready_o relative to clock(s) clk
Related violations: <none>

TIMING-18#70 Warning
Missing input or output delay  
An output delay is missing on result_o[0] relative to clock(s) clk
Related violations: <none>

TIMING-18#71 Warning
Missing input or output delay  
An output delay is missing on result_o[10] relative to clock(s) clk
Related violations: <none>

TIMING-18#72 Warning
Missing input or output delay  
An output delay is missing on result_o[11] relative to clock(s) clk
Related violations: <none>

TIMING-18#73 Warning
Missing input or output delay  
An output delay is missing on result_o[12] relative to clock(s) clk
Related violations: <none>

TIMING-18#74 Warning
Missing input or output delay  
An output delay is missing on result_o[13] relative to clock(s) clk
Related violations: <none>

TIMING-18#75 Warning
Missing input or output delay  
An output delay is missing on result_o[14] relative to clock(s) clk
Related violations: <none>

TIMING-18#76 Warning
Missing input or output delay  
An output delay is missing on result_o[15] relative to clock(s) clk
Related violations: <none>

TIMING-18#77 Warning
Missing input or output delay  
An output delay is missing on result_o[16] relative to clock(s) clk
Related violations: <none>

TIMING-18#78 Warning
Missing input or output delay  
An output delay is missing on result_o[17] relative to clock(s) clk
Related violations: <none>

TIMING-18#79 Warning
Missing input or output delay  
An output delay is missing on result_o[18] relative to clock(s) clk
Related violations: <none>

TIMING-18#80 Warning
Missing input or output delay  
An output delay is missing on result_o[19] relative to clock(s) clk
Related violations: <none>

TIMING-18#81 Warning
Missing input or output delay  
An output delay is missing on result_o[1] relative to clock(s) clk
Related violations: <none>

TIMING-18#82 Warning
Missing input or output delay  
An output delay is missing on result_o[20] relative to clock(s) clk
Related violations: <none>

TIMING-18#83 Warning
Missing input or output delay  
An output delay is missing on result_o[21] relative to clock(s) clk
Related violations: <none>

TIMING-18#84 Warning
Missing input or output delay  
An output delay is missing on result_o[22] relative to clock(s) clk
Related violations: <none>

TIMING-18#85 Warning
Missing input or output delay  
An output delay is missing on result_o[23] relative to clock(s) clk
Related violations: <none>

TIMING-18#86 Warning
Missing input or output delay  
An output delay is missing on result_o[24] relative to clock(s) clk
Related violations: <none>

TIMING-18#87 Warning
Missing input or output delay  
An output delay is missing on result_o[25] relative to clock(s) clk
Related violations: <none>

TIMING-18#88 Warning
Missing input or output delay  
An output delay is missing on result_o[26] relative to clock(s) clk
Related violations: <none>

TIMING-18#89 Warning
Missing input or output delay  
An output delay is missing on result_o[27] relative to clock(s) clk
Related violations: <none>

TIMING-18#90 Warning
Missing input or output delay  
An output delay is missing on result_o[28] relative to clock(s) clk
Related violations: <none>

TIMING-18#91 Warning
Missing input or output delay  
An output delay is missing on result_o[29] relative to clock(s) clk
Related violations: <none>

TIMING-18#92 Warning
Missing input or output delay  
An output delay is missing on result_o[2] relative to clock(s) clk
Related violations: <none>

TIMING-18#93 Warning
Missing input or output delay  
An output delay is missing on result_o[30] relative to clock(s) clk
Related violations: <none>

TIMING-18#94 Warning
Missing input or output delay  
An output delay is missing on result_o[31] relative to clock(s) clk
Related violations: <none>

TIMING-18#95 Warning
Missing input or output delay  
An output delay is missing on result_o[32] relative to clock(s) clk
Related violations: <none>

TIMING-18#96 Warning
Missing input or output delay  
An output delay is missing on result_o[33] relative to clock(s) clk
Related violations: <none>

TIMING-18#97 Warning
Missing input or output delay  
An output delay is missing on result_o[34] relative to clock(s) clk
Related violations: <none>

TIMING-18#98 Warning
Missing input or output delay  
An output delay is missing on result_o[35] relative to clock(s) clk
Related violations: <none>

TIMING-18#99 Warning
Missing input or output delay  
An output delay is missing on result_o[36] relative to clock(s) clk
Related violations: <none>

TIMING-18#100 Warning
Missing input or output delay  
An output delay is missing on result_o[37] relative to clock(s) clk
Related violations: <none>

TIMING-18#101 Warning
Missing input or output delay  
An output delay is missing on result_o[38] relative to clock(s) clk
Related violations: <none>

TIMING-18#102 Warning
Missing input or output delay  
An output delay is missing on result_o[39] relative to clock(s) clk
Related violations: <none>

TIMING-18#103 Warning
Missing input or output delay  
An output delay is missing on result_o[3] relative to clock(s) clk
Related violations: <none>

TIMING-18#104 Warning
Missing input or output delay  
An output delay is missing on result_o[40] relative to clock(s) clk
Related violations: <none>

TIMING-18#105 Warning
Missing input or output delay  
An output delay is missing on result_o[41] relative to clock(s) clk
Related violations: <none>

TIMING-18#106 Warning
Missing input or output delay  
An output delay is missing on result_o[42] relative to clock(s) clk
Related violations: <none>

TIMING-18#107 Warning
Missing input or output delay  
An output delay is missing on result_o[43] relative to clock(s) clk
Related violations: <none>

TIMING-18#108 Warning
Missing input or output delay  
An output delay is missing on result_o[44] relative to clock(s) clk
Related violations: <none>

TIMING-18#109 Warning
Missing input or output delay  
An output delay is missing on result_o[45] relative to clock(s) clk
Related violations: <none>

TIMING-18#110 Warning
Missing input or output delay  
An output delay is missing on result_o[46] relative to clock(s) clk
Related violations: <none>

TIMING-18#111 Warning
Missing input or output delay  
An output delay is missing on result_o[47] relative to clock(s) clk
Related violations: <none>

TIMING-18#112 Warning
Missing input or output delay  
An output delay is missing on result_o[48] relative to clock(s) clk
Related violations: <none>

TIMING-18#113 Warning
Missing input or output delay  
An output delay is missing on result_o[49] relative to clock(s) clk
Related violations: <none>

TIMING-18#114 Warning
Missing input or output delay  
An output delay is missing on result_o[4] relative to clock(s) clk
Related violations: <none>

TIMING-18#115 Warning
Missing input or output delay  
An output delay is missing on result_o[50] relative to clock(s) clk
Related violations: <none>

TIMING-18#116 Warning
Missing input or output delay  
An output delay is missing on result_o[51] relative to clock(s) clk
Related violations: <none>

TIMING-18#117 Warning
Missing input or output delay  
An output delay is missing on result_o[52] relative to clock(s) clk
Related violations: <none>

TIMING-18#118 Warning
Missing input or output delay  
An output delay is missing on result_o[53] relative to clock(s) clk
Related violations: <none>

TIMING-18#119 Warning
Missing input or output delay  
An output delay is missing on result_o[54] relative to clock(s) clk
Related violations: <none>

TIMING-18#120 Warning
Missing input or output delay  
An output delay is missing on result_o[55] relative to clock(s) clk
Related violations: <none>

TIMING-18#121 Warning
Missing input or output delay  
An output delay is missing on result_o[56] relative to clock(s) clk
Related violations: <none>

TIMING-18#122 Warning
Missing input or output delay  
An output delay is missing on result_o[57] relative to clock(s) clk
Related violations: <none>

TIMING-18#123 Warning
Missing input or output delay  
An output delay is missing on result_o[58] relative to clock(s) clk
Related violations: <none>

TIMING-18#124 Warning
Missing input or output delay  
An output delay is missing on result_o[59] relative to clock(s) clk
Related violations: <none>

TIMING-18#125 Warning
Missing input or output delay  
An output delay is missing on result_o[5] relative to clock(s) clk
Related violations: <none>

TIMING-18#126 Warning
Missing input or output delay  
An output delay is missing on result_o[60] relative to clock(s) clk
Related violations: <none>

TIMING-18#127 Warning
Missing input or output delay  
An output delay is missing on result_o[61] relative to clock(s) clk
Related violations: <none>

TIMING-18#128 Warning
Missing input or output delay  
An output delay is missing on result_o[62] relative to clock(s) clk
Related violations: <none>

TIMING-18#129 Warning
Missing input or output delay  
An output delay is missing on result_o[63] relative to clock(s) clk
Related violations: <none>

TIMING-18#130 Warning
Missing input or output delay  
An output delay is missing on result_o[6] relative to clock(s) clk
Related violations: <none>

TIMING-18#131 Warning
Missing input or output delay  
An output delay is missing on result_o[7] relative to clock(s) clk
Related violations: <none>

TIMING-18#132 Warning
Missing input or output delay  
An output delay is missing on result_o[8] relative to clock(s) clk
Related violations: <none>

TIMING-18#133 Warning
Missing input or output delay  
An output delay is missing on result_o[9] relative to clock(s) clk
Related violations: <none>

TIMING-20#1 Warning
Non-clocked latch  
The latch u_fcbrt_preprocess/exp_operand_reg[0] cannot be properly analyzed as its control pin u_fcbrt_preprocess/exp_operand_reg[0]/G is not reached by a timing clock
Related violations: <none>

TIMING-20#2 Warning
Non-clocked latch  
The latch u_fcbrt_preprocess/exp_operand_reg[10] cannot be properly analyzed as its control pin u_fcbrt_preprocess/exp_operand_reg[10]/G is not reached by a timing clock
Related violations: <none>

TIMING-20#3 Warning
Non-clocked latch  
The latch u_fcbrt_preprocess/exp_operand_reg[1] cannot be properly analyzed as its control pin u_fcbrt_preprocess/exp_operand_reg[1]/G is not reached by a timing clock
Related violations: <none>

TIMING-20#4 Warning
Non-clocked latch  
The latch u_fcbrt_preprocess/exp_operand_reg[2] cannot be properly analyzed as its control pin u_fcbrt_preprocess/exp_operand_reg[2]/G is not reached by a timing clock
Related violations: <none>

TIMING-20#5 Warning
Non-clocked latch  
The latch u_fcbrt_preprocess/exp_operand_reg[3] cannot be properly analyzed as its control pin u_fcbrt_preprocess/exp_operand_reg[3]/G is not reached by a timing clock
Related violations: <none>

TIMING-20#6 Warning
Non-clocked latch  
The latch u_fcbrt_preprocess/exp_operand_reg[4] cannot be properly analyzed as its control pin u_fcbrt_preprocess/exp_operand_reg[4]/G is not reached by a timing clock
Related violations: <none>

TIMING-20#7 Warning
Non-clocked latch  
The latch u_fcbrt_preprocess/exp_operand_reg[5] cannot be properly analyzed as its control pin u_fcbrt_preprocess/exp_operand_reg[5]/G is not reached by a timing clock
Related violations: <none>

TIMING-20#8 Warning
Non-clocked latch  
The latch u_fcbrt_preprocess/exp_operand_reg[6] cannot be properly analyzed as its control pin u_fcbrt_preprocess/exp_operand_reg[6]/G is not reached by a timing clock
Related violations: <none>

TIMING-20#9 Warning
Non-clocked latch  
The latch u_fcbrt_preprocess/exp_operand_reg[7] cannot be properly analyzed as its control pin u_fcbrt_preprocess/exp_operand_reg[7]/G is not reached by a timing clock
Related violations: <none>

TIMING-20#10 Warning
Non-clocked latch  
The latch u_fcbrt_preprocess/exp_operand_reg[8] cannot be properly analyzed as its control pin u_fcbrt_preprocess/exp_operand_reg[8]/G is not reached by a timing clock
Related violations: <none>

TIMING-20#11 Warning
Non-clocked latch  
The latch u_fcbrt_preprocess/exp_operand_reg[9] cannot be properly analyzed as its control pin u_fcbrt_preprocess/exp_operand_reg[9]/G is not reached by a timing clock
Related violations: <none>

TIMING-20#12 Warning
Non-clocked latch  
The latch u_fcbrt_preprocess/mant_operand_nonh_reg[0] cannot be properly analyzed as its control pin u_fcbrt_preprocess/mant_operand_nonh_reg[0]/G is not reached by a timing clock
Related violations: <none>

TIMING-20#13 Warning
Non-clocked latch  
The latch u_fcbrt_preprocess/mant_operand_nonh_reg[10] cannot be properly analyzed as its control pin u_fcbrt_preprocess/mant_operand_nonh_reg[10]/G is not reached by a timing clock
Related violations: <none>

TIMING-20#14 Warning
Non-clocked latch  
The latch u_fcbrt_preprocess/mant_operand_nonh_reg[11] cannot be properly analyzed as its control pin u_fcbrt_preprocess/mant_operand_nonh_reg[11]/G is not reached by a timing clock
Related violations: <none>

TIMING-20#15 Warning
Non-clocked latch  
The latch u_fcbrt_preprocess/mant_operand_nonh_reg[12] cannot be properly analyzed as its control pin u_fcbrt_preprocess/mant_operand_nonh_reg[12]/G is not reached by a timing clock
Related violations: <none>

TIMING-20#16 Warning
Non-clocked latch  
The latch u_fcbrt_preprocess/mant_operand_nonh_reg[13] cannot be properly analyzed as its control pin u_fcbrt_preprocess/mant_operand_nonh_reg[13]/G is not reached by a timing clock
Related violations: <none>

TIMING-20#17 Warning
Non-clocked latch  
The latch u_fcbrt_preprocess/mant_operand_nonh_reg[14] cannot be properly analyzed as its control pin u_fcbrt_preprocess/mant_operand_nonh_reg[14]/G is not reached by a timing clock
Related violations: <none>

TIMING-20#18 Warning
Non-clocked latch  
The latch u_fcbrt_preprocess/mant_operand_nonh_reg[15] cannot be properly analyzed as its control pin u_fcbrt_preprocess/mant_operand_nonh_reg[15]/G is not reached by a timing clock
Related violations: <none>

TIMING-20#19 Warning
Non-clocked latch  
The latch u_fcbrt_preprocess/mant_operand_nonh_reg[16] cannot be properly analyzed as its control pin u_fcbrt_preprocess/mant_operand_nonh_reg[16]/G is not reached by a timing clock
Related violations: <none>

TIMING-20#20 Warning
Non-clocked latch  
The latch u_fcbrt_preprocess/mant_operand_nonh_reg[17] cannot be properly analyzed as its control pin u_fcbrt_preprocess/mant_operand_nonh_reg[17]/G is not reached by a timing clock
Related violations: <none>

TIMING-20#21 Warning
Non-clocked latch  
The latch u_fcbrt_preprocess/mant_operand_nonh_reg[18] cannot be properly analyzed as its control pin u_fcbrt_preprocess/mant_operand_nonh_reg[18]/G is not reached by a timing clock
Related violations: <none>

TIMING-20#22 Warning
Non-clocked latch  
The latch u_fcbrt_preprocess/mant_operand_nonh_reg[19] cannot be properly analyzed as its control pin u_fcbrt_preprocess/mant_operand_nonh_reg[19]/G is not reached by a timing clock
Related violations: <none>

TIMING-20#23 Warning
Non-clocked latch  
The latch u_fcbrt_preprocess/mant_operand_nonh_reg[1] cannot be properly analyzed as its control pin u_fcbrt_preprocess/mant_operand_nonh_reg[1]/G is not reached by a timing clock
Related violations: <none>

TIMING-20#24 Warning
Non-clocked latch  
The latch u_fcbrt_preprocess/mant_operand_nonh_reg[20] cannot be properly analyzed as its control pin u_fcbrt_preprocess/mant_operand_nonh_reg[20]/G is not reached by a timing clock
Related violations: <none>

TIMING-20#25 Warning
Non-clocked latch  
The latch u_fcbrt_preprocess/mant_operand_nonh_reg[21] cannot be properly analyzed as its control pin u_fcbrt_preprocess/mant_operand_nonh_reg[21]/G is not reached by a timing clock
Related violations: <none>

TIMING-20#26 Warning
Non-clocked latch  
The latch u_fcbrt_preprocess/mant_operand_nonh_reg[22] cannot be properly analyzed as its control pin u_fcbrt_preprocess/mant_operand_nonh_reg[22]/G is not reached by a timing clock
Related violations: <none>

TIMING-20#27 Warning
Non-clocked latch  
The latch u_fcbrt_preprocess/mant_operand_nonh_reg[23] cannot be properly analyzed as its control pin u_fcbrt_preprocess/mant_operand_nonh_reg[23]/G is not reached by a timing clock
Related violations: <none>

TIMING-20#28 Warning
Non-clocked latch  
The latch u_fcbrt_preprocess/mant_operand_nonh_reg[24] cannot be properly analyzed as its control pin u_fcbrt_preprocess/mant_operand_nonh_reg[24]/G is not reached by a timing clock
Related violations: <none>

TIMING-20#29 Warning
Non-clocked latch  
The latch u_fcbrt_preprocess/mant_operand_nonh_reg[25] cannot be properly analyzed as its control pin u_fcbrt_preprocess/mant_operand_nonh_reg[25]/G is not reached by a timing clock
Related violations: <none>

TIMING-20#30 Warning
Non-clocked latch  
The latch u_fcbrt_preprocess/mant_operand_nonh_reg[26] cannot be properly analyzed as its control pin u_fcbrt_preprocess/mant_operand_nonh_reg[26]/G is not reached by a timing clock
Related violations: <none>

TIMING-20#31 Warning
Non-clocked latch  
The latch u_fcbrt_preprocess/mant_operand_nonh_reg[27] cannot be properly analyzed as its control pin u_fcbrt_preprocess/mant_operand_nonh_reg[27]/G is not reached by a timing clock
Related violations: <none>

TIMING-20#32 Warning
Non-clocked latch  
The latch u_fcbrt_preprocess/mant_operand_nonh_reg[28] cannot be properly analyzed as its control pin u_fcbrt_preprocess/mant_operand_nonh_reg[28]/G is not reached by a timing clock
Related violations: <none>

TIMING-20#33 Warning
Non-clocked latch  
The latch u_fcbrt_preprocess/mant_operand_nonh_reg[29] cannot be properly analyzed as its control pin u_fcbrt_preprocess/mant_operand_nonh_reg[29]/G is not reached by a timing clock
Related violations: <none>

TIMING-20#34 Warning
Non-clocked latch  
The latch u_fcbrt_preprocess/mant_operand_nonh_reg[2] cannot be properly analyzed as its control pin u_fcbrt_preprocess/mant_operand_nonh_reg[2]/G is not reached by a timing clock
Related violations: <none>

TIMING-20#35 Warning
Non-clocked latch  
The latch u_fcbrt_preprocess/mant_operand_nonh_reg[30] cannot be properly analyzed as its control pin u_fcbrt_preprocess/mant_operand_nonh_reg[30]/G is not reached by a timing clock
Related violations: <none>

TIMING-20#36 Warning
Non-clocked latch  
The latch u_fcbrt_preprocess/mant_operand_nonh_reg[31] cannot be properly analyzed as its control pin u_fcbrt_preprocess/mant_operand_nonh_reg[31]/G is not reached by a timing clock
Related violations: <none>

TIMING-20#37 Warning
Non-clocked latch  
The latch u_fcbrt_preprocess/mant_operand_nonh_reg[32] cannot be properly analyzed as its control pin u_fcbrt_preprocess/mant_operand_nonh_reg[32]/G is not reached by a timing clock
Related violations: <none>

TIMING-20#38 Warning
Non-clocked latch  
The latch u_fcbrt_preprocess/mant_operand_nonh_reg[33] cannot be properly analyzed as its control pin u_fcbrt_preprocess/mant_operand_nonh_reg[33]/G is not reached by a timing clock
Related violations: <none>

TIMING-20#39 Warning
Non-clocked latch  
The latch u_fcbrt_preprocess/mant_operand_nonh_reg[34] cannot be properly analyzed as its control pin u_fcbrt_preprocess/mant_operand_nonh_reg[34]/G is not reached by a timing clock
Related violations: <none>

TIMING-20#40 Warning
Non-clocked latch  
The latch u_fcbrt_preprocess/mant_operand_nonh_reg[35] cannot be properly analyzed as its control pin u_fcbrt_preprocess/mant_operand_nonh_reg[35]/G is not reached by a timing clock
Related violations: <none>

TIMING-20#41 Warning
Non-clocked latch  
The latch u_fcbrt_preprocess/mant_operand_nonh_reg[36] cannot be properly analyzed as its control pin u_fcbrt_preprocess/mant_operand_nonh_reg[36]/G is not reached by a timing clock
Related violations: <none>

TIMING-20#42 Warning
Non-clocked latch  
The latch u_fcbrt_preprocess/mant_operand_nonh_reg[37] cannot be properly analyzed as its control pin u_fcbrt_preprocess/mant_operand_nonh_reg[37]/G is not reached by a timing clock
Related violations: <none>

TIMING-20#43 Warning
Non-clocked latch  
The latch u_fcbrt_preprocess/mant_operand_nonh_reg[38] cannot be properly analyzed as its control pin u_fcbrt_preprocess/mant_operand_nonh_reg[38]/G is not reached by a timing clock
Related violations: <none>

TIMING-20#44 Warning
Non-clocked latch  
The latch u_fcbrt_preprocess/mant_operand_nonh_reg[39] cannot be properly analyzed as its control pin u_fcbrt_preprocess/mant_operand_nonh_reg[39]/G is not reached by a timing clock
Related violations: <none>

TIMING-20#45 Warning
Non-clocked latch  
The latch u_fcbrt_preprocess/mant_operand_nonh_reg[3] cannot be properly analyzed as its control pin u_fcbrt_preprocess/mant_operand_nonh_reg[3]/G is not reached by a timing clock
Related violations: <none>

TIMING-20#46 Warning
Non-clocked latch  
The latch u_fcbrt_preprocess/mant_operand_nonh_reg[40] cannot be properly analyzed as its control pin u_fcbrt_preprocess/mant_operand_nonh_reg[40]/G is not reached by a timing clock
Related violations: <none>

TIMING-20#47 Warning
Non-clocked latch  
The latch u_fcbrt_preprocess/mant_operand_nonh_reg[41] cannot be properly analyzed as its control pin u_fcbrt_preprocess/mant_operand_nonh_reg[41]/G is not reached by a timing clock
Related violations: <none>

TIMING-20#48 Warning
Non-clocked latch  
The latch u_fcbrt_preprocess/mant_operand_nonh_reg[42] cannot be properly analyzed as its control pin u_fcbrt_preprocess/mant_operand_nonh_reg[42]/G is not reached by a timing clock
Related violations: <none>

TIMING-20#49 Warning
Non-clocked latch  
The latch u_fcbrt_preprocess/mant_operand_nonh_reg[43] cannot be properly analyzed as its control pin u_fcbrt_preprocess/mant_operand_nonh_reg[43]/G is not reached by a timing clock
Related violations: <none>

TIMING-20#50 Warning
Non-clocked latch  
The latch u_fcbrt_preprocess/mant_operand_nonh_reg[44] cannot be properly analyzed as its control pin u_fcbrt_preprocess/mant_operand_nonh_reg[44]/G is not reached by a timing clock
Related violations: <none>

TIMING-20#51 Warning
Non-clocked latch  
The latch u_fcbrt_preprocess/mant_operand_nonh_reg[45] cannot be properly analyzed as its control pin u_fcbrt_preprocess/mant_operand_nonh_reg[45]/G is not reached by a timing clock
Related violations: <none>

TIMING-20#52 Warning
Non-clocked latch  
The latch u_fcbrt_preprocess/mant_operand_nonh_reg[46] cannot be properly analyzed as its control pin u_fcbrt_preprocess/mant_operand_nonh_reg[46]/G is not reached by a timing clock
Related violations: <none>

TIMING-20#53 Warning
Non-clocked latch  
The latch u_fcbrt_preprocess/mant_operand_nonh_reg[47] cannot be properly analyzed as its control pin u_fcbrt_preprocess/mant_operand_nonh_reg[47]/G is not reached by a timing clock
Related violations: <none>

TIMING-20#54 Warning
Non-clocked latch  
The latch u_fcbrt_preprocess/mant_operand_nonh_reg[48] cannot be properly analyzed as its control pin u_fcbrt_preprocess/mant_operand_nonh_reg[48]/G is not reached by a timing clock
Related violations: <none>

TIMING-20#55 Warning
Non-clocked latch  
The latch u_fcbrt_preprocess/mant_operand_nonh_reg[49] cannot be properly analyzed as its control pin u_fcbrt_preprocess/mant_operand_nonh_reg[49]/G is not reached by a timing clock
Related violations: <none>

TIMING-20#56 Warning
Non-clocked latch  
The latch u_fcbrt_preprocess/mant_operand_nonh_reg[4] cannot be properly analyzed as its control pin u_fcbrt_preprocess/mant_operand_nonh_reg[4]/G is not reached by a timing clock
Related violations: <none>

TIMING-20#57 Warning
Non-clocked latch  
The latch u_fcbrt_preprocess/mant_operand_nonh_reg[50] cannot be properly analyzed as its control pin u_fcbrt_preprocess/mant_operand_nonh_reg[50]/G is not reached by a timing clock
Related violations: <none>

TIMING-20#58 Warning
Non-clocked latch  
The latch u_fcbrt_preprocess/mant_operand_nonh_reg[51] cannot be properly analyzed as its control pin u_fcbrt_preprocess/mant_operand_nonh_reg[51]/G is not reached by a timing clock
Related violations: <none>

TIMING-20#59 Warning
Non-clocked latch  
The latch u_fcbrt_preprocess/mant_operand_nonh_reg[5] cannot be properly analyzed as its control pin u_fcbrt_preprocess/mant_operand_nonh_reg[5]/G is not reached by a timing clock
Related violations: <none>

TIMING-20#60 Warning
Non-clocked latch  
The latch u_fcbrt_preprocess/mant_operand_nonh_reg[6] cannot be properly analyzed as its control pin u_fcbrt_preprocess/mant_operand_nonh_reg[6]/G is not reached by a timing clock
Related violations: <none>

TIMING-20#61 Warning
Non-clocked latch  
The latch u_fcbrt_preprocess/mant_operand_nonh_reg[7] cannot be properly analyzed as its control pin u_fcbrt_preprocess/mant_operand_nonh_reg[7]/G is not reached by a timing clock
Related violations: <none>

TIMING-20#62 Warning
Non-clocked latch  
The latch u_fcbrt_preprocess/mant_operand_nonh_reg[8] cannot be properly analyzed as its control pin u_fcbrt_preprocess/mant_operand_nonh_reg[8]/G is not reached by a timing clock
Related violations: <none>

TIMING-20#63 Warning
Non-clocked latch  
The latch u_fcbrt_preprocess/mant_operand_nonh_reg[9] cannot be properly analyzed as its control pin u_fcbrt_preprocess/mant_operand_nonh_reg[9]/G is not reached by a timing clock
Related violations: <none>


